warning: The `fitz` API is deprecated and will be removed in future. Use `import pymupdf` instead.
[UNIMERNET] py = C:\Users\l.ilyintseva\Desktop\RAG-system\.venv-unimernet\Scripts\python.exe
[UNIMERNET] cfg = .\data\models\unimernet\unimernet_tiny.yaml
[UNIMERNET] proc started, waiting for ready
[UNIMERNET] stdout line = 'CustomVisionEncoderDecoderModel init\n'
[UNIMERNET] stdout line = 'VariableUnimerNetModel init\n'
[UNIMERNET] stdout line = 'VariableUnimerNetPatchEmbeddings init\n'
[UNIMERNET] stdout line = 'VariableUnimerNetModel init\n'
[UNIMERNET] stdout line = 'VariableUnimerNetPatchEmbeddings init\n'
[UNIMERNET] stdout line = 'CustomMBartForCausalLM init\n'
[UNIMERNET] stdout line = 'CustomMBartDecoder init\n'
[UNIMERNET] stdout line = '{"ready": true}\n'
2026-09-24T12:59:24.649581Z [info     ] regions_page                   doc_id='РЦ AC 29-2C_2013г' page=1
python.exe : [INFO] 2026-09-24 15:59:25,017 [RapidOCR] base.py:23: Using engine_name: onnxruntime
строка:22 знак:9
+         & $PythonMain @cmdArgs 2>&1 | Out-File -FilePath $log -Encodi ...
+         ~~~~~~~~~~~~~~~~~~~~~~~~~~~
    + CategoryInfo          : NotSpecified: ([INFO] 2026-09-...me: onnxruntime:String) [], RemoteException
    + FullyQualifiedErrorId : NativeCommandError
 
[INFO] 2026-09-24 15:59:25,099 [RapidOCR] main.py:63: Using C:\Users\l.ilyintseva\Desktop\RAG-system\data\models\ocr\ch_PP-OCRv5_det_mobi
le.onnx
[INFO] 2026-09-24 15:59:25,167 [RapidOCR] base.py:23: Using engine_name: onnxruntime
[INFO] 2026-09-24 15:59:25,167 [RapidOCR] main.py:63: Using C:\Users\l.ilyintseva\Desktop\RAG-system\data\models\ocr\ch_ppocr_mobile_v2.0
_cls_mobile.onnx
[INFO] 2026-09-24 15:59:25,242 [RapidOCR] base.py:23: Using engine_name: onnxruntime
[INFO] 2026-09-24 15:59:25,242 [RapidOCR] main.py:63: Using C:\Users\l.ilyintseva\Desktop\RAG-system\data\models\ocr\cyrillic_PP-OCRv5_re
c_mobile.onnx
[INFO] 2026-09-24 15:59:28,546 [RapidOCR] base.py:23: Using engine_name: onnxruntime
[INFO] 2026-09-24 15:59:28,546 [RapidOCR] main.py:63: Using C:\Users\l.ilyintseva\Desktop\RAG-system\data\models\ocr\ch_PP-OCRv5_det_mobi
le.onnx
[INFO] 2026-09-24 15:59:28,649 [RapidOCR] base.py:23: Using engine_name: onnxruntime
[INFO] 2026-09-24 15:59:28,649 [RapidOCR] main.py:63: Using C:\Users\l.ilyintseva\Desktop\RAG-system\data\models\ocr\ch_ppocr_mobile_v2.0
_cls_mobile.onnx
[INFO] 2026-09-24 15:59:28,735 [RapidOCR] base.py:23: Using engine_name: onnxruntime
[INFO] 2026-09-24 15:59:28,735 [RapidOCR] main.py:63: Using C:\Users\l.ilyintseva\Desktop\RAG-system\data\models\ocr\latin_PP-OCRv5_rec_m
obile.onnx
[INFO] 2026-09-24 15:59:32,307 [RapidOCR] base.py:23: Using engine_name: onnxruntime
[INFO] 2026-09-24 15:59:32,307 [RapidOCR] main.py:63: Using C:\Users\l.ilyintseva\Desktop\RAG-system\data\models\ocr\ch_PP-OCRv5_det_mobi
le.onnx
[INFO] 2026-09-24 15:59:32,400 [RapidOCR] base.py:23: Using engine_name: onnxruntime
[INFO] 2026-09-24 15:59:32,400 [RapidOCR] main.py:63: Using C:\Users\l.ilyintseva\Desktop\RAG-system\data\models\ocr\ch_ppocr_mobile_v2.0
_cls_mobile.onnx
[INFO] 2026-09-24 15:59:32,481 [RapidOCR] base.py:23: Using engine_name: onnxruntime
[INFO] 2026-09-24 15:59:32,481 [RapidOCR] main.py:63: Using C:\Users\l.ilyintseva\Desktop\RAG-system\data\models\ocr\el_PP-OCRv5_rec_mobi
le.onnx
2026-09-24T12:59:36.588209Z [info     ] regions_page                   doc_id='РЦ AC 29-2C_2013г' page=2
2026-09-24T12:59:45.360444Z [info     ] regions_page                   doc_id='РЦ AC 29-2C_2013г' page=3
2026-09-24T12:59:54.730892Z [info     ] regions_page                   doc_id='РЦ AC 29-2C_2013г' page=4
2026-09-24T12:59:54.795927Z [info     ] regions_page                   doc_id='РЦ AC 29-2C_2013г' page=5
2026-09-24T12:59:54.863959Z [info     ] regions_page                   doc_id='РЦ AC 29-2C_2013г' page=6
2026-09-24T12:59:54.929505Z [info     ] regions_page                   doc_id='РЦ AC 29-2C_2013г' page=7
2026-09-24T13:00:03.715202Z [info     ] regions_page                   doc_id='РЦ AC 29-2C_2013г' page=8
2026-09-24T13:00:03.798250Z [info     ] regions_page                   doc_id='РЦ AC 29-2C_2013г' page=9
2026-09-24T13:00:04.122200Z [info     ] regions_page                   doc_id='РЦ AC 29-2C_2013г' page=10
2026-09-24T13:00:04.294002Z [info     ] regions_page                   doc_id='РЦ AC 29-2C_2013г' page=11
2026-09-24T13:00:13.559846Z [info     ] regions_page                   doc_id='РЦ AC 29-2C_2013г' page=12
2026-09-24T13:00:23.236323Z [info     ] regions_page                   doc_id='РЦ AC 29-2C_2013г' page=13
2026-09-24T13:00:32.555023Z [info     ] regions_page                   doc_id='РЦ AC 29-2C_2013г' page=14
2026-09-24T13:00:42.494490Z [info     ] regions_page                   doc_id='РЦ AC 29-2C_2013г' page=15
2026-09-24T13:00:58.855688Z [info     ] regions_page                   doc_id='РЦ AC 29-2C_2013г' page=16
2026-09-24T13:01:06.607010Z [info     ] regions_page                   doc_id='РЦ AC 29-2C_2013г' page=17
2026-09-24T13:01:06.709060Z [info     ] regions_page                   doc_id='РЦ AC 29-2C_2013г' page=18
2026-09-24T13:01:06.779091Z [info     ] regions_page                   doc_id='РЦ AC 29-2C_2013г' page=19
2026-09-24T13:01:06.848127Z [info     ] regions_page                   doc_id='РЦ AC 29-2C_2013г' page=20
2026-09-24T13:01:06.915159Z [info     ] regions_page                   doc_id='РЦ AC 29-2C_2013г' page=21
2026-09-24T13:01:06.989236Z [info     ] regions_page                   doc_id='РЦ AC 29-2C_2013г' page=22
2026-09-24T13:01:07.057869Z [info     ] regions_page                   doc_id='РЦ AC 29-2C_2013г' page=23
2026-09-24T13:01:07.116978Z [info     ] regions_page                   doc_id='РЦ AC 29-2C_2013г' page=24
2026-09-24T13:01:07.176164Z [info     ] regions_page                   doc_id='РЦ AC 29-2C_2013г' page=25
2026-09-24T13:01:07.235892Z [info     ] regions_page                   doc_id='РЦ AC 29-2C_2013г' page=26
2026-09-24T13:01:07.294131Z [info     ] regions_page                   doc_id='РЦ AC 29-2C_2013г' page=27
2026-09-24T13:01:07.352249Z [info     ] regions_page                   doc_id='РЦ AC 29-2C_2013г' page=28
2026-09-24T13:01:07.411111Z [info     ] regions_page                   doc_id='РЦ AC 29-2C_2013г' page=29
2026-09-24T13:01:07.469867Z [info     ] regions_page                   doc_id='РЦ AC 29-2C_2013г' page=30
2026-09-24T13:01:07.527980Z [info     ] regions_page                   doc_id='РЦ AC 29-2C_2013г' page=31
2026-09-24T13:01:17.680547Z [info     ] regions_page                   doc_id='РЦ AC 29-2C_2013г' page=32
2026-09-24T13:01:26.335677Z [info     ] regions_page                   doc_id='РЦ AC 29-2C_2013г' page=33
2026-09-24T13:01:35.573812Z [info     ] regions_page                   doc_id='РЦ AC 29-2C_2013г' page=34
2026-09-24T13:01:45.260243Z [info     ] regions_page                   doc_id='РЦ AC 29-2C_2013г' page=35
2026-09-24T13:01:54.161596Z [info     ] regions_page                   doc_id='РЦ AC 29-2C_2013г' page=36
2026-09-24T13:02:02.825507Z [info     ] regions_page                   doc_id='РЦ AC 29-2C_2013г' page=37
2026-09-24T13:02:09.054663Z [info     ] regions_page                   doc_id='РЦ AC 29-2C_2013г' page=38
2026-09-24T13:02:09.134711Z [info     ] regions_page                   doc_id='РЦ AC 29-2C_2013г' page=39
2026-09-24T13:02:09.209763Z [info     ] regions_page                   doc_id='РЦ AC 29-2C_2013г' page=40
2026-09-24T13:02:09.280781Z [info     ] regions_page                   doc_id='РЦ AC 29-2C_2013г' page=41
2026-09-24T13:02:09.350820Z [info     ] regions_page                   doc_id='РЦ AC 29-2C_2013г' page=42
2026-09-24T13:02:09.415861Z [info     ] regions_page                   doc_id='РЦ AC 29-2C_2013г' page=43
2026-09-24T13:02:09.487896Z [info     ] regions_page                   doc_id='РЦ AC 29-2C_2013г' page=44
2026-09-24T13:02:09.547046Z [info     ] regions_page                   doc_id='РЦ AC 29-2C_2013г' page=45
2026-09-24T13:02:09.607604Z [info     ] regions_page                   doc_id='РЦ AC 29-2C_2013г' page=46
2026-09-24T13:02:09.668154Z [info     ] regions_page                   doc_id='РЦ AC 29-2C_2013г' page=47
2026-09-24T13:02:09.724184Z [info     ] regions_page                   doc_id='РЦ AC 29-2C_2013г' page=48
2026-09-24T13:02:09.783200Z [info     ] regions_page                   doc_id='РЦ AC 29-2C_2013г' page=49
2026-09-24T13:02:09.841243Z [info     ] regions_page                   doc_id='РЦ AC 29-2C_2013г' page=50
2026-09-24T13:02:09.897327Z [info     ] regions_page                   doc_id='РЦ AC 29-2C_2013г' page=51
2026-09-24T13:02:09.956150Z [info     ] regions_page                   doc_id='РЦ AC 29-2C_2013г' page=52
2026-09-24T13:02:10.020958Z [info     ] regions_page                   doc_id='РЦ AC 29-2C_2013г' page=53
2026-09-24T13:02:10.080869Z [info     ] regions_page                   doc_id='РЦ AC 29-2C_2013г' page=54
2026-09-24T13:02:10.156984Z [info     ] regions_page                   doc_id='РЦ AC 29-2C_2013г' page=55
2026-09-24T13:02:10.219943Z [info     ] regions_page                   doc_id='РЦ AC 29-2C_2013г' page=56
2026-09-24T13:02:21.711398Z [info     ] regions_page                   doc_id='РЦ AC 29-2C_2013г' page=57
2026-09-24T13:02:21.789603Z [info     ] regions_page                   doc_id='РЦ AC 29-2C_2013г' page=58
2026-09-24T13:02:21.862527Z [info     ] regions_page                   doc_id='РЦ AC 29-2C_2013г' page=59
2026-09-24T13:02:21.931356Z [info     ] regions_page                   doc_id='РЦ AC 29-2C_2013г' page=60
2026-09-24T13:02:22.006630Z [info     ] regions_page                   doc_id='РЦ AC 29-2C_2013г' page=61
2026-09-24T13:02:22.074369Z [info     ] regions_page                   doc_id='РЦ AC 29-2C_2013г' page=62
2026-09-24T13:02:22.145405Z [info     ] regions_page                   doc_id='РЦ AC 29-2C_2013г' page=63
2026-09-24T13:02:22.207409Z [info     ] regions_page                   doc_id='РЦ AC 29-2C_2013г' page=64
2026-09-24T13:02:22.269456Z [info     ] regions_page                   doc_id='РЦ AC 29-2C_2013г' page=65
2026-09-24T13:02:22.331539Z [info     ] regions_page                   doc_id='РЦ AC 29-2C_2013г' page=66
2026-09-24T13:02:22.392559Z [info     ] regions_page                   doc_id='РЦ AC 29-2C_2013г' page=67
2026-09-24T13:02:22.448497Z [info     ] regions_page                   doc_id='РЦ AC 29-2C_2013г' page=68
2026-09-24T13:02:29.005589Z [info     ] regions_page                   doc_id='РЦ AC 29-2C_2013г' page=69
2026-09-24T13:02:39.385238Z [info     ] regions_page                   doc_id='РЦ AC 29-2C_2013г' page=70
2026-09-24T13:02:45.927407Z [info     ] regions_page                   doc_id='РЦ AC 29-2C_2013г' page=71
2026-09-24T13:02:51.840225Z [info     ] regions_page                   doc_id='РЦ AC 29-2C_2013г' page=72
2026-09-24T13:02:57.069155Z [info     ] regions_page                   doc_id='РЦ AC 29-2C_2013г' page=73
2026-09-24T13:03:03.709794Z [info     ] regions_page                   doc_id='РЦ AC 29-2C_2013г' page=74
2026-09-24T13:03:03.790838Z [info     ] regions_page                   doc_id='РЦ AC 29-2C_2013г' page=75
2026-09-24T13:03:03.866980Z [info     ] regions_page                   doc_id='РЦ AC 29-2C_2013г' page=76
2026-09-24T13:03:03.943548Z [info     ] regions_page                   doc_id='РЦ AC 29-2C_2013г' page=77
2026-09-24T13:03:04.014619Z [info     ] regions_page                   doc_id='РЦ AC 29-2C_2013г' page=78
2026-09-24T13:03:04.354533Z [info     ] regions_page                   doc_id='РЦ AC 29-2C_2013г' page=79
2026-09-24T13:03:17.055109Z [info     ] regions_page                   doc_id='РЦ AC 29-2C_2013г' page=80
2026-09-24T13:03:24.527392Z [info     ] regions_page                   doc_id='РЦ AC 29-2C_2013г' page=81
2026-09-24T13:03:24.612517Z [info     ] regions_page                   doc_id='РЦ AC 29-2C_2013г' page=82
2026-09-24T13:03:31.710456Z [info     ] regions_page                   doc_id='РЦ AC 29-2C_2013г' page=83
2026-09-24T13:03:31.787479Z [info     ] regions_page                   doc_id='РЦ AC 29-2C_2013г' page=84
2026-09-24T13:03:31.864594Z [info     ] regions_page                   doc_id='РЦ AC 29-2C_2013г' page=85
2026-09-24T13:03:31.934641Z [info     ] regions_page                   doc_id='РЦ AC 29-2C_2013г' page=86
2026-09-24T13:03:32.005888Z [info     ] regions_page                   doc_id='РЦ AC 29-2C_2013г' page=87
2026-09-24T13:03:32.076493Z [info     ] regions_page                   doc_id='РЦ AC 29-2C_2013г' page=88
2026-09-24T13:03:32.147452Z [info     ] regions_page                   doc_id='РЦ AC 29-2C_2013г' page=89
2026-09-24T13:03:32.208974Z [info     ] regions_page                   doc_id='РЦ AC 29-2C_2013г' page=90
2026-09-24T13:03:32.266758Z [info     ] regions_page                   doc_id='РЦ AC 29-2C_2013г' page=91
2026-09-24T13:03:38.054911Z [info     ] regions_page                   doc_id='РЦ AC 29-2C_2013г' page=92
2026-09-24T13:03:42.926886Z [info     ] regions_page                   doc_id='РЦ AC 29-2C_2013г' page=93
2026-09-24T13:03:43.047702Z [info     ] regions_page                   doc_id='РЦ AC 29-2C_2013г' page=94
2026-09-24T13:03:43.129784Z [info     ] regions_page                   doc_id='РЦ AC 29-2C_2013г' page=95
2026-09-24T13:03:43.201814Z [info     ] regions_page                   doc_id='РЦ AC 29-2C_2013г' page=96
2026-09-24T13:03:43.272856Z [info     ] regions_page                   doc_id='РЦ AC 29-2C_2013г' page=97
2026-09-24T13:03:43.348890Z [info     ] regions_page                   doc_id='РЦ AC 29-2C_2013г' page=98
2026-09-24T13:03:43.414974Z [info     ] regions_page                   doc_id='РЦ AC 29-2C_2013г' page=99
2026-09-24T13:03:43.479976Z [info     ] regions_page                   doc_id='РЦ AC 29-2C_2013г' page=100
2026-09-24T13:03:58.045303Z [info     ] regions_page                   doc_id='РЦ AC 29-2C_2013г' page=101
2026-09-24T13:04:10.401892Z [info     ] regions_page                   doc_id='РЦ AC 29-2C_2013г' page=102
2026-09-24T13:04:16.273929Z [info     ] regions_page                   doc_id='РЦ AC 29-2C_2013г' page=103
2026-09-24T13:04:22.883253Z [info     ] regions_page                   doc_id='РЦ AC 29-2C_2013г' page=104
2026-09-24T13:04:22.951782Z [info     ] regions_page                   doc_id='РЦ AC 29-2C_2013г' page=105
2026-09-24T13:04:23.024324Z [info     ] regions_page                   doc_id='РЦ AC 29-2C_2013г' page=106
2026-09-24T13:04:27.814454Z [info     ] regions_page                   doc_id='РЦ AC 29-2C_2013г' page=107
2026-09-24T13:04:27.924542Z [info     ] regions_page                   doc_id='РЦ AC 29-2C_2013г' page=108
2026-09-24T13:04:27.995248Z [info     ] regions_page                   doc_id='РЦ AC 29-2C_2013г' page=109
2026-09-24T13:04:28.068778Z [info     ] regions_page                   doc_id='РЦ AC 29-2C_2013г' page=110
2026-09-24T13:04:28.138311Z [info     ] regions_page                   doc_id='РЦ AC 29-2C_2013г' page=111
2026-09-24T13:04:28.206440Z [info     ] regions_page                   doc_id='РЦ AC 29-2C_2013г' page=112
2026-09-24T13:04:28.274432Z [info     ] regions_page                   doc_id='РЦ AC 29-2C_2013г' page=113
2026-09-24T13:04:28.334451Z [info     ] regions_page                   doc_id='РЦ AC 29-2C_2013г' page=114
2026-09-24T13:04:28.394918Z [info     ] regions_page                   doc_id='РЦ AC 29-2C_2013г' page=115
2026-09-24T13:04:33.735525Z [info     ] regions_page                   doc_id='РЦ AC 29-2C_2013г' page=116
2026-09-24T13:04:33.807553Z [info     ] regions_page                   doc_id='РЦ AC 29-2C_2013г' page=117
2026-09-24T13:04:33.892597Z [info     ] regions_page                   doc_id='РЦ AC 29-2C_2013г' page=118
2026-09-24T13:04:33.963629Z [info     ] regions_page                   doc_id='РЦ AC 29-2C_2013г' page=119
2026-09-24T13:04:34.035660Z [info     ] regions_page                   doc_id='РЦ AC 29-2C_2013г' page=120
2026-09-24T13:04:34.108373Z [info     ] regions_page                   doc_id='РЦ AC 29-2C_2013г' page=121
2026-09-24T13:04:34.262010Z [info     ] regions_page                   doc_id='РЦ AC 29-2C_2013г' page=122
Ignoring parse error (tolerant parsing mode): Unexpected mismatching closing brace: '}' @(1,2284)
2026-09-24T13:05:05.143674Z [info     ] regions_page                   doc_id='РЦ AC 29-2C_2013г' page=123
2026-09-24T13:05:05.211885Z [info     ] regions_page                   doc_id='РЦ AC 29-2C_2013г' page=124
2026-09-24T13:05:05.281614Z [info     ] regions_page                   doc_id='РЦ AC 29-2C_2013г' page=125
2026-09-24T13:05:10.887568Z [info     ] regions_page                   doc_id='РЦ AC 29-2C_2013г' page=126
2026-09-24T13:05:15.885724Z [info     ] regions_page                   doc_id='РЦ AC 29-2C_2013г' page=127
2026-09-24T13:05:16.005275Z [info     ] regions_page                   doc_id='РЦ AC 29-2C_2013г' page=128
2026-09-24T13:05:16.081808Z [info     ] regions_page                   doc_id='РЦ AC 29-2C_2013г' page=129
2026-09-24T13:05:16.158866Z [info     ] regions_page                   doc_id='РЦ AC 29-2C_2013г' page=130
2026-09-24T13:05:16.230898Z [info     ] regions_page                   doc_id='РЦ AC 29-2C_2013г' page=131
2026-09-24T13:05:37.563426Z [info     ] regions_page                   doc_id='РЦ AC 29-2C_2013г' page=132
2026-09-24T13:05:37.630976Z [info     ] regions_page                   doc_id='РЦ AC 29-2C_2013г' page=133
2026-09-24T13:05:37.701506Z [info     ] regions_page                   doc_id='РЦ AC 29-2C_2013г' page=134
2026-09-24T13:05:37.769552Z [info     ] regions_page                   doc_id='РЦ AC 29-2C_2013г' page=135
2026-09-24T13:05:49.509980Z [info     ] regions_page                   doc_id='РЦ AC 29-2C_2013г' page=136
2026-09-24T13:05:56.815109Z [info     ] regions_page                   doc_id='РЦ AC 29-2C_2013г' page=137
2026-09-24T13:06:01.859080Z [info     ] regions_page                   doc_id='РЦ AC 29-2C_2013г' page=138
2026-09-24T13:06:01.933112Z [info     ] regions_page                   doc_id='РЦ AC 29-2C_2013г' page=139
2026-09-24T13:06:02.007198Z [info     ] regions_page                   doc_id='РЦ AC 29-2C_2013г' page=140
2026-09-24T13:06:02.078295Z [info     ] regions_page                   doc_id='РЦ AC 29-2C_2013г' page=141
2026-09-24T13:06:02.154999Z [info     ] regions_page                   doc_id='РЦ AC 29-2C_2013г' page=142
2026-09-24T13:06:02.222046Z [info     ] regions_page                   doc_id='РЦ AC 29-2C_2013г' page=143
2026-09-24T13:06:02.290105Z [info     ] regions_page                   doc_id='РЦ AC 29-2C_2013г' page=144
2026-09-24T13:06:11.139736Z [info     ] regions_page                   doc_id='РЦ AC 29-2C_2013г' page=145
2026-09-24T13:06:16.345601Z [info     ] regions_page                   doc_id='РЦ AC 29-2C_2013г' page=146
2026-09-24T13:06:22.251117Z [info     ] regions_page                   doc_id='РЦ AC 29-2C_2013г' page=147
2026-09-24T13:06:22.321153Z [info     ] regions_page                   doc_id='РЦ AC 29-2C_2013г' page=148
2026-09-24T13:06:31.000022Z [info     ] regions_page                   doc_id='РЦ AC 29-2C_2013г' page=149
2026-09-24T13:06:31.083458Z [info     ] regions_page                   doc_id='РЦ AC 29-2C_2013г' page=150
2026-09-24T13:06:31.166021Z [info     ] regions_page                   doc_id='РЦ AC 29-2C_2013г' page=151
2026-09-24T13:06:31.254067Z [info     ] regions_page                   doc_id='РЦ AC 29-2C_2013г' page=152
2026-09-24T13:06:34.080359Z [info     ] regions_page                   doc_id='РЦ AC 29-2C_2013г' page=153
2026-09-24T13:06:34.158384Z [info     ] regions_page                   doc_id='РЦ AC 29-2C_2013г' page=154
2026-09-24T13:06:34.225478Z [info     ] regions_page                   doc_id='РЦ AC 29-2C_2013г' page=155
2026-09-24T13:06:34.293620Z [info     ] regions_page                   doc_id='РЦ AC 29-2C_2013г' page=156
2026-09-24T13:06:34.354137Z [info     ] regions_page                   doc_id='РЦ AC 29-2C_2013г' page=157
2026-09-24T13:06:34.416195Z [info     ] regions_page                   doc_id='РЦ AC 29-2C_2013г' page=158
2026-09-24T13:06:34.475290Z [info     ] regions_page                   doc_id='РЦ AC 29-2C_2013г' page=159
2026-09-24T13:06:34.534200Z [info     ] regions_page                   doc_id='РЦ AC 29-2C_2013г' page=160
2026-09-24T13:06:34.594905Z [info     ] regions_page                   doc_id='РЦ AC 29-2C_2013г' page=161
2026-09-24T13:06:34.655470Z [info     ] regions_page                   doc_id='РЦ AC 29-2C_2013г' page=162
2026-09-24T13:06:41.147292Z [info     ] regions_page                   doc_id='РЦ AC 29-2C_2013г' page=163
2026-09-24T13:06:41.224401Z [info     ] regions_page                   doc_id='РЦ AC 29-2C_2013г' page=164
2026-09-24T13:06:41.297460Z [info     ] regions_page                   doc_id='РЦ AC 29-2C_2013г' page=165
2026-09-24T13:06:41.374488Z [info     ] regions_page                   doc_id='РЦ AC 29-2C_2013г' page=166
2026-09-24T13:06:41.441576Z [info     ] regions_page                   doc_id='РЦ AC 29-2C_2013г' page=167
2026-09-24T13:06:41.514661Z [info     ] regions_page                   doc_id='РЦ AC 29-2C_2013г' page=168
2026-09-24T13:06:41.579695Z [info     ] regions_page                   doc_id='РЦ AC 29-2C_2013г' page=169
2026-09-24T13:06:41.638413Z [info     ] regions_page                   doc_id='РЦ AC 29-2C_2013г' page=170
2026-09-24T13:06:41.698041Z [info     ] regions_page                   doc_id='РЦ AC 29-2C_2013г' page=171
2026-09-24T13:06:41.755666Z [info     ] regions_page                   doc_id='РЦ AC 29-2C_2013г' page=172
2026-09-24T13:06:41.813352Z [info     ] regions_page                   doc_id='РЦ AC 29-2C_2013г' page=173
2026-09-24T13:06:56.509249Z [info     ] regions_page                   doc_id='РЦ AC 29-2C_2013г' page=174
2026-09-24T13:07:03.753046Z [info     ] regions_page                   doc_id='РЦ AC 29-2C_2013г' page=175
2026-09-24T13:07:14.777776Z [info     ] regions_page                   doc_id='РЦ AC 29-2C_2013г' page=176
2026-09-24T13:07:14.846846Z [info     ] regions_page                   doc_id='РЦ AC 29-2C_2013г' page=177
2026-09-24T13:07:14.920832Z [info     ] regions_page                   doc_id='РЦ AC 29-2C_2013г' page=178
2026-09-24T13:07:27.516039Z [info     ] regions_page                   doc_id='РЦ AC 29-2C_2013г' page=179
2026-09-24T13:07:27.582105Z [info     ] regions_page                   doc_id='РЦ AC 29-2C_2013г' page=180
2026-09-24T13:07:27.650131Z [info     ] regions_page                   doc_id='РЦ AC 29-2C_2013г' page=181
2026-09-24T13:07:34.218969Z [info     ] regions_page                   doc_id='РЦ AC 29-2C_2013г' page=182
2026-09-24T13:07:34.292009Z [info     ] regions_page                   doc_id='РЦ AC 29-2C_2013г' page=183
2026-09-24T13:07:34.359027Z [info     ] regions_page                   doc_id='РЦ AC 29-2C_2013г' page=184
2026-09-24T13:07:34.429089Z [info     ] regions_page                   doc_id='РЦ AC 29-2C_2013г' page=185
2026-09-24T13:07:34.496116Z [info     ] regions_page                   doc_id='РЦ AC 29-2C_2013г' page=186
2026-09-24T13:07:41.519543Z [info     ] regions_page                   doc_id='РЦ AC 29-2C_2013г' page=187
2026-09-24T13:07:55.658821Z [info     ] regions_page                   doc_id='РЦ AC 29-2C_2013г' page=188
2026-09-24T13:08:01.393072Z [info     ] regions_page                   doc_id='РЦ AC 29-2C_2013г' page=189
2026-09-24T13:08:01.468107Z [info     ] regions_page                   doc_id='РЦ AC 29-2C_2013г' page=190
2026-09-24T13:08:01.539181Z [info     ] regions_page                   doc_id='РЦ AC 29-2C_2013г' page=191
2026-09-24T13:08:06.744986Z [info     ] regions_page                   doc_id='РЦ AC 29-2C_2013г' page=192
2026-09-24T13:08:09.458419Z [info     ] regions_page                   doc_id='РЦ AC 29-2C_2013г' page=193
2026-09-24T13:08:09.524449Z [info     ] regions_page                   doc_id='РЦ AC 29-2C_2013г' page=194
2026-09-24T13:08:09.590454Z [info     ] regions_page                   doc_id='РЦ AC 29-2C_2013г' page=195
2026-09-24T13:08:09.659276Z [info     ] regions_page                   doc_id='РЦ AC 29-2C_2013г' page=196
2026-09-24T13:08:09.719335Z [info     ] regions_page                   doc_id='РЦ AC 29-2C_2013г' page=197
2026-09-24T13:08:09.779308Z [info     ] regions_page                   doc_id='РЦ AC 29-2C_2013г' page=198
2026-09-24T13:08:09.839008Z [info     ] regions_page                   doc_id='РЦ AC 29-2C_2013г' page=199
2026-09-24T13:08:09.898325Z [info     ] regions_page                   doc_id='РЦ AC 29-2C_2013г' page=200
2026-09-24T13:08:09.956430Z [info     ] regions_page                   doc_id='РЦ AC 29-2C_2013г' page=201
2026-09-24T13:08:14.863352Z [info     ] regions_page                   doc_id='РЦ AC 29-2C_2013г' page=202
2026-09-24T13:08:14.933382Z [info     ] regions_page                   doc_id='РЦ AC 29-2C_2013г' page=203
2026-09-24T13:08:14.999427Z [info     ] regions_page                   doc_id='РЦ AC 29-2C_2013г' page=204
2026-09-24T13:08:15.065638Z [info     ] regions_page                   doc_id='РЦ AC 29-2C_2013г' page=205
2026-09-24T13:08:19.490440Z [info     ] regions_page                   doc_id='РЦ AC 29-2C_2013г' page=206
2026-09-24T13:08:24.127422Z [info     ] regions_page                   doc_id='РЦ AC 29-2C_2013г' page=207
2026-09-24T13:08:24.273486Z [info     ] regions_page                   doc_id='РЦ AC 29-2C_2013г' page=208
2026-09-24T13:08:24.341719Z [info     ] regions_page                   doc_id='РЦ AC 29-2C_2013г' page=209
2026-09-24T13:08:24.415433Z [info     ] regions_page                   doc_id='РЦ AC 29-2C_2013г' page=210
2026-09-24T13:08:24.486457Z [info     ] regions_page                   doc_id='РЦ AC 29-2C_2013г' page=211
2026-09-24T13:08:24.556591Z [info     ] regions_page                   doc_id='РЦ AC 29-2C_2013г' page=212
2026-09-24T13:08:24.619212Z [info     ] regions_page                   doc_id='РЦ AC 29-2C_2013г' page=213
2026-09-24T13:08:24.679603Z [info     ] regions_page                   doc_id='РЦ AC 29-2C_2013г' page=214
2026-09-24T13:08:24.736624Z [info     ] regions_page                   doc_id='РЦ AC 29-2C_2013г' page=215
2026-09-24T13:08:24.795597Z [info     ] regions_page                   doc_id='РЦ AC 29-2C_2013г' page=216
2026-09-24T13:08:34.636782Z [info     ] regions_page                   doc_id='РЦ AC 29-2C_2013г' page=217
2026-09-24T13:08:46.546066Z [info     ] regions_page                   doc_id='РЦ AC 29-2C_2013г' page=218
2026-09-24T13:08:46.618593Z [info     ] regions_page                   doc_id='РЦ AC 29-2C_2013г' page=219
2026-09-24T13:08:46.692629Z [info     ] regions_page                   doc_id='РЦ AC 29-2C_2013г' page=220
2026-09-24T13:08:46.763677Z [info     ] regions_page                   doc_id='РЦ AC 29-2C_2013г' page=221
2026-09-24T13:08:46.831720Z [info     ] regions_page                   doc_id='РЦ AC 29-2C_2013г' page=222
2026-09-24T13:08:46.903347Z [info     ] regions_page                   doc_id='РЦ AC 29-2C_2013г' page=223
2026-09-24T13:08:46.969786Z [info     ] regions_page                   doc_id='РЦ AC 29-2C_2013г' page=224
2026-09-24T13:08:47.030347Z [info     ] regions_page                   doc_id='РЦ AC 29-2C_2013г' page=225
2026-09-24T13:08:47.095653Z [info     ] regions_page                   doc_id='РЦ AC 29-2C_2013г' page=226
2026-09-24T13:08:47.153885Z [info     ] regions_page                   doc_id='РЦ AC 29-2C_2013г' page=227
2026-09-24T13:08:47.213676Z [info     ] regions_page                   doc_id='РЦ AC 29-2C_2013г' page=228
2026-09-24T13:08:47.274888Z [info     ] regions_page                   doc_id='РЦ AC 29-2C_2013г' page=229
2026-09-24T13:08:47.335500Z [info     ] regions_page                   doc_id='РЦ AC 29-2C_2013г' page=230
2026-09-24T13:08:47.396800Z [info     ] regions_page                   doc_id='РЦ AC 29-2C_2013г' page=231
2026-09-24T13:08:47.455334Z [info     ] regions_page                   doc_id='РЦ AC 29-2C_2013г' page=232
2026-09-24T13:08:53.977564Z [info     ] regions_page                   doc_id='РЦ AC 29-2C_2013г' page=233
2026-09-24T13:08:54.056599Z [info     ] regions_page                   doc_id='РЦ AC 29-2C_2013г' page=234
2026-09-24T13:08:54.132616Z [info     ] regions_page                   doc_id='РЦ AC 29-2C_2013г' page=235
2026-09-24T13:08:54.213944Z [info     ] regions_page                   doc_id='РЦ AC 29-2C_2013г' page=236
2026-09-24T13:08:54.285577Z [info     ] regions_page                   doc_id='РЦ AC 29-2C_2013г' page=237
2026-09-24T13:08:54.360114Z [info     ] regions_page                   doc_id='РЦ AC 29-2C_2013г' page=238
2026-09-24T13:09:05.443418Z [info     ] regions_page                   doc_id='РЦ AC 29-2C_2013г' page=239
2026-09-24T13:09:10.796295Z [info     ] regions_page                   doc_id='РЦ AC 29-2C_2013г' page=240
2026-09-24T13:09:10.871315Z [info     ] regions_page                   doc_id='РЦ AC 29-2C_2013г' page=241
2026-09-24T13:09:10.946350Z [info     ] regions_page                   doc_id='РЦ AC 29-2C_2013г' page=242
2026-09-24T13:09:17.868564Z [info     ] regions_page                   doc_id='РЦ AC 29-2C_2013г' page=243
2026-09-24T13:09:23.391047Z [info     ] regions_page                   doc_id='РЦ AC 29-2C_2013г' page=244
2026-09-24T13:09:23.460563Z [info     ] regions_page                   doc_id='РЦ AC 29-2C_2013г' page=245
2026-09-24T13:09:23.533602Z [info     ] regions_page                   doc_id='РЦ AC 29-2C_2013г' page=246
2026-09-24T13:09:23.608640Z [info     ] regions_page                   doc_id='РЦ AC 29-2C_2013г' page=247
2026-09-24T13:09:23.684649Z [info     ] regions_page                   doc_id='РЦ AC 29-2C_2013г' page=248
2026-09-24T13:09:23.760680Z [info     ] regions_page                   doc_id='РЦ AC 29-2C_2013г' page=249
2026-09-24T13:09:23.830717Z [info     ] regions_page                   doc_id='РЦ AC 29-2C_2013г' page=250
2026-09-24T13:09:23.894031Z [info     ] regions_page                   doc_id='РЦ AC 29-2C_2013г' page=251
2026-09-24T13:09:23.955732Z [info     ] regions_page                   doc_id='РЦ AC 29-2C_2013г' page=252
2026-09-24T13:09:24.016846Z [info     ] regions_page                   doc_id='РЦ AC 29-2C_2013г' page=253
2026-09-24T13:09:24.078851Z [info     ] regions_page                   doc_id='РЦ AC 29-2C_2013г' page=254
2026-09-24T13:09:24.138563Z [info     ] regions_page                   doc_id='РЦ AC 29-2C_2013г' page=255
2026-09-24T13:09:24.199984Z [info     ] regions_page                   doc_id='РЦ AC 29-2C_2013г' page=256
2026-09-24T13:09:24.262719Z [info     ] regions_page                   doc_id='РЦ AC 29-2C_2013г' page=257
2026-09-24T13:09:24.324717Z [info     ] regions_page                   doc_id='РЦ AC 29-2C_2013г' page=258
2026-09-24T13:09:24.382719Z [info     ] regions_page                   doc_id='РЦ AC 29-2C_2013г' page=259
2026-09-24T13:09:30.294345Z [info     ] regions_page                   doc_id='РЦ AC 29-2C_2013г' page=260
2026-09-24T13:09:30.380881Z [info     ] regions_page                   doc_id='РЦ AC 29-2C_2013г' page=261
2026-09-24T13:09:30.460940Z [info     ] regions_page                   doc_id='РЦ AC 29-2C_2013г' page=262
2026-09-24T13:09:30.528979Z [info     ] regions_page                   doc_id='РЦ AC 29-2C_2013г' page=263
2026-09-24T13:09:30.599004Z [info     ] regions_page                   doc_id='РЦ AC 29-2C_2013г' page=264
2026-09-24T13:09:30.660529Z [info     ] regions_page                   doc_id='РЦ AC 29-2C_2013г' page=265
2026-09-24T13:09:37.129215Z [info     ] regions_page                   doc_id='РЦ AC 29-2C_2013г' page=266
2026-09-24T13:09:37.205259Z [info     ] regions_page                   doc_id='РЦ AC 29-2C_2013г' page=267
2026-09-24T13:09:37.272788Z [info     ] regions_page                   doc_id='РЦ AC 29-2C_2013г' page=268
2026-09-24T13:09:37.341817Z [info     ] regions_page                   doc_id='РЦ AC 29-2C_2013г' page=269
2026-09-24T13:09:37.413887Z [info     ] regions_page                   doc_id='РЦ AC 29-2C_2013г' page=270
2026-09-24T13:09:37.487321Z [info     ] regions_page                   doc_id='РЦ AC 29-2C_2013г' page=271
2026-09-24T13:09:37.558047Z [info     ] regions_page                   doc_id='РЦ AC 29-2C_2013г' page=272
2026-09-24T13:09:50.195393Z [info     ] regions_page                   doc_id='РЦ AC 29-2C_2013г' page=273
2026-09-24T13:09:50.273425Z [info     ] regions_page                   doc_id='РЦ AC 29-2C_2013г' page=274
2026-09-24T13:09:50.342456Z [info     ] regions_page                   doc_id='РЦ AC 29-2C_2013г' page=275
2026-09-24T13:09:50.410476Z [info     ] regions_page                   doc_id='РЦ AC 29-2C_2013г' page=276
2026-09-24T13:09:50.479517Z [info     ] regions_page                   doc_id='РЦ AC 29-2C_2013г' page=277
2026-09-24T13:09:50.547565Z [info     ] regions_page                   doc_id='РЦ AC 29-2C_2013г' page=278
2026-09-24T13:09:50.613565Z [info     ] regions_page                   doc_id='РЦ AC 29-2C_2013г' page=279
2026-09-24T13:09:50.676677Z [info     ] regions_page                   doc_id='РЦ AC 29-2C_2013г' page=280
2026-09-24T13:09:50.736715Z [info     ] regions_page                   doc_id='РЦ AC 29-2C_2013г' page=281
2026-09-24T13:09:50.795429Z [info     ] regions_page                   doc_id='РЦ AC 29-2C_2013г' page=282
2026-09-24T13:09:50.853515Z [info     ] regions_page                   doc_id='РЦ AC 29-2C_2013г' page=283
2026-09-24T13:09:50.912533Z [info     ] regions_page                   doc_id='РЦ AC 29-2C_2013г' page=284
2026-09-24T13:10:02.792900Z [info     ] regions_page                   doc_id='РЦ AC 29-2C_2013г' page=285
2026-09-24T13:10:02.865002Z [info     ] regions_page                   doc_id='РЦ AC 29-2C_2013г' page=286
2026-09-24T13:10:15.443024Z [info     ] regions_page                   doc_id='РЦ AC 29-2C_2013г' page=287
2026-09-24T13:10:15.509564Z [info     ] regions_page                   doc_id='РЦ AC 29-2C_2013г' page=288
2026-09-24T13:10:15.580120Z [info     ] regions_page                   doc_id='РЦ AC 29-2C_2013г' page=289
2026-09-24T13:10:15.651159Z [info     ] regions_page                   doc_id='РЦ AC 29-2C_2013г' page=290
2026-09-24T13:10:15.717180Z [info     ] regions_page                   doc_id='РЦ AC 29-2C_2013г' page=291
2026-09-24T13:10:24.442360Z [info     ] regions_page                   doc_id='РЦ AC 29-2C_2013г' page=292
2026-09-24T13:10:24.513498Z [info     ] regions_page                   doc_id='РЦ AC 29-2C_2013г' page=293
2026-09-24T13:10:24.584537Z [info     ] regions_page                   doc_id='РЦ AC 29-2C_2013г' page=294
2026-09-24T13:10:24.654537Z [info     ] regions_page                   doc_id='РЦ AC 29-2C_2013г' page=295
2026-09-24T13:10:34.942897Z [info     ] regions_page                   doc_id='РЦ AC 29-2C_2013г' page=296
2026-09-24T13:10:40.440187Z [info     ] regions_page                   doc_id='РЦ AC 29-2C_2013г' page=297
2026-09-24T13:10:52.845672Z [info     ] regions_page                   doc_id='РЦ AC 29-2C_2013г' page=298
2026-09-24T13:10:58.855665Z [info     ] regions_page                   doc_id='РЦ AC 29-2C_2013г' page=299
2026-09-24T13:11:59.316396Z [info     ] regions_page                   doc_id='РЦ AC 29-2C_2013г' page=300
2026-09-24T13:11:59.385422Z [info     ] regions_page                   doc_id='РЦ AC 29-2C_2013г' page=301
2026-09-24T13:11:59.458604Z [info     ] regions_page                   doc_id='РЦ AC 29-2C_2013г' page=302
2026-09-24T13:11:59.523643Z [info     ] regions_page                   doc_id='РЦ AC 29-2C_2013г' page=303
2026-09-24T13:11:59.579452Z [info     ] regions_page                   doc_id='РЦ AC 29-2C_2013г' page=304
2026-09-24T13:11:59.640345Z [info     ] regions_page                   doc_id='РЦ AC 29-2C_2013г' page=305
2026-09-24T13:11:59.700655Z [info     ] regions_page                   doc_id='РЦ AC 29-2C_2013г' page=306
2026-09-24T13:11:59.760883Z [info     ] regions_page                   doc_id='РЦ AC 29-2C_2013г' page=307
2026-09-24T13:11:59.819631Z [info     ] regions_page                   doc_id='РЦ AC 29-2C_2013г' page=308
2026-09-24T13:11:59.883290Z [info     ] regions_page                   doc_id='РЦ AC 29-2C_2013г' page=309
2026-09-24T13:11:59.957600Z [info     ] regions_page                   doc_id='РЦ AC 29-2C_2013г' page=310
2026-09-24T13:12:00.021313Z [info     ] regions_page                   doc_id='РЦ AC 29-2C_2013г' page=311
2026-09-24T13:12:00.080469Z [info     ] regions_page                   doc_id='РЦ AC 29-2C_2013г' page=312
2026-09-24T13:12:00.139424Z [info     ] regions_page                   doc_id='РЦ AC 29-2C_2013г' page=313
2026-09-24T13:12:00.197598Z [info     ] regions_page                   doc_id='РЦ AC 29-2C_2013г' page=314
2026-09-24T13:12:00.253941Z [info     ] regions_page                   doc_id='РЦ AC 29-2C_2013г' page=315
2026-09-24T13:12:00.312511Z [info     ] regions_page                   doc_id='РЦ AC 29-2C_2013г' page=316
2026-09-24T13:12:00.371393Z [info     ] regions_page                   doc_id='РЦ AC 29-2C_2013г' page=317
2026-09-24T13:12:00.427431Z [info     ] regions_page                   doc_id='РЦ AC 29-2C_2013г' page=318
2026-09-24T13:12:00.484427Z [info     ] regions_page                   doc_id='РЦ AC 29-2C_2013г' page=319
2026-09-24T13:12:00.541445Z [info     ] regions_page                   doc_id='РЦ AC 29-2C_2013г' page=320
2026-09-24T13:12:00.597400Z [info     ] regions_page                   doc_id='РЦ AC 29-2C_2013г' page=321
2026-09-24T13:12:00.659927Z [info     ] regions_page                   doc_id='РЦ AC 29-2C_2013г' page=322
2026-09-24T13:12:00.721398Z [info     ] regions_page                   doc_id='РЦ AC 29-2C_2013г' page=323
2026-09-24T13:12:00.783323Z [info     ] regions_page                   doc_id='РЦ AC 29-2C_2013г' page=324
2026-09-24T13:12:00.843307Z [info     ] regions_page                   doc_id='РЦ AC 29-2C_2013г' page=325
2026-09-24T13:12:00.900432Z [info     ] regions_page                   doc_id='РЦ AC 29-2C_2013г' page=326
2026-09-24T13:12:00.958750Z [info     ] regions_page                   doc_id='РЦ AC 29-2C_2013г' page=327
2026-09-24T13:12:01.018649Z [info     ] regions_page                   doc_id='РЦ AC 29-2C_2013г' page=328
2026-09-24T13:12:01.077551Z [info     ] regions_page                   doc_id='РЦ AC 29-2C_2013г' page=329
2026-09-24T13:12:01.136683Z [info     ] regions_page                   doc_id='РЦ AC 29-2C_2013г' page=330
2026-09-24T13:12:01.196244Z [info     ] regions_page                   doc_id='РЦ AC 29-2C_2013г' page=331
2026-09-24T13:12:01.256034Z [info     ] regions_page                   doc_id='РЦ AC 29-2C_2013г' page=332
2026-09-24T13:12:01.316555Z [info     ] regions_page                   doc_id='РЦ AC 29-2C_2013г' page=333
2026-09-24T13:12:01.373302Z [info     ] regions_page                   doc_id='РЦ AC 29-2C_2013г' page=334
2026-09-24T13:12:01.430302Z [info     ] regions_page                   doc_id='РЦ AC 29-2C_2013г' page=335
Ignoring parse error (tolerant parsing mode): Unexpected closing environment: 'array' @(1,2176)
2026-09-24T13:12:29.410377Z [info     ] regions_page                   doc_id='РЦ AC 29-2C_2013г' page=336
2026-09-24T13:12:29.474411Z [info     ] regions_page                   doc_id='РЦ AC 29-2C_2013г' page=337
2026-09-24T13:12:29.543482Z [info     ] regions_page                   doc_id='РЦ AC 29-2C_2013г' page=338
2026-09-24T13:12:39.705715Z [info     ] regions_page                   doc_id='РЦ AC 29-2C_2013г' page=339
2026-09-24T13:12:39.785753Z [info     ] regions_page                   doc_id='РЦ AC 29-2C_2013г' page=340
2026-09-24T13:12:39.853816Z [info     ] regions_page                   doc_id='РЦ AC 29-2C_2013г' page=341
2026-09-24T13:12:39.925854Z [info     ] regions_page                   doc_id='РЦ AC 29-2C_2013г' page=342
2026-09-24T13:12:39.997399Z [info     ] regions_page                   doc_id='РЦ AC 29-2C_2013г' page=343
2026-09-24T13:12:40.075935Z [info     ] regions_page                   doc_id='РЦ AC 29-2C_2013г' page=344
2026-09-24T13:12:47.381040Z [info     ] regions_page                   doc_id='РЦ AC 29-2C_2013г' page=345
2026-09-24T13:12:54.463055Z [info     ] regions_page                   doc_id='РЦ AC 29-2C_2013г' page=346
2026-09-24T13:12:54.530109Z [info     ] regions_page                   doc_id='РЦ AC 29-2C_2013г' page=347
2026-09-24T13:12:54.605144Z [info     ] regions_page                   doc_id='РЦ AC 29-2C_2013г' page=348
2026-09-24T13:12:54.686193Z [info     ] regions_page                   doc_id='РЦ AC 29-2C_2013г' page=349
2026-09-24T13:12:54.757232Z [info     ] regions_page                   doc_id='РЦ AC 29-2C_2013г' page=350
2026-09-24T13:12:54.825271Z [info     ] regions_page                   doc_id='РЦ AC 29-2C_2013г' page=351
2026-09-24T13:12:54.891312Z [info     ] regions_page                   doc_id='РЦ AC 29-2C_2013г' page=352
2026-09-24T13:12:54.953342Z [info     ] regions_page                   doc_id='РЦ AC 29-2C_2013г' page=353
2026-09-24T13:12:55.015887Z [info     ] regions_page                   doc_id='РЦ AC 29-2C_2013г' page=354
2026-09-24T13:12:55.074987Z [info     ] regions_page                   doc_id='РЦ AC 29-2C_2013г' page=355
2026-09-24T13:12:55.134057Z [info     ] regions_page                   doc_id='РЦ AC 29-2C_2013г' page=356
2026-09-24T13:12:55.195085Z [info     ] regions_page                   doc_id='РЦ AC 29-2C_2013г' page=357
2026-09-24T13:12:55.253115Z [info     ] regions_page                   doc_id='РЦ AC 29-2C_2013г' page=358
2026-09-24T13:12:55.311220Z [info     ] regions_page                   doc_id='РЦ AC 29-2C_2013г' page=359
2026-09-24T13:13:08.607830Z [info     ] regions_page                   doc_id='РЦ AC 29-2C_2013г' page=360
2026-09-24T13:13:08.679400Z [info     ] regions_page                   doc_id='РЦ AC 29-2C_2013г' page=361
2026-09-24T13:13:08.750445Z [info     ] regions_page                   doc_id='РЦ AC 29-2C_2013г' page=362
2026-09-24T13:13:08.828474Z [info     ] regions_page                   doc_id='РЦ AC 29-2C_2013г' page=363
2026-09-24T13:13:08.898519Z [info     ] regions_page                   doc_id='РЦ AC 29-2C_2013г' page=364
2026-09-24T13:13:08.972565Z [info     ] regions_page                   doc_id='РЦ AC 29-2C_2013г' page=365
2026-09-24T13:13:09.041612Z [info     ] regions_page                   doc_id='РЦ AC 29-2C_2013г' page=366
2026-09-24T13:13:09.101629Z [info     ] regions_page                   doc_id='РЦ AC 29-2C_2013г' page=367
2026-09-24T13:13:20.190075Z [info     ] regions_page                   doc_id='РЦ AC 29-2C_2013г' page=368
2026-09-24T13:13:27.418246Z [info     ] regions_page                   doc_id='РЦ AC 29-2C_2013г' page=369
2026-09-24T13:13:27.501189Z [info     ] regions_page                   doc_id='РЦ AC 29-2C_2013г' page=370
2026-09-24T13:13:27.573023Z [info     ] regions_page                   doc_id='РЦ AC 29-2C_2013г' page=371
2026-09-24T13:13:39.526450Z [info     ] regions_page                   doc_id='РЦ AC 29-2C_2013г' page=372
2026-09-24T13:13:39.599539Z [info     ] regions_page                   doc_id='РЦ AC 29-2C_2013г' page=373
2026-09-24T13:13:39.671575Z [info     ] regions_page                   doc_id='РЦ AC 29-2C_2013г' page=374
2026-09-24T13:13:39.735594Z [info     ] regions_page                   doc_id='РЦ AC 29-2C_2013г' page=375
2026-09-24T13:13:39.803630Z [info     ] regions_page                   doc_id='РЦ AC 29-2C_2013г' page=376
2026-09-24T13:13:39.869164Z [info     ] regions_page                   doc_id='РЦ AC 29-2C_2013г' page=377
2026-09-24T13:13:39.939274Z [info     ] regions_page                   doc_id='РЦ AC 29-2C_2013г' page=378
2026-09-24T13:13:40.001440Z [info     ] regions_page                   doc_id='РЦ AC 29-2C_2013г' page=379
2026-09-24T13:13:40.060475Z [info     ] regions_page                   doc_id='РЦ AC 29-2C_2013г' page=380
2026-09-24T13:13:49.182914Z [info     ] regions_page                   doc_id='РЦ AC 29-2C_2013г' page=381
2026-09-24T13:13:49.256925Z [info     ] regions_page                   doc_id='РЦ AC 29-2C_2013г' page=382
2026-09-24T13:13:49.330874Z [info     ] regions_page                   doc_id='РЦ AC 29-2C_2013г' page=383
2026-09-24T13:14:02.714454Z [info     ] regions_page                   doc_id='РЦ AC 29-2C_2013г' page=384
2026-09-24T13:14:13.243867Z [info     ] regions_page                   doc_id='РЦ AC 29-2C_2013г' page=385
2026-09-24T13:14:13.318846Z [info     ] regions_page                   doc_id='РЦ AC 29-2C_2013г' page=386
2026-09-24T13:14:13.386469Z [info     ] regions_page                   doc_id='РЦ AC 29-2C_2013г' page=387
2026-09-24T13:14:13.460507Z [info     ] regions_page                   doc_id='РЦ AC 29-2C_2013г' page=388
2026-09-24T13:14:13.531676Z [info     ] regions_page                   doc_id='РЦ AC 29-2C_2013г' page=389
2026-09-24T13:14:13.599627Z [info     ] regions_page                   doc_id='РЦ AC 29-2C_2013г' page=390
2026-09-24T13:14:31.497147Z [info     ] regions_page                   doc_id='РЦ AC 29-2C_2013г' page=391
2026-09-24T13:14:31.568189Z [info     ] regions_page                   doc_id='РЦ AC 29-2C_2013г' page=392
2026-09-24T13:14:31.638241Z [info     ] regions_page                   doc_id='РЦ AC 29-2C_2013г' page=393
2026-09-24T13:14:31.709286Z [info     ] regions_page                   doc_id='РЦ AC 29-2C_2013г' page=394
2026-09-24T13:14:31.775861Z [info     ] regions_page                   doc_id='РЦ AC 29-2C_2013г' page=395
2026-09-24T13:14:50.326808Z [info     ] regions_page                   doc_id='РЦ AC 29-2C_2013г' page=396
2026-09-24T13:14:50.392850Z [info     ] regions_page                   doc_id='РЦ AC 29-2C_2013г' page=397
2026-09-24T13:14:50.461382Z [info     ] regions_page                   doc_id='РЦ AC 29-2C_2013г' page=398
2026-09-24T13:14:50.528924Z [info     ] regions_page                   doc_id='РЦ AC 29-2C_2013г' page=399
2026-09-24T13:15:03.077009Z [info     ] regions_page                   doc_id='РЦ AC 29-2C_2013г' page=400
2026-09-24T13:15:09.468124Z [info     ] regions_page                   doc_id='РЦ AC 29-2C_2013г' page=401
2026-09-24T13:15:09.543980Z [info     ] regions_page                   doc_id='РЦ AC 29-2C_2013г' page=402
2026-09-24T13:15:09.616493Z [info     ] regions_page                   doc_id='РЦ AC 29-2C_2013г' page=403
2026-09-24T13:15:09.683134Z [info     ] regions_page                   doc_id='РЦ AC 29-2C_2013г' page=404
2026-09-24T13:15:09.753146Z [info     ] regions_page                   doc_id='РЦ AC 29-2C_2013г' page=405
2026-09-24T13:15:09.817984Z [info     ] regions_page                   doc_id='РЦ AC 29-2C_2013г' page=406
2026-09-24T13:15:09.887500Z [info     ] regions_page                   doc_id='РЦ AC 29-2C_2013г' page=407
2026-09-24T13:15:23.571825Z [info     ] regions_page                   doc_id='РЦ AC 29-2C_2013г' page=408
2026-09-24T13:15:23.640873Z [info     ] regions_page                   doc_id='РЦ AC 29-2C_2013г' page=409
2026-09-24T13:15:23.713913Z [info     ] regions_page                   doc_id='РЦ AC 29-2C_2013г' page=410
2026-09-24T13:15:23.779448Z [info     ] regions_page                   doc_id='РЦ AC 29-2C_2013г' page=411
2026-09-24T13:15:23.848486Z [info     ] regions_page                   doc_id='РЦ AC 29-2C_2013г' page=412
2026-09-24T13:15:23.919584Z [info     ] regions_page                   doc_id='РЦ AC 29-2C_2013г' page=413
2026-09-24T13:15:23.991113Z [info     ] regions_page                   doc_id='РЦ AC 29-2C_2013г' page=414
2026-09-24T13:15:24.052772Z [info     ] regions_page                   doc_id='РЦ AC 29-2C_2013г' page=415
2026-09-24T13:15:24.111791Z [info     ] regions_page                   doc_id='РЦ AC 29-2C_2013г' page=416
2026-09-24T13:15:24.170920Z [info     ] regions_page                   doc_id='РЦ AC 29-2C_2013г' page=417
2026-09-24T13:15:35.559096Z [info     ] regions_page                   doc_id='РЦ AC 29-2C_2013г' page=418
2026-09-24T13:15:43.142985Z [info     ] regions_page                   doc_id='РЦ AC 29-2C_2013г' page=419
2026-09-24T13:15:43.221201Z [info     ] regions_page                   doc_id='РЦ AC 29-2C_2013г' page=420
2026-09-24T13:15:43.293226Z [info     ] regions_page                   doc_id='РЦ AC 29-2C_2013г' page=421
2026-09-24T13:15:43.362262Z [info     ] regions_page                   doc_id='РЦ AC 29-2C_2013г' page=422
2026-09-24T13:15:43.433306Z [info     ] regions_page                   doc_id='РЦ AC 29-2C_2013г' page=423
2026-09-24T13:15:43.505331Z [info     ] regions_page                   doc_id='РЦ AC 29-2C_2013г' page=424
2026-09-24T13:15:43.575363Z [info     ] regions_page                   doc_id='РЦ AC 29-2C_2013г' page=425
2026-09-24T13:15:43.634457Z [info     ] regions_page                   doc_id='РЦ AC 29-2C_2013г' page=426
2026-09-24T13:15:43.694186Z [info     ] regions_page                   doc_id='РЦ AC 29-2C_2013г' page=427
2026-09-24T13:15:43.756407Z [info     ] regions_page                   doc_id='РЦ AC 29-2C_2013г' page=428
2026-09-24T13:15:43.817029Z [info     ] regions_page                   doc_id='РЦ AC 29-2C_2013г' page=429
2026-09-24T13:15:43.876347Z [info     ] regions_page                   doc_id='РЦ AC 29-2C_2013г' page=430
2026-09-24T13:15:43.936306Z [info     ] regions_page                   doc_id='РЦ AC 29-2C_2013г' page=431
2026-09-24T13:15:43.997334Z [info     ] regions_page                   doc_id='РЦ AC 29-2C_2013г' page=432
2026-09-24T13:15:44.056363Z [info     ] regions_page                   doc_id='РЦ AC 29-2C_2013г' page=433
2026-09-24T13:15:44.114684Z [info     ] regions_page                   doc_id='РЦ AC 29-2C_2013г' page=434
2026-09-24T13:15:44.174315Z [info     ] regions_page                   doc_id='РЦ AC 29-2C_2013г' page=435
2026-09-24T13:15:44.234548Z [info     ] regions_page                   doc_id='РЦ AC 29-2C_2013г' page=436
2026-09-24T13:15:44.292447Z [info     ] regions_page                   doc_id='РЦ AC 29-2C_2013г' page=437
2026-09-24T13:15:44.351156Z [info     ] regions_page                   doc_id='РЦ AC 29-2C_2013г' page=438
2026-09-24T13:15:44.411686Z [info     ] regions_page                   doc_id='РЦ AC 29-2C_2013г' page=439
2026-09-24T13:15:44.472205Z [info     ] regions_page                   doc_id='РЦ AC 29-2C_2013г' page=440
2026-09-24T13:15:44.530433Z [info     ] regions_page                   doc_id='РЦ AC 29-2C_2013г' page=441
2026-09-24T13:15:44.591431Z [info     ] regions_page                   doc_id='РЦ AC 29-2C_2013г' page=442
2026-09-24T13:15:44.653480Z [info     ] regions_page                   doc_id='РЦ AC 29-2C_2013г' page=443
2026-09-24T13:15:44.715724Z [info     ] regions_page                   doc_id='РЦ AC 29-2C_2013г' page=444
2026-09-24T13:15:44.778338Z [info     ] regions_page                   doc_id='РЦ AC 29-2C_2013г' page=445
2026-09-24T13:15:44.839365Z [info     ] regions_page                   doc_id='РЦ AC 29-2C_2013г' page=446
2026-09-24T13:15:44.901372Z [info     ] regions_page                   doc_id='РЦ AC 29-2C_2013г' page=447
2026-09-24T13:15:44.959475Z [info     ] regions_page                   doc_id='РЦ AC 29-2C_2013г' page=448
2026-09-24T13:15:45.018696Z [info     ] regions_page                   doc_id='РЦ AC 29-2C_2013г' page=449
2026-09-24T13:15:45.081433Z [info     ] regions_page                   doc_id='РЦ AC 29-2C_2013г' page=450
2026-09-24T13:15:45.143497Z [info     ] regions_page                   doc_id='РЦ AC 29-2C_2013г' page=451
2026-09-24T13:15:58.852705Z [info     ] regions_page                   doc_id='РЦ AC 29-2C_2013г' page=452
2026-09-24T13:16:04.536526Z [info     ] regions_page                   doc_id='РЦ AC 29-2C_2013г' page=453
2026-09-24T13:16:10.026016Z [info     ] regions_page                   doc_id='РЦ AC 29-2C_2013г' page=454
2026-09-24T13:16:16.312015Z [info     ] regions_page                   doc_id='РЦ AC 29-2C_2013г' page=455
2026-09-24T13:16:22.497576Z [info     ] regions_page                   doc_id='РЦ AC 29-2C_2013г' page=456
2026-09-24T13:16:28.928693Z [info     ] regions_page                   doc_id='РЦ AC 29-2C_2013г' page=457
2026-09-24T13:16:29.000771Z [info     ] regions_page                   doc_id='РЦ AC 29-2C_2013г' page=458
2026-09-24T13:16:29.081354Z [info     ] regions_page                   doc_id='РЦ AC 29-2C_2013г' page=459
2026-09-24T13:16:29.155348Z [info     ] regions_page                   doc_id='РЦ AC 29-2C_2013г' page=460
2026-09-24T13:16:29.226393Z [info     ] regions_page                   doc_id='РЦ AC 29-2C_2013г' page=461
2026-09-24T13:16:29.303438Z [info     ] regions_page                   doc_id='РЦ AC 29-2C_2013г' page=462
2026-09-24T13:16:29.371515Z [info     ] regions_page                   doc_id='РЦ AC 29-2C_2013г' page=463
2026-09-24T13:16:29.431517Z [info     ] regions_page                   doc_id='РЦ AC 29-2C_2013г' page=464
2026-09-24T13:16:29.493545Z [info     ] regions_page                   doc_id='РЦ AC 29-2C_2013г' page=465
2026-09-24T13:16:29.554566Z [info     ] regions_page                   doc_id='РЦ AC 29-2C_2013г' page=466
2026-09-24T13:16:29.617658Z [info     ] regions_page                   doc_id='РЦ AC 29-2C_2013г' page=467
2026-09-24T13:16:29.678489Z [info     ] regions_page                   doc_id='РЦ AC 29-2C_2013г' page=468
2026-09-24T13:16:29.736599Z [info     ] regions_page                   doc_id='РЦ AC 29-2C_2013г' page=469
2026-09-24T13:16:29.797632Z [info     ] regions_page                   doc_id='РЦ AC 29-2C_2013г' page=470
2026-09-24T13:16:29.856524Z [info     ] regions_page                   doc_id='РЦ AC 29-2C_2013г' page=471
2026-09-24T13:16:29.917654Z [info     ] regions_page                   doc_id='РЦ AC 29-2C_2013г' page=472
2026-09-24T13:16:29.977972Z [info     ] regions_page                   doc_id='РЦ AC 29-2C_2013г' page=473
2026-09-24T13:16:30.036689Z [info     ] regions_page                   doc_id='РЦ AC 29-2C_2013г' page=474
2026-09-24T13:16:30.096741Z [info     ] regions_page                   doc_id='РЦ AC 29-2C_2013г' page=475
2026-09-24T13:16:30.153742Z [info     ] regions_page                   doc_id='РЦ AC 29-2C_2013г' page=476
2026-09-24T13:16:30.215599Z [info     ] regions_page                   doc_id='РЦ AC 29-2C_2013г' page=477
2026-09-24T13:16:30.276587Z [info     ] regions_page                   doc_id='РЦ AC 29-2C_2013г' page=478
2026-09-24T13:16:43.554315Z [info     ] regions_page                   doc_id='РЦ AC 29-2C_2013г' page=479
2026-09-24T13:16:50.634389Z [info     ] regions_page                   doc_id='РЦ AC 29-2C_2013г' page=480
2026-09-24T13:16:56.541610Z [info     ] regions_page                   doc_id='РЦ AC 29-2C_2013г' page=481
2026-09-24T13:17:02.195165Z [info     ] regions_page                   doc_id='РЦ AC 29-2C_2013г' page=482
2026-09-24T13:17:08.534995Z [info     ] regions_page                   doc_id='РЦ AC 29-2C_2013г' page=483
2026-09-24T13:17:14.067122Z [info     ] regions_page                   doc_id='РЦ AC 29-2C_2013г' page=484
2026-09-24T13:17:18.548984Z [info     ] regions_page                   doc_id='РЦ AC 29-2C_2013г' page=485
2026-09-24T13:17:18.741067Z [info     ] regions_page                   doc_id='РЦ AC 29-2C_2013г' page=486
2026-09-24T13:17:18.879129Z [info     ] regions_page                   doc_id='РЦ AC 29-2C_2013г' page=487
2026-09-24T13:17:18.965175Z [info     ] regions_page                   doc_id='РЦ AC 29-2C_2013г' page=488
2026-09-24T13:17:29.823150Z [info     ] regions_page                   doc_id='РЦ AC 29-2C_2013г' page=489
2026-09-24T13:17:42.843092Z [info     ] regions_page                   doc_id='РЦ AC 29-2C_2013г' page=490
2026-09-24T13:17:42.920635Z [info     ] regions_page                   doc_id='РЦ AC 29-2C_2013г' page=491
2026-09-24T13:17:42.997674Z [info     ] regions_page                   doc_id='РЦ AC 29-2C_2013г' page=492
2026-09-24T13:17:43.061715Z [info     ] regions_page                   doc_id='РЦ AC 29-2C_2013г' page=493
2026-09-24T13:17:43.132743Z [info     ] regions_page                   doc_id='РЦ AC 29-2C_2013г' page=494
2026-09-24T13:17:52.498287Z [info     ] regions_page                   doc_id='РЦ AC 29-2C_2013г' page=495
2026-09-24T13:17:52.561814Z [info     ] regions_page                   doc_id='РЦ AC 29-2C_2013г' page=496
2026-09-24T13:17:52.641356Z [info     ] regions_page                   doc_id='РЦ AC 29-2C_2013г' page=497
2026-09-24T13:17:52.715390Z [info     ] regions_page                   doc_id='РЦ AC 29-2C_2013г' page=498
2026-09-24T13:17:52.788436Z [info     ] regions_page                   doc_id='РЦ AC 29-2C_2013г' page=499
2026-09-24T13:17:52.862963Z [info     ] regions_page                   doc_id='РЦ AC 29-2C_2013г' page=500
2026-09-24T13:17:52.935990Z [info     ] regions_page                   doc_id='РЦ AC 29-2C_2013г' page=501
2026-09-24T13:17:52.995166Z [info     ] regions_page                   doc_id='РЦ AC 29-2C_2013г' page=502
2026-09-24T13:17:53.056825Z [info     ] regions_page                   doc_id='РЦ AC 29-2C_2013г' page=503
2026-09-24T13:17:53.116183Z [info     ] regions_page                   doc_id='РЦ AC 29-2C_2013г' page=504
2026-09-24T13:17:53.176432Z [info     ] regions_page                   doc_id='РЦ AC 29-2C_2013г' page=505
2026-09-24T13:18:08.287188Z [info     ] regions_page                   doc_id='РЦ AC 29-2C_2013г' page=506
2026-09-24T13:18:16.403805Z [info     ] regions_page                   doc_id='РЦ AC 29-2C_2013г' page=507
2026-09-24T13:18:22.568103Z [info     ] regions_page                   doc_id='РЦ AC 29-2C_2013г' page=508
2026-09-24T13:18:29.612173Z [info     ] regions_page                   doc_id='РЦ AC 29-2C_2013г' page=509
2026-09-24T13:18:29.679194Z [info     ] regions_page                   doc_id='РЦ AC 29-2C_2013г' page=510
2026-09-24T13:18:29.754317Z [info     ] regions_page                   doc_id='РЦ AC 29-2C_2013г' page=511
2026-09-24T13:18:29.829115Z [info     ] regions_page                   doc_id='РЦ AC 29-2C_2013г' page=512
2026-09-24T13:18:29.896690Z [info     ] regions_page                   doc_id='РЦ AC 29-2C_2013г' page=513
2026-09-24T13:18:29.967277Z [info     ] regions_page                   doc_id='РЦ AC 29-2C_2013г' page=514
2026-09-24T13:18:30.039309Z [info     ] regions_page                   doc_id='РЦ AC 29-2C_2013г' page=515
2026-09-24T13:18:30.101567Z [info     ] regions_page                   doc_id='РЦ AC 29-2C_2013г' page=516
2026-09-24T13:18:30.162490Z [info     ] regions_page                   doc_id='РЦ AC 29-2C_2013г' page=517
2026-09-24T13:18:30.222458Z [info     ] regions_page                   doc_id='РЦ AC 29-2C_2013г' page=518
2026-09-24T13:18:30.281255Z [info     ] regions_page                   doc_id='РЦ AC 29-2C_2013г' page=519
2026-09-24T13:18:30.342331Z [info     ] regions_page                   doc_id='РЦ AC 29-2C_2013г' page=520
2026-09-24T13:18:38.214512Z [info     ] regions_page                   doc_id='РЦ AC 29-2C_2013г' page=521
2026-09-24T13:18:38.289547Z [info     ] regions_page                   doc_id='РЦ AC 29-2C_2013г' page=522
2026-09-24T13:18:38.362615Z [info     ] regions_page                   doc_id='РЦ AC 29-2C_2013г' page=523
2026-09-24T13:18:38.437213Z [info     ] regions_page                   doc_id='РЦ AC 29-2C_2013г' page=524
2026-09-24T13:18:38.496181Z [info     ] regions_page                   doc_id='РЦ AC 29-2C_2013г' page=525
2026-09-24T13:18:38.555273Z [info     ] regions_page                   doc_id='РЦ AC 29-2C_2013г' page=526
2026-09-24T13:18:38.616320Z [info     ] regions_page                   doc_id='РЦ AC 29-2C_2013г' page=527
2026-09-24T13:18:38.674324Z [info     ] regions_page                   doc_id='РЦ AC 29-2C_2013г' page=528
2026-09-24T13:18:38.734373Z [info     ] regions_page                   doc_id='РЦ AC 29-2C_2013г' page=529
2026-09-24T13:18:38.801198Z [info     ] regions_page                   doc_id='РЦ AC 29-2C_2013г' page=530
2026-09-24T13:18:38.863615Z [info     ] regions_page                   doc_id='РЦ AC 29-2C_2013г' page=531
2026-09-24T13:18:38.925403Z [info     ] regions_page                   doc_id='РЦ AC 29-2C_2013г' page=532
2026-09-24T13:18:38.986422Z [info     ] regions_page                   doc_id='РЦ AC 29-2C_2013г' page=533
2026-09-24T13:18:39.045736Z [info     ] regions_page                   doc_id='РЦ AC 29-2C_2013г' page=534
2026-09-24T13:18:41.547678Z [info     ] regions_page                   doc_id='РЦ AC 29-2C_2013г' page=535
2026-09-24T13:18:41.620408Z [info     ] regions_page                   doc_id='РЦ AC 29-2C_2013г' page=536
2026-09-24T13:18:41.694421Z [info     ] regions_page                   doc_id='РЦ AC 29-2C_2013г' page=537
2026-09-24T13:18:41.765473Z [info     ] regions_page                   doc_id='РЦ AC 29-2C_2013г' page=538
2026-09-24T13:19:24.575005Z [info     ] regions_page                   doc_id='РЦ AC 29-2C_2013г' page=539
2026-09-24T13:19:24.644979Z [info     ] regions_page                   doc_id='РЦ AC 29-2C_2013г' page=540
2026-09-24T13:19:24.716704Z [info     ] regions_page                   doc_id='РЦ AC 29-2C_2013г' page=541
2026-09-24T13:19:24.786747Z [info     ] regions_page                   doc_id='РЦ AC 29-2C_2013г' page=542
2026-09-24T13:19:24.846749Z [info     ] regions_page                   doc_id='РЦ AC 29-2C_2013г' page=543
2026-09-24T13:19:24.908730Z [info     ] regions_page                   doc_id='РЦ AC 29-2C_2013г' page=544
2026-09-24T13:19:24.966042Z [info     ] regions_page                   doc_id='РЦ AC 29-2C_2013г' page=545
2026-09-24T13:19:30.197775Z [info     ] regions_page                   doc_id='РЦ AC 29-2C_2013г' page=546
2026-09-24T13:19:36.170312Z [info     ] regions_page                   doc_id='РЦ AC 29-2C_2013г' page=547
2026-09-24T13:19:44.506492Z [info     ] regions_page                   doc_id='РЦ AC 29-2C_2013г' page=548
2026-09-24T13:19:54.085806Z [info     ] regions_page                   doc_id='РЦ AC 29-2C_2013г' page=549
2026-09-24T13:20:01.169862Z [info     ] regions_page                   doc_id='РЦ AC 29-2C_2013г' page=550
2026-09-24T13:20:08.378103Z [info     ] regions_page                   doc_id='РЦ AC 29-2C_2013г' page=551
2026-09-24T13:20:08.448144Z [info     ] regions_page                   doc_id='РЦ AC 29-2C_2013г' page=552
2026-09-24T13:20:08.518194Z [info     ] regions_page                   doc_id='РЦ AC 29-2C_2013г' page=553
2026-09-24T13:20:08.585211Z [info     ] regions_page                   doc_id='РЦ AC 29-2C_2013г' page=554
2026-09-24T13:20:08.651752Z [info     ] regions_page                   doc_id='РЦ AC 29-2C_2013г' page=555
2026-09-24T13:20:08.720297Z [info     ] regions_page                   doc_id='РЦ AC 29-2C_2013г' page=556
2026-09-24T13:20:08.790334Z [info     ] regions_page                   doc_id='РЦ AC 29-2C_2013г' page=557
2026-09-24T13:20:08.852366Z [info     ] regions_page                   doc_id='РЦ AC 29-2C_2013г' page=558
2026-09-24T13:20:08.912160Z [info     ] regions_page                   doc_id='РЦ AC 29-2C_2013г' page=559
2026-09-24T13:20:19.684657Z [info     ] regions_page                   doc_id='РЦ AC 29-2C_2013г' page=560
2026-09-24T13:20:25.160749Z [info     ] regions_page                   doc_id='РЦ AC 29-2C_2013г' page=561
2026-09-24T13:20:25.237817Z [info     ] regions_page                   doc_id='РЦ AC 29-2C_2013г' page=562
2026-09-24T13:20:25.303815Z [info     ] regions_page                   doc_id='РЦ AC 29-2C_2013г' page=563
2026-09-24T13:20:25.370859Z [info     ] regions_page                   doc_id='РЦ AC 29-2C_2013г' page=564
2026-09-24T13:20:25.440895Z [info     ] regions_page                   doc_id='РЦ AC 29-2C_2013г' page=565
2026-09-24T13:20:25.507916Z [info     ] regions_page                   doc_id='РЦ AC 29-2C_2013г' page=566
2026-09-24T13:20:25.578959Z [info     ] regions_page                   doc_id='РЦ AC 29-2C_2013г' page=567
2026-09-24T13:20:25.640526Z [info     ] regions_page                   doc_id='РЦ AC 29-2C_2013г' page=568
2026-09-24T13:20:25.699514Z [info     ] regions_page                   doc_id='РЦ AC 29-2C_2013г' page=569
2026-09-24T13:20:25.758861Z [info     ] regions_page                   doc_id='РЦ AC 29-2C_2013г' page=570
2026-09-24T13:20:25.816100Z [info     ] regions_page                   doc_id='РЦ AC 29-2C_2013г' page=571
2026-09-24T13:20:25.877926Z [info     ] regions_page                   doc_id='РЦ AC 29-2C_2013г' page=572
2026-09-24T13:20:25.937431Z [info     ] regions_page                   doc_id='РЦ AC 29-2C_2013г' page=573
2026-09-24T13:20:25.995648Z [info     ] regions_page                   doc_id='РЦ AC 29-2C_2013г' page=574
2026-09-24T13:20:26.054691Z [info     ] regions_page                   doc_id='РЦ AC 29-2C_2013г' page=575
2026-09-24T13:20:26.111213Z [info     ] regions_page                   doc_id='РЦ AC 29-2C_2013г' page=576
2026-09-24T13:20:26.171733Z [info     ] regions_page                   doc_id='РЦ AC 29-2C_2013г' page=577
2026-09-24T13:20:26.231842Z [info     ] regions_page                   doc_id='РЦ AC 29-2C_2013г' page=578
2026-09-24T13:20:26.294929Z [info     ] regions_page                   doc_id='РЦ AC 29-2C_2013г' page=579
2026-09-24T13:20:26.352811Z [info     ] regions_page                   doc_id='РЦ AC 29-2C_2013г' page=580
2026-09-24T13:20:35.809239Z [info     ] regions_page                   doc_id='РЦ AC 29-2C_2013г' page=581
2026-09-24T13:20:35.882282Z [info     ] regions_page                   doc_id='РЦ AC 29-2C_2013г' page=582
2026-09-24T13:20:35.951344Z [info     ] regions_page                   doc_id='РЦ AC 29-2C_2013г' page=583
2026-09-24T13:20:36.020873Z [info     ] regions_page                   doc_id='РЦ AC 29-2C_2013г' page=584
2026-09-24T13:20:36.094922Z [info     ] regions_page                   doc_id='РЦ AC 29-2C_2013г' page=585
2026-09-24T13:20:36.169980Z [info     ] regions_page                   doc_id='РЦ AC 29-2C_2013г' page=586
2026-09-24T13:20:36.241009Z [info     ] regions_page                   doc_id='РЦ AC 29-2C_2013г' page=587
2026-09-24T13:20:43.968250Z [info     ] regions_page                   doc_id='РЦ AC 29-2C_2013г' page=588
2026-09-24T13:20:44.044289Z [info     ] regions_page                   doc_id='РЦ AC 29-2C_2013г' page=589
2026-09-24T13:20:44.110300Z [info     ] regions_page                   doc_id='РЦ AC 29-2C_2013г' page=590
2026-09-24T13:20:44.181419Z [info     ] regions_page                   doc_id='РЦ AC 29-2C_2013г' page=591
2026-09-24T13:20:44.250430Z [info     ] regions_page                   doc_id='РЦ AC 29-2C_2013г' page=592
2026-09-24T13:20:44.320445Z [info     ] regions_page                   doc_id='РЦ AC 29-2C_2013г' page=593
2026-09-24T13:20:44.387527Z [info     ] regions_page                   doc_id='РЦ AC 29-2C_2013г' page=594
2026-09-24T13:20:51.388531Z [info     ] regions_page                   doc_id='РЦ AC 29-2C_2013г' page=595
2026-09-24T13:20:51.463585Z [info     ] regions_page                   doc_id='РЦ AC 29-2C_2013г' page=596
2026-09-24T13:21:14.974377Z [info     ] regions_page                   doc_id='РЦ AC 29-2C_2013г' page=597
2026-09-24T13:21:21.200540Z [info     ] regions_page                   doc_id='РЦ AC 29-2C_2013г' page=598
2026-09-24T13:21:21.271097Z [info     ] regions_page                   doc_id='РЦ AC 29-2C_2013г' page=599
2026-09-24T13:21:21.342244Z [info     ] regions_page                   doc_id='РЦ AC 29-2C_2013г' page=600
2026-09-24T13:21:21.412244Z [info     ] regions_page                   doc_id='РЦ AC 29-2C_2013г' page=601
2026-09-24T13:21:21.482624Z [info     ] regions_page                   doc_id='РЦ AC 29-2C_2013г' page=602
2026-09-24T13:21:21.555232Z [info     ] regions_page                   doc_id='РЦ AC 29-2C_2013г' page=603
2026-09-24T13:21:31.405764Z [info     ] regions_page                   doc_id='РЦ AC 29-2C_2013г' page=604
2026-09-24T13:21:37.874720Z [info     ] regions_page                   doc_id='РЦ AC 29-2C_2013г' page=605
2026-09-24T13:21:37.954020Z [info     ] regions_page                   doc_id='РЦ AC 29-2C_2013г' page=606
2026-09-24T13:21:38.023572Z [info     ] regions_page                   doc_id='РЦ AC 29-2C_2013г' page=607
2026-09-24T13:21:38.094118Z [info     ] regions_page                   doc_id='РЦ AC 29-2C_2013г' page=608
2026-09-24T13:21:46.302736Z [info     ] regions_page                   doc_id='РЦ AC 29-2C_2013г' page=609
2026-09-24T13:21:46.387280Z [info     ] regions_page                   doc_id='РЦ AC 29-2C_2013г' page=610
2026-09-24T13:21:46.463420Z [info     ] regions_page                   doc_id='РЦ AC 29-2C_2013г' page=611
2026-09-24T13:21:46.537970Z [info     ] regions_page                   doc_id='РЦ AC 29-2C_2013г' page=612
2026-09-24T13:21:46.610505Z [info     ] regions_page                   doc_id='РЦ AC 29-2C_2013г' page=613
2026-09-24T13:21:46.690055Z [info     ] regions_page                   doc_id='РЦ AC 29-2C_2013г' page=614
2026-09-24T13:21:46.760087Z [info     ] regions_page                   doc_id='РЦ AC 29-2C_2013г' page=615
2026-09-24T13:21:46.819964Z [info     ] regions_page                   doc_id='РЦ AC 29-2C_2013г' page=616
2026-09-24T13:21:46.879974Z [info     ] regions_page                   doc_id='РЦ AC 29-2C_2013г' page=617
2026-09-24T13:21:46.940219Z [info     ] regions_page                   doc_id='РЦ AC 29-2C_2013г' page=618
2026-09-24T13:21:46.999818Z [info     ] regions_page                   doc_id='РЦ AC 29-2C_2013г' page=619
2026-09-24T13:21:47.059925Z [info     ] regions_page                   doc_id='РЦ AC 29-2C_2013г' page=620
2026-09-24T13:21:47.115906Z [info     ] regions_page                   doc_id='РЦ AC 29-2C_2013г' page=621
2026-09-24T13:21:47.176911Z [info     ] regions_page                   doc_id='РЦ AC 29-2C_2013г' page=622
2026-09-24T13:21:47.236187Z [info     ] regions_page                   doc_id='РЦ AC 29-2C_2013г' page=623
2026-09-24T13:22:01.200870Z [info     ] regions_page                   doc_id='РЦ AC 29-2C_2013г' page=624
2026-09-24T13:22:17.054092Z [info     ] regions_page                   doc_id='РЦ AC 29-2C_2013г' page=625
2026-09-24T13:22:17.122117Z [info     ] regions_page                   doc_id='РЦ AC 29-2C_2013г' page=626
2026-09-24T13:22:17.190173Z [info     ] regions_page                   doc_id='РЦ AC 29-2C_2013г' page=627
2026-09-24T13:22:17.254873Z [info     ] regions_page                   doc_id='РЦ AC 29-2C_2013г' page=628
2026-09-24T13:22:17.315916Z [info     ] regions_page                   doc_id='РЦ AC 29-2C_2013г' page=629
2026-09-24T13:22:17.375973Z [info     ] regions_page                   doc_id='РЦ AC 29-2C_2013г' page=630
2026-09-24T13:22:26.127208Z [info     ] regions_page                   doc_id='РЦ AC 29-2C_2013г' page=631
2026-09-24T13:22:26.207251Z [info     ] regions_page                   doc_id='РЦ AC 29-2C_2013г' page=632
2026-09-24T13:22:26.278298Z [info     ] regions_page                   doc_id='РЦ AC 29-2C_2013г' page=633
2026-09-24T13:22:26.343827Z [info     ] regions_page                   doc_id='РЦ AC 29-2C_2013г' page=634
2026-09-24T13:22:26.416370Z [info     ] regions_page                   doc_id='РЦ AC 29-2C_2013г' page=635
2026-09-24T13:22:26.488428Z [info     ] regions_page                   doc_id='РЦ AC 29-2C_2013г' page=636
2026-09-24T13:22:26.558475Z [info     ] regions_page                   doc_id='РЦ AC 29-2C_2013г' page=637
2026-09-24T13:22:38.318558Z [info     ] regions_page                   doc_id='РЦ AC 29-2C_2013г' page=638
2026-09-24T13:22:38.385601Z [info     ] regions_page                   doc_id='РЦ AC 29-2C_2013г' page=639
2026-09-24T13:22:38.455632Z [info     ] regions_page                   doc_id='РЦ AC 29-2C_2013г' page=640
2026-09-24T13:22:51.295949Z [info     ] regions_page                   doc_id='РЦ AC 29-2C_2013г' page=641
2026-09-24T13:22:51.379997Z [info     ] regions_page                   doc_id='РЦ AC 29-2C_2013г' page=642
2026-09-24T13:22:51.453035Z [info     ] regions_page                   doc_id='РЦ AC 29-2C_2013г' page=643
2026-09-24T13:22:51.530075Z [info     ] regions_page                   doc_id='РЦ AC 29-2C_2013г' page=644
2026-09-24T13:22:51.603960Z [info     ] regions_page                   doc_id='РЦ AC 29-2C_2013г' page=645
2026-09-24T13:22:51.673680Z [info     ] regions_page                   doc_id='РЦ AC 29-2C_2013г' page=646
2026-09-24T13:22:51.738010Z [info     ] regions_page                   doc_id='РЦ AC 29-2C_2013г' page=647
Ignoring parse error (tolerant parsing mode): Unexpected closing environment: 'array' @(1,1434)
Ignoring parse error (tolerant parsing mode): Unexpected closing environment: 'array' @(1,1448)
Ignoring parse error (tolerant parsing mode): Unexpected mismatching closing brace: '}' @(1,1462)
2026-09-24T13:23:10.561439Z [info     ] regions_page                   doc_id='РЦ AC 29-2C_2013г' page=648
2026-09-24T13:23:15.294223Z [info     ] regions_page                   doc_id='РЦ AC 29-2C_2013г' page=649
2026-09-24T13:23:15.361768Z [info     ] regions_page                   doc_id='РЦ AC 29-2C_2013г' page=650
2026-09-24T13:23:32.370294Z [info     ] regions_page                   doc_id='РЦ AC 29-2C_2013г' page=651
2026-09-24T13:23:32.435342Z [info     ] regions_page                   doc_id='РЦ AC 29-2C_2013г' page=652
2026-09-24T13:23:32.505373Z [info     ] regions_page                   doc_id='РЦ AC 29-2C_2013г' page=653
2026-09-24T13:23:32.577411Z [info     ] regions_page                   doc_id='РЦ AC 29-2C_2013г' page=654
2026-09-24T13:24:10.285488Z [info     ] regions_page                   doc_id='РЦ AC 29-2C_2013г' page=655
2026-09-24T13:24:10.350459Z [info     ] regions_page                   doc_id='РЦ AC 29-2C_2013г' page=656
2026-09-24T13:24:10.426513Z [info     ] regions_page                   doc_id='РЦ AC 29-2C_2013г' page=657
2026-09-24T13:24:10.497560Z [info     ] regions_page                   doc_id='РЦ AC 29-2C_2013г' page=658
2026-09-24T13:24:10.558057Z [info     ] regions_page                   doc_id='РЦ AC 29-2C_2013г' page=659
2026-09-24T13:24:10.616333Z [info     ] regions_page                   doc_id='РЦ AC 29-2C_2013г' page=660
2026-09-24T13:24:10.674652Z [info     ] regions_page                   doc_id='РЦ AC 29-2C_2013г' page=661
2026-09-24T13:24:10.732492Z [info     ] regions_page                   doc_id='РЦ AC 29-2C_2013г' page=662
2026-09-24T13:24:10.801226Z [info     ] regions_page                   doc_id='РЦ AC 29-2C_2013г' page=663
2026-09-24T13:24:24.795938Z [info     ] regions_page                   doc_id='РЦ AC 29-2C_2013г' page=664
2026-09-24T13:24:24.862960Z [info     ] regions_page                   doc_id='РЦ AC 29-2C_2013г' page=665
2026-09-24T13:24:24.931995Z [info     ] regions_page                   doc_id='РЦ AC 29-2C_2013г' page=666
2026-09-24T13:24:25.005655Z [info     ] regions_page                   doc_id='РЦ AC 29-2C_2013г' page=667
2026-09-24T13:24:25.078275Z [info     ] regions_page                   doc_id='РЦ AC 29-2C_2013г' page=668
2026-09-24T13:24:25.149996Z [info     ] regions_page                   doc_id='РЦ AC 29-2C_2013г' page=669
2026-09-24T13:24:25.221661Z [info     ] regions_page                   doc_id='РЦ AC 29-2C_2013г' page=670
2026-09-24T13:24:25.283707Z [info     ] regions_page                   doc_id='РЦ AC 29-2C_2013г' page=671
2026-09-24T13:24:25.345772Z [info     ] regions_page                   doc_id='РЦ AC 29-2C_2013г' page=672
2026-09-24T13:24:25.408810Z [info     ] regions_page                   doc_id='РЦ AC 29-2C_2013г' page=673
2026-09-24T13:24:25.467860Z [info     ] regions_page                   doc_id='РЦ AC 29-2C_2013г' page=674
2026-09-24T13:24:25.528941Z [info     ] regions_page                   doc_id='РЦ AC 29-2C_2013г' page=675
2026-09-24T13:24:25.584992Z [info     ] regions_page                   doc_id='РЦ AC 29-2C_2013г' page=676
2026-09-24T13:24:25.644981Z [info     ] regions_page                   doc_id='РЦ AC 29-2C_2013г' page=677
2026-09-24T13:24:25.705721Z [info     ] regions_page                   doc_id='РЦ AC 29-2C_2013г' page=678
2026-09-24T13:24:25.764832Z [info     ] regions_page                   doc_id='РЦ AC 29-2C_2013г' page=679
2026-09-24T13:24:39.130270Z [info     ] regions_page                   doc_id='РЦ AC 29-2C_2013г' page=680
2026-09-24T13:24:45.123359Z [info     ] regions_page                   doc_id='РЦ AC 29-2C_2013г' page=681
Ignoring parse error (tolerant parsing mode): Unexpected mismatching closing brace: '}' @(1,808)
Ignoring parse error (tolerant parsing mode): Unexpected closing environment: 'array' @(1,1015)
2026-09-24T13:24:56.038741Z [info     ] regions_page                   doc_id='РЦ AC 29-2C_2013г' page=682
2026-09-24T13:24:57.383697Z [info     ] regions_page                   doc_id='РЦ AC 29-2C_2013г' page=683
2026-09-24T13:24:57.450741Z [info     ] regions_page                   doc_id='РЦ AC 29-2C_2013г' page=684
2026-09-24T13:24:57.519280Z [info     ] regions_page                   doc_id='РЦ AC 29-2C_2013г' page=685
2026-09-24T13:24:57.592819Z [info     ] regions_page                   doc_id='РЦ AC 29-2C_2013г' page=686
2026-09-24T13:24:57.650857Z [info     ] regions_page                   doc_id='РЦ AC 29-2C_2013г' page=687
2026-09-24T13:25:03.518977Z [info     ] regions_page                   doc_id='РЦ AC 29-2C_2013г' page=688
2026-09-24T13:25:10.558867Z [info     ] regions_page                   doc_id='РЦ AC 29-2C_2013г' page=689
2026-09-24T13:25:10.637411Z [info     ] regions_page                   doc_id='РЦ AC 29-2C_2013г' page=690
2026-09-24T13:25:10.709933Z [info     ] regions_page                   doc_id='РЦ AC 29-2C_2013г' page=691
2026-09-24T13:25:10.781975Z [info     ] regions_page                   doc_id='РЦ AC 29-2C_2013г' page=692
2026-09-24T13:25:10.855011Z [info     ] regions_page                   doc_id='РЦ AC 29-2C_2013г' page=693
2026-09-24T13:25:28.081692Z [info     ] regions_page                   doc_id='РЦ AC 29-2C_2013г' page=694
2026-09-24T13:26:02.792586Z [info     ] regions_page                   doc_id='РЦ AC 29-2C_2013г' page=695
2026-09-24T13:26:14.799257Z [info     ] regions_page                   doc_id='РЦ AC 29-2C_2013г' page=696
2026-09-24T13:26:27.880185Z [info     ] regions_page                   doc_id='РЦ AC 29-2C_2013г' page=697
2026-09-24T13:26:27.949225Z [info     ] regions_page                   doc_id='РЦ AC 29-2C_2013г' page=698
2026-09-24T13:26:28.020241Z [info     ] regions_page                   doc_id='РЦ AC 29-2C_2013г' page=699
2026-09-24T13:26:28.088281Z [info     ] regions_page                   doc_id='РЦ AC 29-2C_2013г' page=700
2026-09-24T13:26:28.150397Z [info     ] regions_page                   doc_id='РЦ AC 29-2C_2013г' page=701
2026-09-24T13:26:28.211492Z [info     ] regions_page                   doc_id='РЦ AC 29-2C_2013г' page=702
2026-09-24T13:26:28.272503Z [info     ] regions_page                   doc_id='РЦ AC 29-2C_2013г' page=703
2026-09-24T13:26:28.333486Z [info     ] regions_page                   doc_id='РЦ AC 29-2C_2013г' page=704
2026-09-24T13:26:28.393517Z [info     ] regions_page                   doc_id='РЦ AC 29-2C_2013г' page=705
2026-09-24T13:26:41.697600Z [info     ] regions_page                   doc_id='РЦ AC 29-2C_2013г' page=706
2026-09-24T13:26:41.775638Z [info     ] regions_page                   doc_id='РЦ AC 29-2C_2013г' page=707
2026-09-24T13:26:41.842660Z [info     ] regions_page                   doc_id='РЦ AC 29-2C_2013г' page=708
2026-09-24T13:26:41.914714Z [info     ] regions_page                   doc_id='РЦ AC 29-2C_2013г' page=709
2026-09-24T13:26:41.990576Z [info     ] regions_page                   doc_id='РЦ AC 29-2C_2013г' page=710
2026-09-24T13:26:42.066624Z [info     ] regions_page                   doc_id='РЦ AC 29-2C_2013г' page=711
2026-09-24T13:26:42.132660Z [info     ] regions_page                   doc_id='РЦ AC 29-2C_2013г' page=712
2026-09-24T13:26:42.192680Z [info     ] regions_page                   doc_id='РЦ AC 29-2C_2013г' page=713
2026-09-24T13:26:42.249552Z [info     ] regions_page                   doc_id='РЦ AC 29-2C_2013г' page=714
2026-09-24T13:26:42.310671Z [info     ] regions_page                   doc_id='РЦ AC 29-2C_2013г' page=715
2026-09-24T13:26:42.368713Z [info     ] regions_page                   doc_id='РЦ AC 29-2C_2013г' page=716
2026-09-24T13:26:42.426625Z [info     ] regions_page                   doc_id='РЦ AC 29-2C_2013г' page=717
2026-09-24T13:26:42.484625Z [info     ] regions_page                   doc_id='РЦ AC 29-2C_2013г' page=718
2026-09-24T13:26:42.541653Z [info     ] regions_page                   doc_id='РЦ AC 29-2C_2013г' page=719
2026-09-24T13:26:42.600860Z [info     ] regions_page                   doc_id='РЦ AC 29-2C_2013г' page=720
2026-09-24T13:26:49.632085Z [info     ] regions_page                   doc_id='РЦ AC 29-2C_2013г' page=721
2026-09-24T13:27:02.223349Z [info     ] regions_page                   doc_id='РЦ AC 29-2C_2013г' page=722
2026-09-24T13:27:08.507491Z [info     ] regions_page                   doc_id='РЦ AC 29-2C_2013г' page=723
2026-09-24T13:27:08.585545Z [info     ] regions_page                   doc_id='РЦ AC 29-2C_2013г' page=724
2026-09-24T13:27:08.661577Z [info     ] regions_page                   doc_id='РЦ AC 29-2C_2013г' page=725
2026-09-24T13:27:08.735639Z [info     ] regions_page                   doc_id='РЦ AC 29-2C_2013г' page=726
2026-09-24T13:27:50.204646Z [info     ] regions_page                   doc_id='РЦ AC 29-2C_2013г' page=727
2026-09-24T13:27:50.274679Z [info     ] regions_page                   doc_id='РЦ AC 29-2C_2013г' page=728
2026-09-24T13:28:01.260980Z [info     ] regions_page                   doc_id='РЦ AC 29-2C_2013г' page=729
2026-09-24T13:28:01.334003Z [info     ] regions_page                   doc_id='РЦ AC 29-2C_2013г' page=730
2026-09-24T13:28:09.812622Z [info     ] regions_page                   doc_id='РЦ AC 29-2C_2013г' page=731
2026-09-24T13:28:13.942403Z [info     ] regions_page                   doc_id='РЦ AC 29-2C_2013г' page=732
2026-09-24T13:28:14.112488Z [info     ] regions_page                   doc_id='РЦ AC 29-2C_2013г' page=733
2026-09-24T13:28:14.289571Z [info     ] regions_page                   doc_id='РЦ AC 29-2C_2013г' page=734
2026-09-24T13:28:14.465147Z [info     ] regions_page                   doc_id='РЦ AC 29-2C_2013г' page=735
2026-09-24T13:28:14.572251Z [info     ] regions_page                   doc_id='РЦ AC 29-2C_2013г' page=736
2026-09-24T13:28:14.640371Z [info     ] regions_page                   doc_id='РЦ AC 29-2C_2013г' page=737
2026-09-24T13:28:14.701237Z [info     ] regions_page                   doc_id='РЦ AC 29-2C_2013г' page=738
2026-09-24T13:28:14.759338Z [info     ] regions_page                   doc_id='РЦ AC 29-2C_2013г' page=739
2026-09-24T13:28:14.818276Z [info     ] regions_page                   doc_id='РЦ AC 29-2C_2013г' page=740
2026-09-24T13:28:21.973296Z [info     ] regions_page                   doc_id='РЦ AC 29-2C_2013г' page=741
2026-09-24T13:28:22.051916Z [info     ] regions_page                   doc_id='РЦ AC 29-2C_2013г' page=742
2026-09-24T13:28:22.127517Z [info     ] regions_page                   doc_id='РЦ AC 29-2C_2013г' page=743
2026-09-24T13:28:22.203883Z [info     ] regions_page                   doc_id='РЦ AC 29-2C_2013г' page=744
2026-09-24T13:28:22.274553Z [info     ] regions_page                   doc_id='РЦ AC 29-2C_2013г' page=745
2026-09-24T13:28:22.345901Z [info     ] regions_page                   doc_id='РЦ AC 29-2C_2013г' page=746
2026-09-24T13:28:22.414590Z [info     ] regions_page                   doc_id='РЦ AC 29-2C_2013г' page=747
2026-09-24T13:28:22.476024Z [info     ] regions_page                   doc_id='РЦ AC 29-2C_2013г' page=748
2026-09-24T13:28:22.533834Z [info     ] regions_page                   doc_id='РЦ AC 29-2C_2013г' page=749
2026-09-24T13:28:22.590656Z [info     ] regions_page                   doc_id='РЦ AC 29-2C_2013г' page=750
2026-09-24T13:28:22.648671Z [info     ] regions_page                   doc_id='РЦ AC 29-2C_2013г' page=751
2026-09-24T13:28:23.460572Z [info     ] regions_page                   doc_id='РЦ AC 29-2C_2013г' page=752
2026-09-24T13:28:23.529599Z [info     ] regions_page                   doc_id='РЦ AC 29-2C_2013г' page=753
2026-09-24T13:28:23.591625Z [info     ] regions_page                   doc_id='РЦ AC 29-2C_2013г' page=754
2026-09-24T13:28:23.656663Z [info     ] regions_page                   doc_id='РЦ AC 29-2C_2013г' page=755
2026-09-24T13:28:23.717761Z [info     ] regions_page                   doc_id='РЦ AC 29-2C_2013г' page=756
2026-09-24T13:28:23.778149Z [info     ] regions_page                   doc_id='РЦ AC 29-2C_2013г' page=757
2026-09-24T13:28:23.837677Z [info     ] regions_page                   doc_id='РЦ AC 29-2C_2013г' page=758
2026-09-24T13:28:23.897629Z [info     ] regions_page                   doc_id='РЦ AC 29-2C_2013г' page=759
2026-09-24T13:28:23.958638Z [info     ] regions_page                   doc_id='РЦ AC 29-2C_2013г' page=760
2026-09-24T13:28:24.017765Z [info     ] regions_page                   doc_id='РЦ AC 29-2C_2013г' page=761
2026-09-24T13:28:24.077817Z [info     ] regions_page                   doc_id='РЦ AC 29-2C_2013г' page=762
2026-09-24T13:28:24.138853Z [info     ] regions_page                   doc_id='РЦ AC 29-2C_2013г' page=763
2026-09-24T13:28:24.203542Z [info     ] regions_page                   doc_id='РЦ AC 29-2C_2013г' page=764
2026-09-24T13:28:32.528245Z [info     ] regions_page                   doc_id='РЦ AC 29-2C_2013г' page=765
2026-09-24T13:28:32.607290Z [info     ] regions_page                   doc_id='РЦ AC 29-2C_2013г' page=766
2026-09-24T13:28:32.681823Z [info     ] regions_page                   doc_id='РЦ AC 29-2C_2013г' page=767
2026-09-24T13:28:32.750866Z [info     ] regions_page                   doc_id='РЦ AC 29-2C_2013г' page=768
2026-09-24T13:28:32.822988Z [info     ] regions_page                   doc_id='РЦ AC 29-2C_2013г' page=769
2026-09-24T13:28:32.895044Z [info     ] regions_page                   doc_id='РЦ AC 29-2C_2013г' page=770
2026-09-24T13:28:32.970071Z [info     ] regions_page                   doc_id='РЦ AC 29-2C_2013г' page=771
2026-09-24T13:28:33.029160Z [info     ] regions_page                   doc_id='РЦ AC 29-2C_2013г' page=772
2026-09-24T13:28:33.090064Z [info     ] regions_page                   doc_id='РЦ AC 29-2C_2013г' page=773
2026-09-24T13:28:33.152175Z [info     ] regions_page                   doc_id='РЦ AC 29-2C_2013г' page=774
2026-09-24T13:28:33.212806Z [info     ] regions_page                   doc_id='РЦ AC 29-2C_2013г' page=775
2026-09-24T13:28:38.414349Z [info     ] regions_page                   doc_id='РЦ AC 29-2C_2013г' page=776
2026-09-24T13:28:43.774036Z [info     ] regions_page                   doc_id='РЦ AC 29-2C_2013г' page=777
2026-09-24T13:28:50.177515Z [info     ] regions_page                   doc_id='РЦ AC 29-2C_2013г' page=778
2026-09-24T13:28:56.391595Z [info     ] regions_page                   doc_id='РЦ AC 29-2C_2013г' page=779
2026-09-24T13:28:56.466666Z [info     ] regions_page                   doc_id='РЦ AC 29-2C_2013г' page=780
2026-09-24T13:29:06.786192Z [info     ] regions_page                   doc_id='РЦ AC 29-2C_2013г' page=781
2026-09-24T13:29:06.860234Z [info     ] regions_page                   doc_id='РЦ AC 29-2C_2013г' page=782
2026-09-24T13:29:18.504375Z [info     ] regions_page                   doc_id='РЦ AC 29-2C_2013г' page=783
2026-09-24T13:29:18.571422Z [info     ] regions_page                   doc_id='РЦ AC 29-2C_2013г' page=784
2026-09-24T13:29:18.642476Z [info     ] regions_page                   doc_id='РЦ AC 29-2C_2013г' page=785
2026-09-24T13:29:18.712508Z [info     ] regions_page                   doc_id='РЦ AC 29-2C_2013г' page=786
2026-09-24T13:29:18.781053Z [info     ] regions_page                   doc_id='РЦ AC 29-2C_2013г' page=787
2026-09-24T13:29:18.854100Z [info     ] regions_page                   doc_id='РЦ AC 29-2C_2013г' page=788
Ignoring parse error (tolerant parsing mode): Unexpected closing environment: 'array' @(1,1637)
2026-09-24T13:30:06.935847Z [info     ] regions_page                   doc_id='РЦ AC 29-2C_2013г' page=789
2026-09-24T13:30:07.006597Z [info     ] regions_page                   doc_id='РЦ AC 29-2C_2013г' page=790
2026-09-24T13:30:07.070711Z [info     ] regions_page                   doc_id='РЦ AC 29-2C_2013г' page=791
2026-09-24T13:30:07.135720Z [info     ] regions_page                   doc_id='РЦ AC 29-2C_2013г' page=792
2026-09-24T13:30:07.205043Z [info     ] regions_page                   doc_id='РЦ AC 29-2C_2013г' page=793
2026-09-24T13:30:07.263841Z [info     ] regions_page                   doc_id='РЦ AC 29-2C_2013г' page=794
2026-09-24T13:30:07.326464Z [info     ] regions_page                   doc_id='РЦ AC 29-2C_2013г' page=795
2026-09-24T13:30:07.385501Z [info     ] regions_page                   doc_id='РЦ AC 29-2C_2013г' page=796
2026-09-24T13:30:07.445755Z [info     ] regions_page                   doc_id='РЦ AC 29-2C_2013г' page=797
2026-09-24T13:30:07.509512Z [info     ] regions_page                   doc_id='РЦ AC 29-2C_2013г' page=798
2026-09-24T13:30:07.568879Z [info     ] regions_page                   doc_id='РЦ AC 29-2C_2013г' page=799
2026-09-24T13:30:07.627587Z [info     ] regions_page                   doc_id='РЦ AC 29-2C_2013г' page=800
2026-09-24T13:30:07.688600Z [info     ] regions_page                   doc_id='РЦ AC 29-2C_2013г' page=801
2026-09-24T13:30:07.749862Z [info     ] regions_page                   doc_id='РЦ AC 29-2C_2013г' page=802
2026-09-24T13:30:07.808242Z [info     ] regions_page                   doc_id='РЦ AC 29-2C_2013г' page=803
2026-09-24T13:30:07.866755Z [info     ] regions_page                   doc_id='РЦ AC 29-2C_2013г' page=804
2026-09-24T13:30:07.924781Z [info     ] regions_page                   doc_id='РЦ AC 29-2C_2013г' page=805
2026-09-24T13:30:07.981785Z [info     ] regions_page                   doc_id='РЦ AC 29-2C_2013г' page=806
2026-09-24T13:30:08.042858Z [info     ] regions_page                   doc_id='РЦ AC 29-2C_2013г' page=807
2026-09-24T13:30:08.103890Z [info     ] regions_page                   doc_id='РЦ AC 29-2C_2013г' page=808
2026-09-24T13:30:08.166896Z [info     ] regions_page                   doc_id='РЦ AC 29-2C_2013г' page=809
2026-09-24T13:30:08.225679Z [info     ] regions_page                   doc_id='РЦ AC 29-2C_2013г' page=810
2026-09-24T13:30:08.286589Z [info     ] regions_page                   doc_id='РЦ AC 29-2C_2013г' page=811
2026-09-24T13:30:08.345801Z [info     ] regions_page                   doc_id='РЦ AC 29-2C_2013г' page=812
2026-09-24T13:30:16.965818Z [info     ] regions_page                   doc_id='РЦ AC 29-2C_2013г' page=813
2026-09-24T13:30:17.037878Z [info     ] regions_page                   doc_id='РЦ AC 29-2C_2013г' page=814
2026-09-24T13:30:17.116940Z [info     ] regions_page                   doc_id='РЦ AC 29-2C_2013г' page=815
2026-09-24T13:30:17.187982Z [info     ] regions_page                   doc_id='РЦ AC 29-2C_2013г' page=816
2026-09-24T13:30:17.266021Z [info     ] regions_page                   doc_id='РЦ AC 29-2C_2013г' page=817
2026-09-24T13:30:17.338073Z [info     ] regions_page                   doc_id='РЦ AC 29-2C_2013г' page=818
2026-09-24T13:30:17.406632Z [info     ] regions_page                   doc_id='РЦ AC 29-2C_2013г' page=819
2026-09-24T13:30:17.468966Z [info     ] regions_page                   doc_id='РЦ AC 29-2C_2013г' page=820
2026-09-24T13:30:17.526955Z [info     ] regions_page                   doc_id='РЦ AC 29-2C_2013г' page=821
2026-09-24T13:30:17.585066Z [info     ] regions_page                   doc_id='РЦ AC 29-2C_2013г' page=822
2026-09-24T13:30:17.643992Z [info     ] regions_page                   doc_id='РЦ AC 29-2C_2013г' page=823
2026-09-24T13:30:17.701101Z [info     ] regions_page                   doc_id='РЦ AC 29-2C_2013г' page=824
2026-09-24T13:30:17.761022Z [info     ] regions_page                   doc_id='РЦ AC 29-2C_2013г' page=825
2026-09-24T13:30:17.820961Z [info     ] regions_page                   doc_id='РЦ AC 29-2C_2013г' page=826
2026-09-24T13:30:17.881008Z [info     ] regions_page                   doc_id='РЦ AC 29-2C_2013г' page=827
2026-09-24T13:30:27.593172Z [info     ] regions_page                   doc_id='РЦ AC 29-2C_2013г' page=828
2026-09-24T13:30:27.661201Z [info     ] regions_page                   doc_id='РЦ AC 29-2C_2013г' page=829
2026-09-24T13:30:38.833263Z [info     ] regions_page                   doc_id='РЦ AC 29-2C_2013г' page=830
2026-09-24T13:30:49.408204Z [info     ] regions_page                   doc_id='РЦ AC 29-2C_2013г' page=831
2026-09-24T13:31:01.009269Z [info     ] regions_page                   doc_id='РЦ AC 29-2C_2013г' page=832
2026-09-24T13:31:01.086371Z [info     ] regions_page                   doc_id='РЦ AC 29-2C_2013г' page=833
2026-09-24T13:31:01.164384Z [info     ] regions_page                   doc_id='РЦ AC 29-2C_2013г' page=834
2026-09-24T13:31:01.237411Z [info     ] regions_page                   doc_id='РЦ AC 29-2C_2013г' page=835
2026-09-24T13:31:01.306475Z [info     ] regions_page                   doc_id='РЦ AC 29-2C_2013г' page=836
2026-09-24T13:31:01.381094Z [info     ] regions_page                   doc_id='РЦ AC 29-2C_2013г' page=837
2026-09-24T13:31:01.449109Z [info     ] regions_page                   doc_id='РЦ AC 29-2C_2013г' page=838
2026-09-24T13:31:01.512134Z [info     ] regions_page                   doc_id='РЦ AC 29-2C_2013г' page=839
2026-09-24T13:31:01.573202Z [info     ] regions_page                   doc_id='РЦ AC 29-2C_2013г' page=840
2026-09-24T13:31:01.633203Z [info     ] regions_page                   doc_id='РЦ AC 29-2C_2013г' page=841
2026-09-24T13:31:01.693326Z [info     ] regions_page                   doc_id='РЦ AC 29-2C_2013г' page=842
2026-09-24T13:31:01.751336Z [info     ] regions_page                   doc_id='РЦ AC 29-2C_2013г' page=843
2026-09-24T13:31:01.811130Z [info     ] regions_page                   doc_id='РЦ AC 29-2C_2013г' page=844
2026-09-24T13:31:01.871117Z [info     ] regions_page                   doc_id='РЦ AC 29-2C_2013г' page=845
2026-09-24T13:31:01.933393Z [info     ] regions_page                   doc_id='РЦ AC 29-2C_2013г' page=846
2026-09-24T13:31:01.992146Z [info     ] regions_page                   doc_id='РЦ AC 29-2C_2013г' page=847
2026-09-24T13:31:02.051159Z [info     ] regions_page                   doc_id='РЦ AC 29-2C_2013г' page=848
2026-09-24T13:31:02.112285Z [info     ] regions_page                   doc_id='РЦ AC 29-2C_2013г' page=849
2026-09-24T13:31:07.240310Z [info     ] regions_page                   doc_id='РЦ AC 29-2C_2013г' page=850
2026-09-24T13:31:07.307352Z [info     ] regions_page                   doc_id='РЦ AC 29-2C_2013г' page=851
2026-09-24T13:31:19.463810Z [info     ] regions_page                   doc_id='РЦ AC 29-2C_2013г' page=852
2026-09-24T13:31:19.541855Z [info     ] regions_page                   doc_id='РЦ AC 29-2C_2013г' page=853
2026-09-24T13:31:19.610890Z [info     ] regions_page                   doc_id='РЦ AC 29-2C_2013г' page=854
2026-09-24T13:31:19.680432Z [info     ] regions_page                   doc_id='РЦ AC 29-2C_2013г' page=855
2026-09-24T13:31:19.746974Z [info     ] regions_page                   doc_id='РЦ AC 29-2C_2013г' page=856
2026-09-24T13:31:19.816015Z [info     ] regions_page                   doc_id='РЦ AC 29-2C_2013г' page=857
2026-09-24T13:31:19.885620Z [info     ] regions_page                   doc_id='РЦ AC 29-2C_2013г' page=858
2026-09-24T13:31:31.578987Z [info     ] regions_page                   doc_id='РЦ AC 29-2C_2013г' page=859
2026-09-24T13:31:39.577375Z [info     ] regions_page                   doc_id='РЦ AC 29-2C_2013г' page=860
2026-09-24T13:31:51.723933Z [info     ] regions_page                   doc_id='РЦ AC 29-2C_2013г' page=861
2026-09-24T13:31:51.798492Z [info     ] regions_page                   doc_id='РЦ AC 29-2C_2013г' page=862
2026-09-24T13:31:51.865529Z [info     ] regions_page                   doc_id='РЦ AC 29-2C_2013г' page=863
2026-09-24T13:31:51.931561Z [info     ] regions_page                   doc_id='РЦ AC 29-2C_2013г' page=864
2026-09-24T13:32:02.387096Z [info     ] regions_page                   doc_id='РЦ AC 29-2C_2013г' page=865
2026-09-24T13:32:02.458133Z [info     ] regions_page                   doc_id='РЦ AC 29-2C_2013г' page=866
2026-09-24T13:32:02.527247Z [info     ] regions_page                   doc_id='РЦ AC 29-2C_2013г' page=867
2026-09-24T13:32:02.601103Z [info     ] regions_page                   doc_id='РЦ AC 29-2C_2013г' page=868
2026-09-24T13:32:17.620469Z [info     ] regions_page                   doc_id='РЦ AC 29-2C_2013г' page=869
2026-09-24T13:32:26.664731Z [info     ] regions_page                   doc_id='РЦ AC 29-2C_2013г' page=870
2026-09-24T13:32:34.139986Z [info     ] regions_page                   doc_id='РЦ AC 29-2C_2013г' page=871
2026-09-24T13:32:34.209029Z [info     ] regions_page                   doc_id='РЦ AC 29-2C_2013г' page=872
2026-09-24T13:32:34.292070Z [info     ] regions_page                   doc_id='РЦ AC 29-2C_2013г' page=873
2026-09-24T13:32:34.361099Z [info     ] regions_page                   doc_id='РЦ AC 29-2C_2013г' page=874
2026-09-24T13:32:34.429846Z [info     ] regions_page                   doc_id='РЦ AC 29-2C_2013г' page=875
2026-09-24T13:32:34.503872Z [info     ] regions_page                   doc_id='РЦ AC 29-2C_2013г' page=876
2026-09-24T13:32:34.572432Z [info     ] regions_page                   doc_id='РЦ AC 29-2C_2013г' page=877
2026-09-24T13:32:34.632968Z [info     ] regions_page                   doc_id='РЦ AC 29-2C_2013г' page=878
2026-09-24T13:32:46.659294Z [info     ] regions_page                   doc_id='РЦ AC 29-2C_2013г' page=879
2026-09-24T13:32:46.731323Z [info     ] regions_page                   doc_id='РЦ AC 29-2C_2013г' page=880
2026-09-24T13:32:46.800441Z [info     ] regions_page                   doc_id='РЦ AC 29-2C_2013г' page=881
2026-09-24T13:32:46.871462Z [info     ] regions_page                   doc_id='РЦ AC 29-2C_2013г' page=882
2026-09-24T13:32:46.943015Z [info     ] regions_page                   doc_id='РЦ AC 29-2C_2013г' page=883
2026-09-24T13:32:57.440818Z [info     ] regions_page                   doc_id='РЦ AC 29-2C_2013г' page=884
2026-09-24T13:32:57.517557Z [info     ] regions_page                   doc_id='РЦ AC 29-2C_2013г' page=885
2026-09-24T13:32:57.586586Z [info     ] regions_page                   doc_id='РЦ AC 29-2C_2013г' page=886
2026-09-24T13:32:57.662622Z [info     ] regions_page                   doc_id='РЦ AC 29-2C_2013г' page=887
2026-09-24T13:32:57.734677Z [info     ] regions_page                   doc_id='РЦ AC 29-2C_2013г' page=888
2026-09-24T13:32:57.803210Z [info     ] regions_page                   doc_id='РЦ AC 29-2C_2013г' page=889
2026-09-24T13:32:57.879764Z [info     ] regions_page                   doc_id='РЦ AC 29-2C_2013г' page=890
2026-09-24T13:32:57.940779Z [info     ] regions_page                   doc_id='РЦ AC 29-2C_2013г' page=891
2026-09-24T13:32:58.003523Z [info     ] regions_page                   doc_id='РЦ AC 29-2C_2013г' page=892
2026-09-24T13:32:58.062645Z [info     ] regions_page                   doc_id='РЦ AC 29-2C_2013г' page=893
2026-09-24T13:32:58.125395Z [info     ] regions_page                   doc_id='РЦ AC 29-2C_2013г' page=894
2026-09-24T13:33:10.053971Z [info     ] regions_page                   doc_id='РЦ AC 29-2C_2013г' page=895
2026-09-24T13:33:10.126002Z [info     ] regions_page                   doc_id='РЦ AC 29-2C_2013г' page=896
2026-09-24T13:33:10.198914Z [info     ] regions_page                   doc_id='РЦ AC 29-2C_2013г' page=897
2026-09-24T13:33:29.290501Z [info     ] regions_page                   doc_id='РЦ AC 29-2C_2013г' page=898
2026-09-24T13:33:29.360443Z [info     ] regions_page                   doc_id='РЦ AC 29-2C_2013г' page=899
2026-09-24T13:33:29.425452Z [info     ] regions_page                   doc_id='РЦ AC 29-2C_2013г' page=900
2026-09-24T13:33:36.620861Z [info     ] regions_page                   doc_id='РЦ AC 29-2C_2013г' page=901
2026-09-24T13:33:42.584623Z [info     ] regions_page                   doc_id='РЦ AC 29-2C_2013г' page=902
2026-09-24T13:33:48.941154Z [info     ] regions_page                   doc_id='РЦ AC 29-2C_2013г' page=903
2026-09-24T13:33:52.906012Z [info     ] regions_page                   doc_id='РЦ AC 29-2C_2013г' page=904
2026-09-24T13:33:53.108133Z [info     ] regions_page                   doc_id='РЦ AC 29-2C_2013г' page=905
2026-09-24T13:33:53.305765Z [info     ] regions_page                   doc_id='РЦ AC 29-2C_2013г' page=906
2026-09-24T13:33:53.486858Z [info     ] regions_page                   doc_id='РЦ AC 29-2C_2013г' page=907
2026-09-24T13:33:53.580922Z [info     ] regions_page                   doc_id='РЦ AC 29-2C_2013г' page=908
2026-09-24T13:33:53.652937Z [info     ] regions_page                   doc_id='РЦ AC 29-2C_2013г' page=909
2026-09-24T13:33:53.732116Z [info     ] regions_page                   doc_id='РЦ AC 29-2C_2013г' page=910
2026-09-24T13:33:53.794185Z [info     ] regions_page                   doc_id='РЦ AC 29-2C_2013г' page=911
2026-09-24T13:33:53.851177Z [info     ] regions_page                   doc_id='РЦ AC 29-2C_2013г' page=912
2026-09-24T13:33:53.909308Z [info     ] regions_page                   doc_id='РЦ AC 29-2C_2013г' page=913
2026-09-24T13:33:53.967648Z [info     ] regions_page                   doc_id='РЦ AC 29-2C_2013г' page=914
2026-09-24T13:33:54.025188Z [info     ] regions_page                   doc_id='РЦ AC 29-2C_2013г' page=915
2026-09-24T13:33:54.083080Z [info     ] regions_page                   doc_id='РЦ AC 29-2C_2013г' page=916
2026-09-24T13:33:54.145185Z [info     ] regions_page                   doc_id='РЦ AC 29-2C_2013г' page=917
2026-09-24T13:33:54.210405Z [info     ] regions_page                   doc_id='РЦ AC 29-2C_2013г' page=918
2026-09-24T13:33:54.269640Z [info     ] regions_page                   doc_id='РЦ AC 29-2C_2013г' page=919
2026-09-24T13:33:54.342280Z [info     ] regions_page                   doc_id='РЦ AC 29-2C_2013г' page=920
2026-09-24T13:33:54.403304Z [info     ] regions_page                   doc_id='РЦ AC 29-2C_2013г' page=921
2026-09-24T13:33:54.462838Z [info     ] regions_page                   doc_id='РЦ AC 29-2C_2013г' page=922
2026-09-24T13:34:06.745763Z [info     ] regions_page                   doc_id='РЦ AC 29-2C_2013г' page=923
2026-09-24T13:34:12.254557Z [info     ] regions_page                   doc_id='РЦ AC 29-2C_2013г' page=924
2026-09-24T13:34:12.333728Z [info     ] regions_page                   doc_id='РЦ AC 29-2C_2013г' page=925
2026-09-24T13:34:12.400471Z [info     ] regions_page                   doc_id='РЦ AC 29-2C_2013г' page=926
2026-09-24T13:35:00.732151Z [info     ] regions_page                   doc_id='РЦ AC 29-2C_2013г' page=927
2026-09-24T13:35:09.252299Z [info     ] regions_page                   doc_id='РЦ AC 29-2C_2013г' page=928
2026-09-24T13:35:09.324357Z [info     ] regions_page                   doc_id='РЦ AC 29-2C_2013г' page=929
2026-09-24T13:35:09.401376Z [info     ] regions_page                   doc_id='РЦ AC 29-2C_2013г' page=930
2026-09-24T13:35:09.483423Z [info     ] regions_page                   doc_id='РЦ AC 29-2C_2013г' page=931
2026-09-24T13:35:09.566462Z [info     ] regions_page                   doc_id='РЦ AC 29-2C_2013г' page=932
2026-09-24T13:35:09.642488Z [info     ] regions_page                   doc_id='РЦ AC 29-2C_2013г' page=933
2026-09-24T13:35:09.708244Z [info     ] regions_page                   doc_id='РЦ AC 29-2C_2013г' page=934
2026-09-24T13:35:09.766363Z [info     ] regions_page                   doc_id='РЦ AC 29-2C_2013г' page=935
2026-09-24T13:35:09.827421Z [info     ] regions_page                   doc_id='РЦ AC 29-2C_2013г' page=936
2026-09-24T13:35:09.886275Z [info     ] regions_page                   doc_id='РЦ AC 29-2C_2013г' page=937
2026-09-24T13:35:09.945983Z [info     ] regions_page                   doc_id='РЦ AC 29-2C_2013г' page=938
2026-09-24T13:35:24.205712Z [info     ] regions_page                   doc_id='РЦ AC 29-2C_2013г' page=939
2026-09-24T13:35:24.275741Z [info     ] regions_page                   doc_id='РЦ AC 29-2C_2013г' page=940
2026-09-24T13:35:24.347772Z [info     ] regions_page                   doc_id='РЦ AC 29-2C_2013г' page=941
2026-09-24T13:35:24.415837Z [info     ] regions_page                   doc_id='РЦ AC 29-2C_2013г' page=942
2026-09-24T13:35:24.486858Z [info     ] regions_page                   doc_id='РЦ AC 29-2C_2013г' page=943
2026-09-24T13:35:24.556841Z [info     ] regions_page                   doc_id='РЦ AC 29-2C_2013г' page=944
2026-09-24T13:35:24.624869Z [info     ] regions_page                   doc_id='РЦ AC 29-2C_2013г' page=945
2026-09-24T13:35:24.684987Z [info     ] regions_page                   doc_id='РЦ AC 29-2C_2013г' page=946
2026-09-24T13:35:29.859094Z [info     ] regions_page                   doc_id='РЦ AC 29-2C_2013г' page=947
2026-09-24T13:35:29.936144Z [info     ] regions_page                   doc_id='РЦ AC 29-2C_2013г' page=948
2026-09-24T13:35:30.006696Z [info     ] regions_page                   doc_id='РЦ AC 29-2C_2013г' page=949
2026-09-24T13:35:30.079738Z [info     ] regions_page                   doc_id='РЦ AC 29-2C_2013г' page=950
2026-09-24T13:35:30.146779Z [info     ] regions_page                   doc_id='РЦ AC 29-2C_2013г' page=951
2026-09-24T13:35:30.213800Z [info     ] regions_page                   doc_id='РЦ AC 29-2C_2013г' page=952
2026-09-24T13:35:37.354326Z [info     ] regions_page                   doc_id='РЦ AC 29-2C_2013г' page=953
2026-09-24T13:35:37.431914Z [info     ] regions_page                   doc_id='РЦ AC 29-2C_2013г' page=954
2026-09-24T13:35:37.501909Z [info     ] regions_page                   doc_id='РЦ AC 29-2C_2013г' page=955
2026-09-24T13:35:37.572939Z [info     ] regions_page                   doc_id='РЦ AC 29-2C_2013г' page=956
2026-09-24T13:35:37.640979Z [info     ] regions_page                   doc_id='РЦ AC 29-2C_2013г' page=957
2026-09-24T13:35:37.711023Z [info     ] regions_page                   doc_id='РЦ AC 29-2C_2013г' page=958
2026-09-24T13:35:49.449378Z [info     ] regions_page                   doc_id='РЦ AC 29-2C_2013г' page=959
2026-09-24T13:35:49.516412Z [info     ] regions_page                   doc_id='РЦ AC 29-2C_2013г' page=960
2026-09-24T13:35:49.584432Z [info     ] regions_page                   doc_id='РЦ AC 29-2C_2013г' page=961
2026-09-24T13:35:49.656472Z [info     ] regions_page                   doc_id='РЦ AC 29-2C_2013г' page=962
2026-09-24T13:35:49.724522Z [info     ] regions_page                   doc_id='РЦ AC 29-2C_2013г' page=963
2026-09-24T13:35:49.791571Z [info     ] regions_page                   doc_id='РЦ AC 29-2C_2013г' page=964
2026-09-24T13:35:58.600109Z [info     ] regions_page                   doc_id='РЦ AC 29-2C_2013г' page=965
2026-09-24T13:36:04.811132Z [info     ] regions_page                   doc_id='РЦ AC 29-2C_2013г' page=966
2026-09-24T13:36:05.745714Z [info     ] regions_page                   doc_id='РЦ AC 29-2C_2013г' page=967
2026-09-24T13:36:12.230935Z [info     ] regions_page                   doc_id='РЦ AC 29-2C_2013г' page=968
2026-09-24T13:36:27.617820Z [info     ] regions_page                   doc_id='РЦ AC 29-2C_2013г' page=969
2026-09-24T13:36:32.663819Z [info     ] regions_page                   doc_id='РЦ AC 29-2C_2013г' page=970
2026-09-24T13:36:40.826678Z [info     ] regions_page                   doc_id='РЦ AC 29-2C_2013г' page=971
2026-09-24T13:36:40.900736Z [info     ] regions_page                   doc_id='РЦ AC 29-2C_2013г' page=972
2026-09-24T13:36:40.973770Z [info     ] regions_page                   doc_id='РЦ AC 29-2C_2013г' page=973
2026-09-24T13:36:51.831452Z [info     ] regions_page                   doc_id='РЦ AC 29-2C_2013г' page=974
2026-09-24T13:36:59.234257Z [info     ] regions_page                   doc_id='РЦ AC 29-2C_2013г' page=975
2026-09-24T13:36:59.303298Z [info     ] regions_page                   doc_id='РЦ AC 29-2C_2013г' page=976
2026-09-24T13:36:59.378387Z [info     ] regions_page                   doc_id='РЦ AC 29-2C_2013г' page=977
2026-09-24T13:36:59.457441Z [info     ] regions_page                   doc_id='РЦ AC 29-2C_2013г' page=978
2026-09-24T13:36:59.529567Z [info     ] regions_page                   doc_id='РЦ AC 29-2C_2013г' page=979
2026-09-24T13:36:59.604271Z [info     ] regions_page                   doc_id='РЦ AC 29-2C_2013г' page=980
2026-09-24T13:36:59.674837Z [info     ] regions_page                   doc_id='РЦ AC 29-2C_2013г' page=981
2026-09-24T13:36:59.734444Z [info     ] regions_page                   doc_id='РЦ AC 29-2C_2013г' page=982
2026-09-24T13:36:59.793351Z [info     ] regions_page                   doc_id='РЦ AC 29-2C_2013г' page=983
2026-09-24T13:36:59.851371Z [info     ] regions_page                   doc_id='РЦ AC 29-2C_2013г' page=984
2026-09-24T13:36:59.910496Z [info     ] regions_page                   doc_id='РЦ AC 29-2C_2013г' page=985
2026-09-24T13:36:59.969502Z [info     ] regions_page                   doc_id='РЦ AC 29-2C_2013г' page=986
2026-09-24T13:37:00.025274Z [info     ] regions_page                   doc_id='РЦ AC 29-2C_2013г' page=987
2026-09-24T13:37:05.145455Z [info     ] regions_page                   doc_id='РЦ AC 29-2C_2013г' page=988
2026-09-24T13:37:09.349813Z [info     ] regions_page                   doc_id='РЦ AC 29-2C_2013г' page=989
2026-09-24T13:37:09.523463Z [info     ] regions_page                   doc_id='РЦ AC 29-2C_2013г' page=990
2026-09-24T13:37:09.698733Z [info     ] regions_page                   doc_id='РЦ AC 29-2C_2013г' page=991
2026-09-24T13:37:09.877376Z [info     ] regions_page                   doc_id='РЦ AC 29-2C_2013г' page=992
2026-09-24T13:37:09.960484Z [info     ] regions_page                   doc_id='РЦ AC 29-2C_2013г' page=993
2026-09-24T13:37:10.030607Z [info     ] regions_page                   doc_id='РЦ AC 29-2C_2013г' page=994
2026-09-24T13:37:10.088925Z [info     ] regions_page                   doc_id='РЦ AC 29-2C_2013г' page=995
2026-09-24T13:37:10.146586Z [info     ] regions_page                   doc_id='РЦ AC 29-2C_2013г' page=996
2026-09-24T13:37:17.424733Z [info     ] regions_page                   doc_id='РЦ AC 29-2C_2013г' page=997
2026-09-24T13:37:17.498245Z [info     ] regions_page                   doc_id='РЦ AC 29-2C_2013г' page=998
2026-09-24T13:37:17.568784Z [info     ] regions_page                   doc_id='РЦ AC 29-2C_2013г' page=999
2026-09-24T13:37:23.730822Z [info     ] regions_page                   doc_id='РЦ AC 29-2C_2013г' page=1000
2026-09-24T13:37:23.808359Z [info     ] regions_page                   doc_id='РЦ AC 29-2C_2013г' page=1001
2026-09-24T13:37:23.875144Z [info     ] regions_page                   doc_id='РЦ AC 29-2C_2013г' page=1002
2026-09-24T13:37:23.945186Z [info     ] regions_page                   doc_id='РЦ AC 29-2C_2013г' page=1003
2026-09-24T13:37:24.015235Z [info     ] regions_page                   doc_id='РЦ AC 29-2C_2013г' page=1004
2026-09-24T13:37:36.285359Z [info     ] regions_page                   doc_id='РЦ AC 29-2C_2013г' page=1005
2026-09-24T13:37:36.371405Z [info     ] regions_page                   doc_id='РЦ AC 29-2C_2013г' page=1006
2026-09-24T13:37:46.986752Z [info     ] regions_page                   doc_id='РЦ AC 29-2C_2013г' page=1007
2026-09-24T13:37:47.074790Z [info     ] regions_page                   doc_id='РЦ AC 29-2C_2013г' page=1008
2026-09-24T13:37:47.153812Z [info     ] regions_page                   doc_id='РЦ AC 29-2C_2013г' page=1009
2026-09-24T13:37:47.225356Z [info     ] regions_page                   doc_id='РЦ AC 29-2C_2013г' page=1010
2026-09-24T13:37:47.301881Z [info     ] regions_page                   doc_id='РЦ AC 29-2C_2013г' page=1011
2026-09-24T13:37:47.373919Z [info     ] regions_page                   doc_id='РЦ AC 29-2C_2013г' page=1012
2026-09-24T13:37:47.442558Z [info     ] regions_page                   doc_id='РЦ AC 29-2C_2013г' page=1013
2026-09-24T13:37:47.504568Z [info     ] regions_page                   doc_id='РЦ AC 29-2C_2013г' page=1014
2026-09-24T13:37:47.562736Z [info     ] regions_page                   doc_id='РЦ AC 29-2C_2013г' page=1015
2026-09-24T13:37:47.627207Z [info     ] regions_page                   doc_id='РЦ AC 29-2C_2013г' page=1016
2026-09-24T13:37:47.686714Z [info     ] regions_page                   doc_id='РЦ AC 29-2C_2013г' page=1017
2026-09-24T13:37:59.341887Z [info     ] regions_page                   doc_id='РЦ AC 29-2C_2013г' page=1018
2026-09-24T13:38:03.528950Z [info     ] regions_page                   doc_id='РЦ AC 29-2C_2013г' page=1019
2026-09-24T13:38:03.739000Z [info     ] regions_page                   doc_id='РЦ AC 29-2C_2013г' page=1020
2026-09-24T13:38:03.904166Z [info     ] regions_page                   doc_id='РЦ AC 29-2C_2013г' page=1021
2026-09-24T13:38:14.785747Z [info     ] regions_page                   doc_id='РЦ AC 29-2C_2013г' page=1022
2026-09-24T13:38:18.877437Z [info     ] regions_page                   doc_id='РЦ AC 29-2C_2013г' page=1023
2026-09-24T13:38:19.051597Z [info     ] regions_page                   doc_id='РЦ AC 29-2C_2013г' page=1024
2026-09-24T13:38:19.213810Z [info     ] regions_page                   doc_id='РЦ AC 29-2C_2013г' page=1025
2026-09-24T13:38:25.785698Z [info     ] regions_page                   doc_id='РЦ AC 29-2C_2013г' page=1026
2026-09-24T13:38:25.861717Z [info     ] regions_page                   doc_id='РЦ AC 29-2C_2013г' page=1027
2026-09-24T13:38:25.931767Z [info     ] regions_page                   doc_id='РЦ AC 29-2C_2013г' page=1028
2026-09-24T13:38:25.999812Z [info     ] regions_page                   doc_id='РЦ AC 29-2C_2013г' page=1029
2026-09-24T13:38:26.071141Z [info     ] regions_page                   doc_id='РЦ AC 29-2C_2013г' page=1030
2026-09-24T13:38:26.145677Z [info     ] regions_page                   doc_id='РЦ AC 29-2C_2013г' page=1031
2026-09-24T13:38:26.216724Z [info     ] regions_page                   doc_id='РЦ AC 29-2C_2013г' page=1032
2026-09-24T13:38:26.280792Z [info     ] regions_page                   doc_id='РЦ AC 29-2C_2013г' page=1033
2026-09-24T13:38:26.343804Z [info     ] regions_page                   doc_id='РЦ AC 29-2C_2013г' page=1034
2026-09-24T13:38:26.404971Z [info     ] regions_page                   doc_id='РЦ AC 29-2C_2013г' page=1035
2026-09-24T13:38:26.466847Z [info     ] regions_page                   doc_id='РЦ AC 29-2C_2013г' page=1036
2026-09-24T13:38:26.528621Z [info     ] regions_page                   doc_id='РЦ AC 29-2C_2013г' page=1037
2026-09-24T13:38:26.589633Z [info     ] regions_page                   doc_id='РЦ AC 29-2C_2013г' page=1038
2026-09-24T13:38:26.649684Z [info     ] regions_page                   doc_id='РЦ AC 29-2C_2013г' page=1039
2026-09-24T13:38:26.708968Z [info     ] regions_page                   doc_id='РЦ AC 29-2C_2013г' page=1040
2026-09-24T13:38:38.215175Z [info     ] regions_page                   doc_id='РЦ AC 29-2C_2013г' page=1041
2026-09-24T13:38:38.291761Z [info     ] regions_page                   doc_id='РЦ AC 29-2C_2013г' page=1042
2026-09-24T13:38:38.363394Z [info     ] regions_page                   doc_id='РЦ AC 29-2C_2013г' page=1043
2026-09-24T13:38:38.436949Z [info     ] regions_page                   doc_id='РЦ AC 29-2C_2013г' page=1044
2026-09-24T13:38:38.516997Z [info     ] regions_page                   doc_id='РЦ AC 29-2C_2013г' page=1045
2026-09-24T13:38:38.587518Z [info     ] regions_page                   doc_id='РЦ AC 29-2C_2013г' page=1046
2026-09-24T13:38:38.654046Z [info     ] regions_page                   doc_id='РЦ AC 29-2C_2013г' page=1047
2026-09-24T13:38:38.712163Z [info     ] regions_page                   doc_id='РЦ AC 29-2C_2013г' page=1048
2026-09-24T13:38:38.774166Z [info     ] regions_page                   doc_id='РЦ AC 29-2C_2013г' page=1049
2026-09-24T13:38:38.834223Z [info     ] regions_page                   doc_id='РЦ AC 29-2C_2013г' page=1050
2026-09-24T13:38:48.347385Z [info     ] regions_page                   doc_id='РЦ AC 29-2C_2013г' page=1051
2026-09-24T13:38:48.414417Z [info     ] regions_page                   doc_id='РЦ AC 29-2C_2013г' page=1052
2026-09-24T13:38:59.153715Z [info     ] regions_page                   doc_id='РЦ AC 29-2C_2013г' page=1053
2026-09-24T13:38:59.232781Z [info     ] regions_page                   doc_id='РЦ AC 29-2C_2013г' page=1054
2026-09-24T13:39:07.534037Z [info     ] regions_page                   doc_id='РЦ AC 29-2C_2013г' page=1055
2026-09-24T13:39:14.135232Z [info     ] regions_page                   doc_id='РЦ AC 29-2C_2013г' page=1056
2026-09-24T13:39:18.805820Z [info     ] regions_page                   doc_id='РЦ AC 29-2C_2013г' page=1057
2026-09-24T13:39:25.943663Z [info     ] regions_page                   doc_id='РЦ AC 29-2C_2013г' page=1058
2026-09-24T13:39:30.110689Z [info     ] regions_page                   doc_id='РЦ AC 29-2C_2013г' page=1059
2026-09-24T13:39:38.318618Z [info     ] regions_page                   doc_id='РЦ AC 29-2C_2013г' page=1060
2026-09-24T13:39:38.387750Z [info     ] regions_page                   doc_id='РЦ AC 29-2C_2013г' page=1061
2026-09-24T13:39:46.185914Z [info     ] regions_page                   doc_id='РЦ AC 29-2C_2013г' page=1062
2026-09-24T13:39:55.758571Z [info     ] regions_page                   doc_id='РЦ AC 29-2C_2013г' page=1063
2026-09-24T13:40:05.765470Z [info     ] regions_page                   doc_id='РЦ AC 29-2C_2013г' page=1064
2026-09-24T13:40:12.399870Z [info     ] regions_page                   doc_id='РЦ AC 29-2C_2013г' page=1065
2026-09-24T13:40:12.473902Z [info     ] regions_page                   doc_id='РЦ AC 29-2C_2013г' page=1066
2026-09-24T13:40:24.174160Z [info     ] regions_page                   doc_id='РЦ AC 29-2C_2013г' page=1067
2026-09-24T13:40:36.363802Z [info     ] regions_page                   doc_id='РЦ AC 29-2C_2013г' page=1068
2026-09-24T13:40:36.437360Z [info     ] regions_page                   doc_id='РЦ AC 29-2C_2013г' page=1069
2026-09-24T13:40:36.513394Z [info     ] regions_page                   doc_id='РЦ AC 29-2C_2013г' page=1070
2026-09-24T13:40:36.587437Z [info     ] regions_page                   doc_id='РЦ AC 29-2C_2013г' page=1071
2026-09-24T13:40:36.656470Z [info     ] regions_page                   doc_id='РЦ AC 29-2C_2013г' page=1072
2026-09-24T13:40:47.078858Z [info     ] regions_page                   doc_id='РЦ AC 29-2C_2013г' page=1073
2026-09-24T13:40:58.696434Z [info     ] regions_page                   doc_id='РЦ AC 29-2C_2013г' page=1074
2026-09-24T13:41:03.279143Z [info     ] regions_page                   doc_id='РЦ AC 29-2C_2013г' page=1075
2026-09-24T13:41:03.425835Z [info     ] regions_page                   doc_id='РЦ AC 29-2C_2013г' page=1076
2026-09-24T13:41:03.516917Z [info     ] regions_page                   doc_id='РЦ AC 29-2C_2013г' page=1077
2026-09-24T13:41:14.107719Z [info     ] regions_page                   doc_id='РЦ AC 29-2C_2013г' page=1078
2026-09-24T13:41:43.699481Z [info     ] regions_page                   doc_id='РЦ AC 29-2C_2013г' page=1079
2026-09-24T13:41:51.877524Z [info     ] regions_page                   doc_id='РЦ AC 29-2C_2013г' page=1080
2026-09-24T13:41:56.250506Z [info     ] regions_page                   doc_id='РЦ AC 29-2C_2013г' page=1081
2026-09-24T13:41:56.408653Z [info     ] regions_page                   doc_id='РЦ AC 29-2C_2013г' page=1082
2026-09-24T13:42:00.738350Z [info     ] regions_page                   doc_id='РЦ AC 29-2C_2013г' page=1083
2026-09-24T13:42:10.665828Z [info     ] regions_page                   doc_id='РЦ AC 29-2C_2013г' page=1084
2026-09-24T13:42:14.862875Z [info     ] regions_page                   doc_id='РЦ AC 29-2C_2013г' page=1085
2026-09-24T13:42:23.587500Z [info     ] regions_page                   doc_id='РЦ AC 29-2C_2013г' page=1086
2026-09-24T13:42:28.051708Z [info     ] regions_page                   doc_id='РЦ AC 29-2C_2013г' page=1087
2026-09-24T13:42:28.219347Z [info     ] regions_page                   doc_id='РЦ AC 29-2C_2013г' page=1088
2026-09-24T13:42:32.603628Z [info     ] regions_page                   doc_id='РЦ AC 29-2C_2013г' page=1089
2026-09-24T13:42:44.364177Z [info     ] regions_page                   doc_id='РЦ AC 29-2C_2013г' page=1090
2026-09-24T13:42:48.974226Z [info     ] regions_page                   doc_id='РЦ AC 29-2C_2013г' page=1091
2026-09-24T13:42:59.011717Z [info     ] regions_page                   doc_id='РЦ AC 29-2C_2013г' page=1092
2026-09-24T13:43:03.330452Z [info     ] regions_page                   doc_id='РЦ AC 29-2C_2013г' page=1093
2026-09-24T13:43:13.444830Z [info     ] regions_page                   doc_id='РЦ AC 29-2C_2013г' page=1094
2026-09-24T13:43:17.845831Z [info     ] regions_page                   doc_id='РЦ AC 29-2C_2013г' page=1095
2026-09-24T13:43:18.000968Z [info     ] regions_page                   doc_id='РЦ AC 29-2C_2013г' page=1096
2026-09-24T13:43:29.295439Z [info     ] regions_page                   doc_id='РЦ AC 29-2C_2013г' page=1097
2026-09-24T13:43:40.289343Z [info     ] regions_page                   doc_id='РЦ AC 29-2C_2013г' page=1098
2026-09-24T13:43:52.063158Z [info     ] regions_page                   doc_id='РЦ AC 29-2C_2013г' page=1099
2026-09-24T13:43:52.137189Z [info     ] regions_page                   doc_id='РЦ AC 29-2C_2013г' page=1100
2026-09-24T13:43:59.238055Z [info     ] regions_page                   doc_id='РЦ AC 29-2C_2013г' page=1101
2026-09-24T13:43:59.324073Z [info     ] regions_page                   doc_id='РЦ AC 29-2C_2013г' page=1102
2026-09-24T13:43:59.399639Z [info     ] regions_page                   doc_id='РЦ AC 29-2C_2013г' page=1103
2026-09-24T13:44:11.297197Z [info     ] regions_page                   doc_id='РЦ AC 29-2C_2013г' page=1104
2026-09-24T13:44:24.398796Z [info     ] regions_page                   doc_id='РЦ AC 29-2C_2013г' page=1105
2026-09-24T13:44:24.466833Z [info     ] regions_page                   doc_id='РЦ AC 29-2C_2013г' page=1106
2026-09-24T13:44:24.532869Z [info     ] regions_page                   doc_id='РЦ AC 29-2C_2013г' page=1107
2026-09-24T13:44:24.604595Z [info     ] regions_page                   doc_id='РЦ AC 29-2C_2013г' page=1108
2026-09-24T13:44:33.610073Z [info     ] regions_page                   doc_id='РЦ AC 29-2C_2013г' page=1109
2026-09-24T13:44:37.844792Z [info     ] regions_page                   doc_id='РЦ AC 29-2C_2013г' page=1110
2026-09-24T13:44:38.037733Z [info     ] regions_page                   doc_id='РЦ AC 29-2C_2013г' page=1111
2026-09-24T13:44:49.899496Z [info     ] regions_page                   doc_id='РЦ AC 29-2C_2013г' page=1112
2026-09-24T13:44:49.975542Z [info     ] regions_page                   doc_id='РЦ AC 29-2C_2013г' page=1113
2026-09-24T13:44:54.303512Z [info     ] regions_page                   doc_id='РЦ AC 29-2C_2013г' page=1114
2026-09-24T13:44:54.470658Z [info     ] regions_page                   doc_id='РЦ AC 29-2C_2013г' page=1115
2026-09-24T13:45:06.024876Z [info     ] regions_page                   doc_id='РЦ AC 29-2C_2013г' page=1116
2026-09-24T13:45:06.095897Z [info     ] regions_page                   doc_id='РЦ AC 29-2C_2013г' page=1117
2026-09-24T13:45:18.665345Z [info     ] regions_page                   doc_id='РЦ AC 29-2C_2013г' page=1118
2026-09-24T13:45:18.746388Z [info     ] regions_page                   doc_id='РЦ AC 29-2C_2013г' page=1119
2026-09-24T13:45:18.819415Z [info     ] regions_page                   doc_id='РЦ AC 29-2C_2013г' page=1120
2026-09-24T13:45:18.896982Z [info     ] regions_page                   doc_id='РЦ AC 29-2C_2013г' page=1121
2026-09-24T13:45:18.972191Z [info     ] regions_page                   doc_id='РЦ AC 29-2C_2013г' page=1122
2026-09-24T13:45:29.096560Z [info     ] regions_page                   doc_id='РЦ AC 29-2C_2013г' page=1123
2026-09-24T13:45:33.243354Z [info     ] regions_page                   doc_id='РЦ AC 29-2C_2013г' page=1124
2026-09-24T13:45:33.415502Z [info     ] regions_page                   doc_id='РЦ AC 29-2C_2013г' page=1125
2026-09-24T13:45:33.572642Z [info     ] regions_page                   doc_id='РЦ AC 29-2C_2013г' page=1126
2026-09-24T13:45:33.716762Z [info     ] regions_page                   doc_id='РЦ AC 29-2C_2013г' page=1127
2026-09-24T13:45:33.801344Z [info     ] regions_page                   doc_id='РЦ AC 29-2C_2013г' page=1128
2026-09-24T13:45:33.878663Z [info     ] regions_page                   doc_id='РЦ AC 29-2C_2013г' page=1129
2026-09-24T13:45:33.942685Z [info     ] regions_page                   doc_id='РЦ AC 29-2C_2013г' page=1130
2026-09-24T13:45:34.001620Z [info     ] regions_page                   doc_id='РЦ AC 29-2C_2013г' page=1131
2026-09-24T13:45:34.060803Z [info     ] regions_page                   doc_id='РЦ AC 29-2C_2013г' page=1132
2026-09-24T13:45:34.122559Z [info     ] regions_page                   doc_id='РЦ AC 29-2C_2013г' page=1133
2026-09-24T13:45:34.182571Z [info     ] regions_page                   doc_id='РЦ AC 29-2C_2013г' page=1134
2026-09-24T13:45:34.244576Z [info     ] regions_page                   doc_id='РЦ AC 29-2C_2013г' page=1135
2026-09-24T13:45:34.304578Z [info     ] regions_page                   doc_id='РЦ AC 29-2C_2013г' page=1136
2026-09-24T13:45:44.889072Z [info     ] regions_page                   doc_id='РЦ AC 29-2C_2013г' page=1137
2026-09-24T13:45:44.959208Z [info     ] regions_page                   doc_id='РЦ AC 29-2C_2013г' page=1138
2026-09-24T13:45:45.040242Z [info     ] regions_page                   doc_id='РЦ AC 29-2C_2013г' page=1139
2026-09-24T13:45:45.110124Z [info     ] regions_page                   doc_id='РЦ AC 29-2C_2013г' page=1140
2026-09-24T13:45:45.179175Z [info     ] regions_page                   doc_id='РЦ AC 29-2C_2013г' page=1141
2026-09-24T13:45:45.249291Z [info     ] regions_page                   doc_id='РЦ AC 29-2C_2013г' page=1142
2026-09-24T13:45:45.318115Z [info     ] regions_page                   doc_id='РЦ AC 29-2C_2013г' page=1143
2026-09-24T13:45:59.037486Z [info     ] regions_page                   doc_id='РЦ AC 29-2C_2013г' page=1144
2026-09-24T13:46:04.271242Z [info     ] regions_done                   out='data\\ir\\night_run_v2_20260924_125552\\phase3\\ac29\\РЦ AC 29-2C_2013г_regions.json'

=== РЦ AC 29-2C_2013г === -> data\ir\night_run_v2_20260924_125552\phase3\ac29\РЦ AC 29-2C_2013г_regions.json
  p001 det=0 formula=0(ok=0, sem=0, caption=0) table=0(ok=0) figure=0
  p002 det=0 formula=0(ok=0, sem=0, caption=0) table=0(ok=0) figure=0
  p003 det=0 formula=0(ok=0, sem=0, caption=0) table=0(ok=0) figure=0
  p004 det=0 formula=0(ok=0, sem=0, caption=0) table=0(ok=0) figure=0
  p005 det=0 formula=0(ok=0, sem=0, caption=0) table=0(ok=0) figure=0
  p006 det=0 formula=0(ok=0, sem=0, caption=0) table=0(ok=0) figure=0
  p007 det=0 formula=0(ok=0, sem=0, caption=0) table=0(ok=0) figure=0
  p008 det=0 formula=0(ok=0, sem=0, caption=0) table=0(ok=0) figure=0
  p009 det=0 formula=0(ok=0, sem=0, caption=0) table=0(ok=0) figure=0
  p010 det=0 formula=0(ok=0, sem=0, caption=0) table=0(ok=0) figure=0
  p011 det=0 formula=0(ok=0, sem=0, caption=0) table=0(ok=0) figure=0
  p012 det=0 formula=0(ok=0, sem=0, caption=0) table=0(ok=0) figure=0
  p013 det=0 formula=0(ok=0, sem=0, caption=0) table=0(ok=0) figure=0
  p014 det=0 formula=0(ok=0, sem=0, caption=0) table=0(ok=0) figure=0
  p015 det=2 formula=2(ok=0, sem=2, caption=0) table=0(ok=0) figure=0
       [formula] formula_00 '\\frac { \\frac { 1 \\upupsilon ^ { - } \\upmu \\uptau } { \\leq \\, 1 0 ^ { - 3 } } } '
       [formula] formula_01 '\\begin{array} { r } { \\frac { \\frac { \\mathbf { \\phi } = \\mathbf { m a n c } } {'
  p016 det=0 formula=0(ok=0, sem=0, caption=0) table=0(ok=0) figure=0
  p017 det=0 formula=0(ok=0, sem=0, caption=0) table=0(ok=0) figure=0
  p018 det=0 formula=0(ok=0, sem=0, caption=0) table=0(ok=0) figure=0
  p019 det=0 formula=0(ok=0, sem=0, caption=0) table=0(ok=0) figure=0
  p020 det=0 formula=0(ok=0, sem=0, caption=0) table=0(ok=0) figure=0
  p021 det=0 formula=0(ok=0, sem=0, caption=0) table=0(ok=0) figure=0
  p022 det=0 formula=0(ok=0, sem=0, caption=0) table=0(ok=0) figure=0
  p023 det=0 formula=0(ok=0, sem=0, caption=0) table=0(ok=0) figure=0
  p024 det=0 formula=0(ok=0, sem=0, caption=0) table=0(ok=0) figure=0
  p025 det=0 formula=0(ok=0, sem=0, caption=0) table=0(ok=0) figure=0
  p026 det=0 formula=0(ok=0, sem=0, caption=0) table=0(ok=0) figure=0
  p027 det=0 formula=0(ok=0, sem=0, caption=0) table=0(ok=0) figure=0
  p028 det=0 formula=0(ok=0, sem=0, caption=0) table=0(ok=0) figure=0
  p029 det=0 formula=0(ok=0, sem=0, caption=0) table=0(ok=0) figure=0
  p030 det=0 formula=0(ok=0, sem=0, caption=0) table=0(ok=0) figure=0
  p031 det=0 formula=0(ok=0, sem=0, caption=0) table=0(ok=0) figure=0
  p032 det=1 formula=0(ok=0, sem=0, caption=0) table=1(ok=1) figure=0
       [table] table_00 '| $АС 29.427-1$ | (Вид по полету) |  |  |  |  | $C-31$ | | --- | --- | --- | ---'
  p033 det=1 formula=0(ok=0, sem=0, caption=0) table=1(ok=1) figure=0
       [table] table_00 '| $AC 29.863-1$ | Диаграмма | пожарной |  | защиты |  | от | утечек | $D-128$ | '
  p034 det=0 formula=0(ok=0, sem=0, caption=0) table=0(ok=0) figure=0
  p035 det=0 formula=0(ok=0, sem=0, caption=0) table=0(ok=0) figure=0
  p036 det=0 formula=0(ok=0, sem=0, caption=0) table=0(ok=0) figure=0
  p037 det=0 formula=0(ok=0, sem=0, caption=0) table=0(ok=0) figure=0
  p038 det=0 formula=0(ok=0, sem=0, caption=0) table=0(ok=0) figure=0
  p039 det=0 formula=0(ok=0, sem=0, caption=0) table=0(ok=0) figure=0
  p040 det=0 formula=0(ok=0, sem=0, caption=0) table=0(ok=0) figure=0
  p041 det=0 formula=0(ok=0, sem=0, caption=0) table=0(ok=0) figure=0
  p042 det=0 formula=0(ok=0, sem=0, caption=0) table=0(ok=0) figure=0
  p043 det=0 formula=0(ok=0, sem=0, caption=0) table=0(ok=0) figure=0
  p044 det=0 formula=0(ok=0, sem=0, caption=0) table=0(ok=0) figure=0
  p045 det=0 formula=0(ok=0, sem=0, caption=0) table=0(ok=0) figure=0
  p046 det=0 formula=0(ok=0, sem=0, caption=0) table=0(ok=0) figure=0
  p047 det=0 formula=0(ok=0, sem=0, caption=0) table=0(ok=0) figure=0
  p048 det=0 formula=0(ok=0, sem=0, caption=0) table=0(ok=0) figure=0
  p049 det=0 formula=0(ok=0, sem=0, caption=0) table=0(ok=0) figure=0
  p050 det=0 formula=0(ok=0, sem=0, caption=0) table=0(ok=0) figure=0
  p051 det=0 formula=0(ok=0, sem=0, caption=0) table=0(ok=0) figure=0
  p052 det=0 formula=0(ok=0, sem=0, caption=0) table=0(ok=0) figure=0
  p053 det=0 formula=0(ok=0, sem=0, caption=0) table=0(ok=0) figure=0
  p054 det=0 formula=0(ok=0, sem=0, caption=0) table=0(ok=0) figure=0
  p055 det=0 formula=0(ok=0, sem=0, caption=0) table=0(ok=0) figure=0
  p056 det=0 formula=0(ok=0, sem=0, caption=0) table=0(ok=0) figure=0
  p057 det=0 formula=0(ok=0, sem=0, caption=0) table=0(ok=0) figure=0
  p058 det=0 formula=0(ok=0, sem=0, caption=0) table=0(ok=0) figure=0
  p059 det=0 formula=0(ok=0, sem=0, caption=0) table=0(ok=0) figure=0
  p060 det=0 formula=0(ok=0, sem=0, caption=0) table=0(ok=0) figure=0
  p061 det=0 formula=0(ok=0, sem=0, caption=0) table=0(ok=0) figure=0
  p062 det=0 formula=0(ok=0, sem=0, caption=0) table=0(ok=0) figure=0
  p063 det=0 formula=0(ok=0, sem=0, caption=0) table=0(ok=0) figure=0
  p064 det=0 formula=0(ok=0, sem=0, caption=0) table=0(ok=0) figure=0
  p065 det=0 formula=0(ok=0, sem=0, caption=0) table=0(ok=0) figure=0
  p066 det=0 formula=0(ok=0, sem=0, caption=0) table=0(ok=0) figure=0
  p067 det=0 formula=0(ok=0, sem=0, caption=0) table=0(ok=0) figure=0
  p068 det=1 formula=1(ok=0, sem=0, caption=0) table=0(ok=0) figure=0
       [formula] formula_00 '\\left. \\begin{array} { l } { \\mathsf { A \\, K a T e r o p { m } \\, H \\, B } } \\\\'
  p069 det=1 formula=0(ok=0, sem=0, caption=0) table=1(ok=1) figure=0
       [table] table_00 '|  |  | FAR 29 |  | CAR 7 | | --- | --- | --- | --- | --- | | Требования | $29-П'
  p070 det=0 formula=0(ok=0, sem=0, caption=0) table=0(ok=0) figure=0
  p071 det=0 formula=0(ok=0, sem=0, caption=0) table=0(ok=0) figure=0
  p072 det=1 formula=0(ok=0, sem=0, caption=0) table=0(ok=0) figure=1
       [figure] figure_00 'data\\cache\\figures\\РЦ AC 29-2C_2013г\\p0072_figure_00.png'
  p073 det=1 formula=0(ok=0, sem=0, caption=0) table=0(ok=0) figure=1
       [figure] figure_00 'data\\cache\\figures\\РЦ AC 29-2C_2013г\\p0073_figure_00.png'
  p074 det=0 formula=0(ok=0, sem=0, caption=0) table=0(ok=0) figure=0
  p075 det=0 formula=0(ok=0, sem=0, caption=0) table=0(ok=0) figure=0
  p076 det=0 formula=0(ok=0, sem=0, caption=0) table=0(ok=0) figure=0
  p077 det=0 formula=0(ok=0, sem=0, caption=0) table=0(ok=0) figure=0
  p078 det=0 formula=0(ok=0, sem=0, caption=0) table=0(ok=0) figure=0
  p079 det=0 formula=0(ok=0, sem=0, caption=0) table=0(ok=0) figure=0
  p080 det=0 formula=0(ok=0, sem=0, caption=0) table=0(ok=0) figure=0
  p081 det=0 formula=0(ok=0, sem=0, caption=0) table=0(ok=0) figure=0
  p082 det=0 formula=0(ok=0, sem=0, caption=0) table=0(ok=0) figure=0
  p083 det=0 formula=0(ok=0, sem=0, caption=0) table=0(ok=0) figure=0
  p084 det=0 formula=0(ok=0, sem=0, caption=0) table=0(ok=0) figure=0
  p085 det=0 formula=0(ok=0, sem=0, caption=0) table=0(ok=0) figure=0
  p086 det=0 formula=0(ok=0, sem=0, caption=0) table=0(ok=0) figure=0
  p087 det=0 formula=0(ok=0, sem=0, caption=0) table=0(ok=0) figure=0
  p088 det=0 formula=0(ok=0, sem=0, caption=0) table=0(ok=0) figure=0
  p089 det=0 formula=0(ok=0, sem=0, caption=0) table=0(ok=0) figure=0
  p090 det=0 formula=0(ok=0, sem=0, caption=0) table=0(ok=0) figure=0
  p091 det=0 formula=0(ok=0, sem=0, caption=0) table=0(ok=0) figure=0
  p092 det=0 formula=0(ok=0, sem=0, caption=0) table=0(ok=0) figure=0
  p093 det=0 formula=0(ok=0, sem=0, caption=0) table=0(ok=0) figure=0
  p094 det=0 formula=0(ok=0, sem=0, caption=0) table=0(ok=0) figure=0
  p095 det=0 formula=0(ok=0, sem=0, caption=0) table=0(ok=0) figure=0
  p096 det=0 formula=0(ok=0, sem=0, caption=0) table=0(ok=0) figure=0
  p097 det=0 formula=0(ok=0, sem=0, caption=0) table=0(ok=0) figure=0
  p098 det=0 formula=0(ok=0, sem=0, caption=0) table=0(ok=0) figure=0
  p099 det=0 formula=0(ok=0, sem=0, caption=0) table=0(ok=0) figure=0
  p100 det=1 formula=1(ok=0, sem=0, caption=0) table=0(ok=0) figure=0
       [formula] formula_00 '{ \\begin{array} { r l } & { { \\mathrm { n a p a r p a o p e ~ } } \\mathbb { A } '
  p101 det=0 formula=0(ok=0, sem=0, caption=0) table=0(ok=0) figure=0
  p102 det=0 formula=0(ok=0, sem=0, caption=0) table=0(ok=0) figure=0
  p103 det=0 formula=0(ok=0, sem=0, caption=0) table=0(ok=0) figure=0
  p104 det=0 formula=0(ok=0, sem=0, caption=0) table=0(ok=0) figure=0
  p105 det=0 formula=0(ok=0, sem=0, caption=0) table=0(ok=0) figure=0
  p106 det=0 formula=0(ok=0, sem=0, caption=0) table=0(ok=0) figure=0
  p107 det=0 formula=0(ok=0, sem=0, caption=0) table=0(ok=0) figure=0
  p108 det=0 formula=0(ok=0, sem=0, caption=0) table=0(ok=0) figure=0
  p109 det=0 formula=0(ok=0, sem=0, caption=0) table=0(ok=0) figure=0
  p110 det=0 formula=0(ok=0, sem=0, caption=0) table=0(ok=0) figure=0
  p111 det=0 formula=0(ok=0, sem=0, caption=0) table=0(ok=0) figure=0
  p112 det=0 formula=0(ok=0, sem=0, caption=0) table=0(ok=0) figure=0
  p113 det=0 formula=0(ok=0, sem=0, caption=0) table=0(ok=0) figure=0
  p114 det=0 formula=0(ok=0, sem=0, caption=0) table=0(ok=0) figure=0
  p115 det=0 formula=0(ok=0, sem=0, caption=0) table=0(ok=0) figure=0
  p116 det=0 formula=0(ok=0, sem=0, caption=0) table=0(ok=0) figure=0
  p117 det=0 formula=0(ok=0, sem=0, caption=0) table=0(ok=0) figure=0
  p118 det=0 formula=0(ok=0, sem=0, caption=0) table=0(ok=0) figure=0
  p119 det=0 formula=0(ok=0, sem=0, caption=0) table=0(ok=0) figure=0
  p120 det=0 formula=0(ok=0, sem=0, caption=0) table=0(ok=0) figure=0
  p121 det=0 formula=0(ok=0, sem=0, caption=0) table=0(ok=0) figure=0
  p122 det=1 formula=1(ok=0, sem=1, caption=0) table=0(ok=0) figure=0
       [formula] formula_00 '{ \\begin{array} { r l } & { { \\mathrm { \\mathsf { \\Pi } } } { \\mathsf { n p u e '
  p123 det=0 formula=0(ok=0, sem=0, caption=0) table=0(ok=0) figure=0
  p124 det=0 formula=0(ok=0, sem=0, caption=0) table=0(ok=0) figure=0
  p125 det=0 formula=0(ok=0, sem=0, caption=0) table=0(ok=0) figure=0
  p126 det=0 formula=0(ok=0, sem=0, caption=0) table=0(ok=0) figure=0
  p127 det=0 formula=0(ok=0, sem=0, caption=0) table=0(ok=0) figure=0
  p128 det=0 formula=0(ok=0, sem=0, caption=0) table=0(ok=0) figure=0
  p129 det=0 formula=0(ok=0, sem=0, caption=0) table=0(ok=0) figure=0
  p130 det=0 formula=0(ok=0, sem=0, caption=0) table=0(ok=0) figure=0
  p131 det=1 formula=1(ok=0, sem=0, caption=0) table=0(ok=0) figure=0
       [formula] formula_00 '{ \\begin{array} { r l } & { { \\mathrm { T D U e M T e M M H M ~ M e T O A ~ p a '
  p132 det=0 formula=0(ok=0, sem=0, caption=0) table=0(ok=0) figure=0
  p133 det=0 formula=0(ok=0, sem=0, caption=0) table=0(ok=0) figure=0
  p134 det=0 formula=0(ok=0, sem=0, caption=0) table=0(ok=0) figure=0
  p135 det=0 formula=0(ok=0, sem=0, caption=0) table=0(ok=0) figure=0
  p136 det=0 formula=0(ok=0, sem=0, caption=0) table=0(ok=0) figure=0
  p137 det=0 formula=0(ok=0, sem=0, caption=0) table=0(ok=0) figure=0
  p138 det=0 formula=0(ok=0, sem=0, caption=0) table=0(ok=0) figure=0
  p139 det=0 formula=0(ok=0, sem=0, caption=0) table=0(ok=0) figure=0
  p140 det=0 formula=0(ok=0, sem=0, caption=0) table=0(ok=0) figure=0
  p141 det=0 formula=0(ok=0, sem=0, caption=0) table=0(ok=0) figure=0
  p142 det=0 formula=0(ok=0, sem=0, caption=0) table=0(ok=0) figure=0
  p143 det=0 formula=0(ok=0, sem=0, caption=0) table=0(ok=0) figure=0
  p144 det=0 formula=0(ok=0, sem=0, caption=0) table=0(ok=0) figure=0
  p145 det=0 formula=0(ok=0, sem=0, caption=0) table=0(ok=0) figure=0
  p146 det=0 formula=0(ok=0, sem=0, caption=0) table=0(ok=0) figure=0
  p147 det=0 formula=0(ok=0, sem=0, caption=0) table=0(ok=0) figure=0
  p148 det=0 formula=0(ok=0, sem=0, caption=0) table=0(ok=0) figure=0
  p149 det=0 formula=0(ok=0, sem=0, caption=0) table=0(ok=0) figure=0
  p150 det=0 formula=0(ok=0, sem=0, caption=0) table=0(ok=0) figure=0
  p151 det=0 formula=0(ok=0, sem=0, caption=0) table=0(ok=0) figure=0
  p152 det=2 formula=2(ok=1, sem=0, caption=1) table=0(ok=0) figure=0
       [formula] formula_00 '\\sum \\limits _ { I \\in \\Delta } ^ { M 0 \\mathrm { { U } } | \\mathfrak { h } | }'
       [formula] formula_01 '\\begin{array} { r } { \\mathsf { c k o p o c T a x \\ s \\ 1 . 1 \\ \\ V _ { N B } } '
  p153 det=0 formula=0(ok=0, sem=0, caption=0) table=0(ok=0) figure=0
  p154 det=0 formula=0(ok=0, sem=0, caption=0) table=0(ok=0) figure=0
  p155 det=0 formula=0(ok=0, sem=0, caption=0) table=0(ok=0) figure=0
  p156 det=0 formula=0(ok=0, sem=0, caption=0) table=0(ok=0) figure=0
  p157 det=0 formula=0(ok=0, sem=0, caption=0) table=0(ok=0) figure=0
  p158 det=0 formula=0(ok=0, sem=0, caption=0) table=0(ok=0) figure=0
  p159 det=0 formula=0(ok=0, sem=0, caption=0) table=0(ok=0) figure=0
  p160 det=0 formula=0(ok=0, sem=0, caption=0) table=0(ok=0) figure=0
  p161 det=0 formula=0(ok=0, sem=0, caption=0) table=0(ok=0) figure=0
  p162 det=1 formula=0(ok=0, sem=0, caption=0) table=0(ok=0) figure=1
       [figure] figure_00 'data\\cache\\figures\\РЦ AC 29-2C_2013г\\p0162_figure_00.png'
  p163 det=0 formula=0(ok=0, sem=0, caption=0) table=0(ok=0) figure=0
  p164 det=0 formula=0(ok=0, sem=0, caption=0) table=0(ok=0) figure=0
  p165 det=0 formula=0(ok=0, sem=0, caption=0) table=0(ok=0) figure=0
  p166 det=0 formula=0(ok=0, sem=0, caption=0) table=0(ok=0) figure=0
  p167 det=0 formula=0(ok=0, sem=0, caption=0) table=0(ok=0) figure=0
  p168 det=0 formula=0(ok=0, sem=0, caption=0) table=0(ok=0) figure=0
  p169 det=0 formula=0(ok=0, sem=0, caption=0) table=0(ok=0) figure=0
  p170 det=0 formula=0(ok=0, sem=0, caption=0) table=0(ok=0) figure=0
  p171 det=0 formula=0(ok=0, sem=0, caption=0) table=0(ok=0) figure=0
  p172 det=0 formula=0(ok=0, sem=0, caption=0) table=0(ok=0) figure=0
  p173 det=0 formula=0(ok=0, sem=0, caption=0) table=0(ok=0) figure=0
  p174 det=0 formula=0(ok=0, sem=0, caption=0) table=0(ok=0) figure=0
  p175 det=0 formula=0(ok=0, sem=0, caption=0) table=0(ok=0) figure=0
  p176 det=0 formula=0(ok=0, sem=0, caption=0) table=0(ok=0) figure=0
  p177 det=0 formula=0(ok=0, sem=0, caption=0) table=0(ok=0) figure=0
  p178 det=0 formula=0(ok=0, sem=0, caption=0) table=0(ok=0) figure=0
  p179 det=0 formula=0(ok=0, sem=0, caption=0) table=0(ok=0) figure=0
  p180 det=0 formula=0(ok=0, sem=0, caption=0) table=0(ok=0) figure=0
  p181 det=0 formula=0(ok=0, sem=0, caption=0) table=0(ok=0) figure=0
  p182 det=0 formula=0(ok=0, sem=0, caption=0) table=0(ok=0) figure=0
  p183 det=0 formula=0(ok=0, sem=0, caption=0) table=0(ok=0) figure=0
  p184 det=0 formula=0(ok=0, sem=0, caption=0) table=0(ok=0) figure=0
  p185 det=0 formula=0(ok=0, sem=0, caption=0) table=0(ok=0) figure=0
  p186 det=0 formula=0(ok=0, sem=0, caption=0) table=0(ok=0) figure=0
  p187 det=0 formula=0(ok=0, sem=0, caption=0) table=0(ok=0) figure=0
  p188 det=0 formula=0(ok=0, sem=0, caption=0) table=0(ok=0) figure=0
  p189 det=0 formula=0(ok=0, sem=0, caption=0) table=0(ok=0) figure=0
  p190 det=0 formula=0(ok=0, sem=0, caption=0) table=0(ok=0) figure=0
  p191 det=0 formula=0(ok=0, sem=0, caption=0) table=0(ok=0) figure=0
  p192 det=1 formula=1(ok=0, sem=0, caption=0) table=0(ok=0) figure=0
       [formula] formula_00 '\\mathbf { Q } \\mathbf { j } = ( \\mathsf { T j } ) ( \\mathsf { P j } ) , \\, \\math'
  p193 det=0 formula=0(ok=0, sem=0, caption=0) table=0(ok=0) figure=0
  p194 det=0 formula=0(ok=0, sem=0, caption=0) table=0(ok=0) figure=0
  p195 det=0 formula=0(ok=0, sem=0, caption=0) table=0(ok=0) figure=0
  p196 det=0 formula=0(ok=0, sem=0, caption=0) table=0(ok=0) figure=0
  p197 det=0 formula=0(ok=0, sem=0, caption=0) table=0(ok=0) figure=0
  p198 det=0 formula=0(ok=0, sem=0, caption=0) table=0(ok=0) figure=0
  p199 det=0 formula=0(ok=0, sem=0, caption=0) table=0(ok=0) figure=0
  p200 det=0 formula=0(ok=0, sem=0, caption=0) table=0(ok=0) figure=0
  p201 det=3 formula=3(ok=0, sem=3, caption=0) table=0(ok=0) figure=0
       [formula] formula_00 '{ \\mathsf K E } ='
       [formula] formula_01 "\\mathbf { \\Sigma } _ { ' \\mathrm { { s } } } = \\mathsf { B e p } \\mathsf { { r u"
       [formula] formula_02 '\\mathsf { G } = 3 2 , 2 \\, \\Phi'
  p202 det=0 formula=0(ok=0, sem=0, caption=0) table=0(ok=0) figure=0
  p203 det=0 formula=0(ok=0, sem=0, caption=0) table=0(ok=0) figure=0
  p204 det=0 formula=0(ok=0, sem=0, caption=0) table=0(ok=0) figure=0
  p205 det=0 formula=0(ok=0, sem=0, caption=0) table=0(ok=0) figure=0
  p206 det=0 formula=0(ok=0, sem=0, caption=0) table=0(ok=0) figure=0
  p207 det=0 formula=0(ok=0, sem=0, caption=0) table=0(ok=0) figure=0
  p208 det=0 formula=0(ok=0, sem=0, caption=0) table=0(ok=0) figure=0
  p209 det=0 formula=0(ok=0, sem=0, caption=0) table=0(ok=0) figure=0
  p210 det=0 formula=0(ok=0, sem=0, caption=0) table=0(ok=0) figure=0
  p211 det=0 formula=0(ok=0, sem=0, caption=0) table=0(ok=0) figure=0
  p212 det=0 formula=0(ok=0, sem=0, caption=0) table=0(ok=0) figure=0
  p213 det=0 formula=0(ok=0, sem=0, caption=0) table=0(ok=0) figure=0
  p214 det=0 formula=0(ok=0, sem=0, caption=0) table=0(ok=0) figure=0
  p215 det=0 formula=0(ok=0, sem=0, caption=0) table=0(ok=0) figure=0
  p216 det=0 formula=0(ok=0, sem=0, caption=0) table=0(ok=0) figure=0
  p217 det=0 formula=0(ok=0, sem=0, caption=0) table=0(ok=0) figure=0
  p218 det=0 formula=0(ok=0, sem=0, caption=0) table=0(ok=0) figure=0
  p219 det=0 formula=0(ok=0, sem=0, caption=0) table=0(ok=0) figure=0
  p220 det=0 formula=0(ok=0, sem=0, caption=0) table=0(ok=0) figure=0
  p221 det=0 formula=0(ok=0, sem=0, caption=0) table=0(ok=0) figure=0
  p222 det=0 formula=0(ok=0, sem=0, caption=0) table=0(ok=0) figure=0
  p223 det=0 formula=0(ok=0, sem=0, caption=0) table=0(ok=0) figure=0
  p224 det=0 formula=0(ok=0, sem=0, caption=0) table=0(ok=0) figure=0
  p225 det=0 formula=0(ok=0, sem=0, caption=0) table=0(ok=0) figure=0
  p226 det=0 formula=0(ok=0, sem=0, caption=0) table=0(ok=0) figure=0
  p227 det=0 formula=0(ok=0, sem=0, caption=0) table=0(ok=0) figure=0
  p228 det=0 formula=0(ok=0, sem=0, caption=0) table=0(ok=0) figure=0
  p229 det=0 formula=0(ok=0, sem=0, caption=0) table=0(ok=0) figure=0
  p230 det=0 formula=0(ok=0, sem=0, caption=0) table=0(ok=0) figure=0
  p231 det=0 formula=0(ok=0, sem=0, caption=0) table=0(ok=0) figure=0
  p232 det=0 formula=0(ok=0, sem=0, caption=0) table=0(ok=0) figure=0
  p233 det=0 formula=0(ok=0, sem=0, caption=0) table=0(ok=0) figure=0
  p234 det=0 formula=0(ok=0, sem=0, caption=0) table=0(ok=0) figure=0
  p235 det=0 formula=0(ok=0, sem=0, caption=0) table=0(ok=0) figure=0
  p236 det=0 formula=0(ok=0, sem=0, caption=0) table=0(ok=0) figure=0
  p237 det=0 formula=0(ok=0, sem=0, caption=0) table=0(ok=0) figure=0
  p238 det=0 formula=0(ok=0, sem=0, caption=0) table=0(ok=0) figure=0
  p239 det=0 formula=0(ok=0, sem=0, caption=0) table=0(ok=0) figure=0
  p240 det=0 formula=0(ok=0, sem=0, caption=0) table=0(ok=0) figure=0
  p241 det=0 formula=0(ok=0, sem=0, caption=0) table=0(ok=0) figure=0
  p242 det=0 formula=0(ok=0, sem=0, caption=0) table=0(ok=0) figure=0
  p243 det=0 formula=0(ok=0, sem=0, caption=0) table=0(ok=0) figure=0
  p244 det=0 formula=0(ok=0, sem=0, caption=0) table=0(ok=0) figure=0
  p245 det=0 formula=0(ok=0, sem=0, caption=0) table=0(ok=0) figure=0
  p246 det=0 formula=0(ok=0, sem=0, caption=0) table=0(ok=0) figure=0
  p247 det=0 formula=0(ok=0, sem=0, caption=0) table=0(ok=0) figure=0
  p248 det=0 formula=0(ok=0, sem=0, caption=0) table=0(ok=0) figure=0
  p249 det=0 formula=0(ok=0, sem=0, caption=0) table=0(ok=0) figure=0
  p250 det=0 formula=0(ok=0, sem=0, caption=0) table=0(ok=0) figure=0
  p251 det=0 formula=0(ok=0, sem=0, caption=0) table=0(ok=0) figure=0
  p252 det=0 formula=0(ok=0, sem=0, caption=0) table=0(ok=0) figure=0
  p253 det=0 formula=0(ok=0, sem=0, caption=0) table=0(ok=0) figure=0
  p254 det=0 formula=0(ok=0, sem=0, caption=0) table=0(ok=0) figure=0
  p255 det=0 formula=0(ok=0, sem=0, caption=0) table=0(ok=0) figure=0
  p256 det=0 formula=0(ok=0, sem=0, caption=0) table=0(ok=0) figure=0
  p257 det=0 formula=0(ok=0, sem=0, caption=0) table=0(ok=0) figure=0
  p258 det=0 formula=0(ok=0, sem=0, caption=0) table=0(ok=0) figure=0
  p259 det=0 formula=0(ok=0, sem=0, caption=0) table=0(ok=0) figure=0
  p260 det=0 formula=0(ok=0, sem=0, caption=0) table=0(ok=0) figure=0
  p261 det=0 formula=0(ok=0, sem=0, caption=0) table=0(ok=0) figure=0
  p262 det=0 formula=0(ok=0, sem=0, caption=0) table=0(ok=0) figure=0
  p263 det=0 formula=0(ok=0, sem=0, caption=0) table=0(ok=0) figure=0
  p264 det=0 formula=0(ok=0, sem=0, caption=0) table=0(ok=0) figure=0
  p265 det=0 formula=0(ok=0, sem=0, caption=0) table=0(ok=0) figure=0
  p266 det=0 formula=0(ok=0, sem=0, caption=0) table=0(ok=0) figure=0
  p267 det=0 formula=0(ok=0, sem=0, caption=0) table=0(ok=0) figure=0
  p268 det=0 formula=0(ok=0, sem=0, caption=0) table=0(ok=0) figure=0
  p269 det=0 formula=0(ok=0, sem=0, caption=0) table=0(ok=0) figure=0
  p270 det=1 formula=0(ok=0, sem=0, caption=0) table=1(ok=1) figure=0
       [table] table_00 '| 0.8 V NE | 25% | 0.8 V | H | 16% | 0.8 V H | 15% | | --- | --- | --- | --- | -'
  p271 det=0 formula=0(ok=0, sem=0, caption=0) table=0(ok=0) figure=0
  p272 det=0 formula=0(ok=0, sem=0, caption=0) table=0(ok=0) figure=0
  p273 det=0 formula=0(ok=0, sem=0, caption=0) table=0(ok=0) figure=0
  p274 det=0 formula=0(ok=0, sem=0, caption=0) table=0(ok=0) figure=0
  p275 det=0 formula=0(ok=0, sem=0, caption=0) table=0(ok=0) figure=0
  p276 det=0 formula=0(ok=0, sem=0, caption=0) table=0(ok=0) figure=0
  p277 det=0 formula=0(ok=0, sem=0, caption=0) table=0(ok=0) figure=0
  p278 det=0 formula=0(ok=0, sem=0, caption=0) table=0(ok=0) figure=0
  p279 det=0 formula=0(ok=0, sem=0, caption=0) table=0(ok=0) figure=0
  p280 det=0 formula=0(ok=0, sem=0, caption=0) table=0(ok=0) figure=0
  p281 det=0 formula=0(ok=0, sem=0, caption=0) table=0(ok=0) figure=0
  p282 det=0 formula=0(ok=0, sem=0, caption=0) table=0(ok=0) figure=0
  p283 det=0 formula=0(ok=0, sem=0, caption=0) table=0(ok=0) figure=0
  p284 det=0 formula=0(ok=0, sem=0, caption=0) table=0(ok=0) figure=0
  p285 det=0 formula=0(ok=0, sem=0, caption=0) table=0(ok=0) figure=0
  p286 det=0 formula=0(ok=0, sem=0, caption=0) table=0(ok=0) figure=0
  p287 det=0 formula=0(ok=0, sem=0, caption=0) table=0(ok=0) figure=0
  p288 det=0 formula=0(ok=0, sem=0, caption=0) table=0(ok=0) figure=0
  p289 det=0 formula=0(ok=0, sem=0, caption=0) table=0(ok=0) figure=0
  p290 det=0 formula=0(ok=0, sem=0, caption=0) table=0(ok=0) figure=0
  p291 det=1 formula=0(ok=0, sem=0, caption=0) table=1(ok=1) figure=0
       [table] table_00 '| ДОПОЛНИТЕЛЬНЫЙ |  |  |  |  | | --- | --- | --- | --- | --- | | КОЭФФИЦИЕНТ | Т'
  p292 det=0 formula=0(ok=0, sem=0, caption=0) table=0(ok=0) figure=0
  p293 det=0 formula=0(ok=0, sem=0, caption=0) table=0(ok=0) figure=0
  p294 det=0 formula=0(ok=0, sem=0, caption=0) table=0(ok=0) figure=0
  p295 det=0 formula=0(ok=0, sem=0, caption=0) table=0(ok=0) figure=0
  p296 det=0 formula=0(ok=0, sem=0, caption=0) table=0(ok=0) figure=0
  p297 det=0 formula=0(ok=0, sem=0, caption=0) table=0(ok=0) figure=0
  p298 det=0 formula=0(ok=0, sem=0, caption=0) table=0(ok=0) figure=0
  p299 det=1 formula=1(ok=0, sem=1, caption=0) table=0(ok=0) figure=0
       [formula] formula_00 '\\begin{array} { r l } & { ( 0 , 7 9 2 \\, \\mathrm { ~ c a d } ) \\; \\equiv \\; \\mat'
  p300 det=0 formula=0(ok=0, sem=0, caption=0) table=0(ok=0) figure=0
  p301 det=0 formula=0(ok=0, sem=0, caption=0) table=0(ok=0) figure=0
  p302 det=0 formula=0(ok=0, sem=0, caption=0) table=0(ok=0) figure=0
  p303 det=0 formula=0(ok=0, sem=0, caption=0) table=0(ok=0) figure=0
  p304 det=0 formula=0(ok=0, sem=0, caption=0) table=0(ok=0) figure=0
  p305 det=0 formula=0(ok=0, sem=0, caption=0) table=0(ok=0) figure=0
  p306 det=0 formula=0(ok=0, sem=0, caption=0) table=0(ok=0) figure=0
  p307 det=0 formula=0(ok=0, sem=0, caption=0) table=0(ok=0) figure=0
  p308 det=0 formula=0(ok=0, sem=0, caption=0) table=0(ok=0) figure=0
  p309 det=0 formula=0(ok=0, sem=0, caption=0) table=0(ok=0) figure=0
  p310 det=0 formula=0(ok=0, sem=0, caption=0) table=0(ok=0) figure=0
  p311 det=0 formula=0(ok=0, sem=0, caption=0) table=0(ok=0) figure=0
  p312 det=0 formula=0(ok=0, sem=0, caption=0) table=0(ok=0) figure=0
  p313 det=0 formula=0(ok=0, sem=0, caption=0) table=0(ok=0) figure=0
  p314 det=0 formula=0(ok=0, sem=0, caption=0) table=0(ok=0) figure=0
  p315 det=0 formula=0(ok=0, sem=0, caption=0) table=0(ok=0) figure=0
  p316 det=0 formula=0(ok=0, sem=0, caption=0) table=0(ok=0) figure=0
  p317 det=0 formula=0(ok=0, sem=0, caption=0) table=0(ok=0) figure=0
  p318 det=0 formula=0(ok=0, sem=0, caption=0) table=0(ok=0) figure=0
  p319 det=0 formula=0(ok=0, sem=0, caption=0) table=0(ok=0) figure=0
  p320 det=0 formula=0(ok=0, sem=0, caption=0) table=0(ok=0) figure=0
  p321 det=0 formula=0(ok=0, sem=0, caption=0) table=0(ok=0) figure=0
  p322 det=0 formula=0(ok=0, sem=0, caption=0) table=0(ok=0) figure=0
  p323 det=0 formula=0(ok=0, sem=0, caption=0) table=0(ok=0) figure=0
  p324 det=0 formula=0(ok=0, sem=0, caption=0) table=0(ok=0) figure=0
  p325 det=0 formula=0(ok=0, sem=0, caption=0) table=0(ok=0) figure=0
  p326 det=0 formula=0(ok=0, sem=0, caption=0) table=0(ok=0) figure=0
  p327 det=0 formula=0(ok=0, sem=0, caption=0) table=0(ok=0) figure=0
  p328 det=0 formula=0(ok=0, sem=0, caption=0) table=0(ok=0) figure=0
  p329 det=0 formula=0(ok=0, sem=0, caption=0) table=0(ok=0) figure=0
  p330 det=0 formula=0(ok=0, sem=0, caption=0) table=0(ok=0) figure=0
  p331 det=0 formula=0(ok=0, sem=0, caption=0) table=0(ok=0) figure=0
  p332 det=0 formula=0(ok=0, sem=0, caption=0) table=0(ok=0) figure=0
  p333 det=0 formula=0(ok=0, sem=0, caption=0) table=0(ok=0) figure=0
  p334 det=0 formula=0(ok=0, sem=0, caption=0) table=0(ok=0) figure=0
  p335 det=1 formula=1(ok=0, sem=1, caption=0) table=0(ok=0) figure=0
       [formula] formula_00 '\\begin{array} { r l } { \\allowdisplaybreaks \\mathrm { ~ A 0 ~ } \\mathrm { ~ 5 0 '
  p336 det=0 formula=0(ok=0, sem=0, caption=0) table=0(ok=0) figure=0
  p337 det=0 formula=0(ok=0, sem=0, caption=0) table=0(ok=0) figure=0
  p338 det=0 formula=0(ok=0, sem=0, caption=0) table=0(ok=0) figure=0
  p339 det=0 formula=0(ok=0, sem=0, caption=0) table=0(ok=0) figure=0
  p340 det=0 formula=0(ok=0, sem=0, caption=0) table=0(ok=0) figure=0
  p341 det=0 formula=0(ok=0, sem=0, caption=0) table=0(ok=0) figure=0
  p342 det=0 formula=0(ok=0, sem=0, caption=0) table=0(ok=0) figure=0
  p343 det=0 formula=0(ok=0, sem=0, caption=0) table=0(ok=0) figure=0
  p344 det=0 formula=0(ok=0, sem=0, caption=0) table=0(ok=0) figure=0
  p345 det=0 formula=0(ok=0, sem=0, caption=0) table=0(ok=0) figure=0
  p346 det=0 formula=0(ok=0, sem=0, caption=0) table=0(ok=0) figure=0
  p347 det=0 formula=0(ok=0, sem=0, caption=0) table=0(ok=0) figure=0
  p348 det=0 formula=0(ok=0, sem=0, caption=0) table=0(ok=0) figure=0
  p349 det=0 formula=0(ok=0, sem=0, caption=0) table=0(ok=0) figure=0
  p350 det=0 formula=0(ok=0, sem=0, caption=0) table=0(ok=0) figure=0
  p351 det=0 formula=0(ok=0, sem=0, caption=0) table=0(ok=0) figure=0
  p352 det=0 formula=0(ok=0, sem=0, caption=0) table=0(ok=0) figure=0
  p353 det=0 formula=0(ok=0, sem=0, caption=0) table=0(ok=0) figure=0
  p354 det=0 formula=0(ok=0, sem=0, caption=0) table=0(ok=0) figure=0
  p355 det=0 formula=0(ok=0, sem=0, caption=0) table=0(ok=0) figure=0
  p356 det=0 formula=0(ok=0, sem=0, caption=0) table=0(ok=0) figure=0
  p357 det=0 formula=0(ok=0, sem=0, caption=0) table=0(ok=0) figure=0
  p358 det=0 formula=0(ok=0, sem=0, caption=0) table=0(ok=0) figure=0
  p359 det=0 formula=0(ok=0, sem=0, caption=0) table=0(ok=0) figure=0
  p360 det=0 formula=0(ok=0, sem=0, caption=0) table=0(ok=0) figure=0
  p361 det=0 formula=0(ok=0, sem=0, caption=0) table=0(ok=0) figure=0
  p362 det=0 formula=0(ok=0, sem=0, caption=0) table=0(ok=0) figure=0
  p363 det=0 formula=0(ok=0, sem=0, caption=0) table=0(ok=0) figure=0
  p364 det=0 formula=0(ok=0, sem=0, caption=0) table=0(ok=0) figure=0
  p365 det=0 formula=0(ok=0, sem=0, caption=0) table=0(ok=0) figure=0
  p366 det=0 formula=0(ok=0, sem=0, caption=0) table=0(ok=0) figure=0
  p367 det=0 formula=0(ok=0, sem=0, caption=0) table=0(ok=0) figure=0
  p368 det=1 formula=0(ok=0, sem=0, caption=0) table=1(ok=1) figure=0
       [table] table_00 '| Баллы | Описание состояние моря | Метры | Футы | $Узлы (км/ч)$ | | --- | --- |'
  p369 det=0 formula=0(ok=0, sem=0, caption=0) table=0(ok=0) figure=0
  p370 det=0 formula=0(ok=0, sem=0, caption=0) table=0(ok=0) figure=0
  p371 det=1 formula=0(ok=0, sem=0, caption=0) table=1(ok=1) figure=0
       [table] table_00 '|  |  | $равным 1/3 ширины) с каждого борта фюзеляжа$ |  | | --- | --- | --- | -'
  p372 det=0 formula=0(ok=0, sem=0, caption=0) table=0(ok=0) figure=0
  p373 det=0 formula=0(ok=0, sem=0, caption=0) table=0(ok=0) figure=0
  p374 det=0 formula=0(ok=0, sem=0, caption=0) table=0(ok=0) figure=0
  p375 det=0 formula=0(ok=0, sem=0, caption=0) table=0(ok=0) figure=0
  p376 det=0 formula=0(ok=0, sem=0, caption=0) table=0(ok=0) figure=0
  p377 det=0 formula=0(ok=0, sem=0, caption=0) table=0(ok=0) figure=0
  p378 det=0 formula=0(ok=0, sem=0, caption=0) table=0(ok=0) figure=0
  p379 det=0 formula=0(ok=0, sem=0, caption=0) table=0(ok=0) figure=0
  p380 det=0 formula=0(ok=0, sem=0, caption=0) table=0(ok=0) figure=0
  p381 det=0 formula=0(ok=0, sem=0, caption=0) table=0(ok=0) figure=0
  p382 det=0 formula=0(ok=0, sem=0, caption=0) table=0(ok=0) figure=0
  p383 det=0 formula=0(ok=0, sem=0, caption=0) table=0(ok=0) figure=0
  p384 det=0 formula=0(ok=0, sem=0, caption=0) table=0(ok=0) figure=0
  p385 det=0 formula=0(ok=0, sem=0, caption=0) table=0(ok=0) figure=0
  p386 det=0 formula=0(ok=0, sem=0, caption=0) table=0(ok=0) figure=0
  p387 det=0 formula=0(ok=0, sem=0, caption=0) table=0(ok=0) figure=0
  p388 det=0 formula=0(ok=0, sem=0, caption=0) table=0(ok=0) figure=0
  p389 det=0 formula=0(ok=0, sem=0, caption=0) table=0(ok=0) figure=0
  p390 det=1 formula=1(ok=0, sem=1, caption=0) table=0(ok=0) figure=0
       [formula] formula_00 '{ \\begin{array} { l } { \\mathbf { \\Delta \\ o t n b e b e b e , ~ n o x a p , ~ n'
  p391 det=0 formula=0(ok=0, sem=0, caption=0) table=0(ok=0) figure=0
  p392 det=0 formula=0(ok=0, sem=0, caption=0) table=0(ok=0) figure=0
  p393 det=0 formula=0(ok=0, sem=0, caption=0) table=0(ok=0) figure=0
  p394 det=0 formula=0(ok=0, sem=0, caption=0) table=0(ok=0) figure=0
  p395 det=2 formula=2(ok=0, sem=1, caption=0) table=0(ok=0) figure=0
       [formula] formula_00 '{ \\mathsf { D a c c r o s h t H e ~ o r ~ n o w a p a ~ } } { \\mathsf { H M W a '
       [formula] formula_01 '\\begin{array} { l } { { \\sf D O N M I d } \\Theta \\Theta \\Theta \\Theta ^ { \\prime'
  p396 det=0 formula=0(ok=0, sem=0, caption=0) table=0(ok=0) figure=0
  p397 det=0 formula=0(ok=0, sem=0, caption=0) table=0(ok=0) figure=0
  p398 det=0 formula=0(ok=0, sem=0, caption=0) table=0(ok=0) figure=0
  p399 det=0 formula=0(ok=0, sem=0, caption=0) table=0(ok=0) figure=0
  p400 det=0 formula=0(ok=0, sem=0, caption=0) table=0(ok=0) figure=0
  p401 det=0 formula=0(ok=0, sem=0, caption=0) table=0(ok=0) figure=0
  p402 det=0 formula=0(ok=0, sem=0, caption=0) table=0(ok=0) figure=0
  p403 det=0 formula=0(ok=0, sem=0, caption=0) table=0(ok=0) figure=0
  p404 det=0 formula=0(ok=0, sem=0, caption=0) table=0(ok=0) figure=0
  p405 det=0 formula=0(ok=0, sem=0, caption=0) table=0(ok=0) figure=0
  p406 det=0 formula=0(ok=0, sem=0, caption=0) table=0(ok=0) figure=0
  p407 det=0 formula=0(ok=0, sem=0, caption=0) table=0(ok=0) figure=0
  p408 det=0 formula=0(ok=0, sem=0, caption=0) table=0(ok=0) figure=0
  p409 det=0 formula=0(ok=0, sem=0, caption=0) table=0(ok=0) figure=0
  p410 det=0 formula=0(ok=0, sem=0, caption=0) table=0(ok=0) figure=0
  p411 det=0 formula=0(ok=0, sem=0, caption=0) table=0(ok=0) figure=0
  p412 det=0 formula=0(ok=0, sem=0, caption=0) table=0(ok=0) figure=0
  p413 det=0 formula=0(ok=0, sem=0, caption=0) table=0(ok=0) figure=0
  p414 det=0 formula=0(ok=0, sem=0, caption=0) table=0(ok=0) figure=0
  p415 det=0 formula=0(ok=0, sem=0, caption=0) table=0(ok=0) figure=0
  p416 det=0 formula=0(ok=0, sem=0, caption=0) table=0(ok=0) figure=0
  p417 det=0 formula=0(ok=0, sem=0, caption=0) table=0(ok=0) figure=0
  p418 det=0 formula=0(ok=0, sem=0, caption=0) table=0(ok=0) figure=0
  p419 det=0 formula=0(ok=0, sem=0, caption=0) table=0(ok=0) figure=0
  p420 det=0 formula=0(ok=0, sem=0, caption=0) table=0(ok=0) figure=0
  p421 det=0 formula=0(ok=0, sem=0, caption=0) table=0(ok=0) figure=0
  p422 det=0 formula=0(ok=0, sem=0, caption=0) table=0(ok=0) figure=0
  p423 det=0 formula=0(ok=0, sem=0, caption=0) table=0(ok=0) figure=0
  p424 det=0 formula=0(ok=0, sem=0, caption=0) table=0(ok=0) figure=0
  p425 det=0 formula=0(ok=0, sem=0, caption=0) table=0(ok=0) figure=0
  p426 det=0 formula=0(ok=0, sem=0, caption=0) table=0(ok=0) figure=0
  p427 det=0 formula=0(ok=0, sem=0, caption=0) table=0(ok=0) figure=0
  p428 det=0 formula=0(ok=0, sem=0, caption=0) table=0(ok=0) figure=0
  p429 det=0 formula=0(ok=0, sem=0, caption=0) table=0(ok=0) figure=0
  p430 det=0 formula=0(ok=0, sem=0, caption=0) table=0(ok=0) figure=0
  p431 det=0 formula=0(ok=0, sem=0, caption=0) table=0(ok=0) figure=0
  p432 det=0 formula=0(ok=0, sem=0, caption=0) table=0(ok=0) figure=0
  p433 det=0 formula=0(ok=0, sem=0, caption=0) table=0(ok=0) figure=0
  p434 det=0 formula=0(ok=0, sem=0, caption=0) table=0(ok=0) figure=0
  p435 det=0 formula=0(ok=0, sem=0, caption=0) table=0(ok=0) figure=0
  p436 det=0 formula=0(ok=0, sem=0, caption=0) table=0(ok=0) figure=0
  p437 det=0 formula=0(ok=0, sem=0, caption=0) table=0(ok=0) figure=0
  p438 det=0 formula=0(ok=0, sem=0, caption=0) table=0(ok=0) figure=0
  p439 det=0 formula=0(ok=0, sem=0, caption=0) table=0(ok=0) figure=0
  p440 det=0 formula=0(ok=0, sem=0, caption=0) table=0(ok=0) figure=0
  p441 det=0 formula=0(ok=0, sem=0, caption=0) table=0(ok=0) figure=0
  p442 det=0 formula=0(ok=0, sem=0, caption=0) table=0(ok=0) figure=0
  p443 det=0 formula=0(ok=0, sem=0, caption=0) table=0(ok=0) figure=0
  p444 det=0 formula=0(ok=0, sem=0, caption=0) table=0(ok=0) figure=0
  p445 det=0 formula=0(ok=0, sem=0, caption=0) table=0(ok=0) figure=0
  p446 det=0 formula=0(ok=0, sem=0, caption=0) table=0(ok=0) figure=0
  p447 det=0 formula=0(ok=0, sem=0, caption=0) table=0(ok=0) figure=0
  p448 det=0 formula=0(ok=0, sem=0, caption=0) table=0(ok=0) figure=0
  p449 det=0 formula=0(ok=0, sem=0, caption=0) table=0(ok=0) figure=0
  p450 det=0 formula=0(ok=0, sem=0, caption=0) table=0(ok=0) figure=0
  p451 det=0 formula=0(ok=0, sem=0, caption=0) table=0(ok=0) figure=0
  p452 det=0 formula=0(ok=0, sem=0, caption=0) table=0(ok=0) figure=0
  p453 det=0 formula=0(ok=0, sem=0, caption=0) table=0(ok=0) figure=0
  p454 det=0 formula=0(ok=0, sem=0, caption=0) table=0(ok=0) figure=0
  p455 det=0 formula=0(ok=0, sem=0, caption=0) table=0(ok=0) figure=0
  p456 det=0 formula=0(ok=0, sem=0, caption=0) table=0(ok=0) figure=0
  p457 det=0 formula=0(ok=0, sem=0, caption=0) table=0(ok=0) figure=0
  p458 det=0 formula=0(ok=0, sem=0, caption=0) table=0(ok=0) figure=0
  p459 det=0 formula=0(ok=0, sem=0, caption=0) table=0(ok=0) figure=0
  p460 det=0 formula=0(ok=0, sem=0, caption=0) table=0(ok=0) figure=0
  p461 det=0 formula=0(ok=0, sem=0, caption=0) table=0(ok=0) figure=0
  p462 det=0 formula=0(ok=0, sem=0, caption=0) table=0(ok=0) figure=0
  p463 det=0 formula=0(ok=0, sem=0, caption=0) table=0(ok=0) figure=0
  p464 det=0 formula=0(ok=0, sem=0, caption=0) table=0(ok=0) figure=0
  p465 det=0 formula=0(ok=0, sem=0, caption=0) table=0(ok=0) figure=0
  p466 det=0 formula=0(ok=0, sem=0, caption=0) table=0(ok=0) figure=0
  p467 det=0 formula=0(ok=0, sem=0, caption=0) table=0(ok=0) figure=0
  p468 det=0 formula=0(ok=0, sem=0, caption=0) table=0(ok=0) figure=0
  p469 det=0 formula=0(ok=0, sem=0, caption=0) table=0(ok=0) figure=0
  p470 det=0 formula=0(ok=0, sem=0, caption=0) table=0(ok=0) figure=0
  p471 det=0 formula=0(ok=0, sem=0, caption=0) table=0(ok=0) figure=0
  p472 det=0 formula=0(ok=0, sem=0, caption=0) table=0(ok=0) figure=0
  p473 det=0 formula=0(ok=0, sem=0, caption=0) table=0(ok=0) figure=0
  p474 det=0 formula=0(ok=0, sem=0, caption=0) table=0(ok=0) figure=0
  p475 det=0 formula=0(ok=0, sem=0, caption=0) table=0(ok=0) figure=0
  p476 det=0 formula=0(ok=0, sem=0, caption=0) table=0(ok=0) figure=0
  p477 det=0 formula=0(ok=0, sem=0, caption=0) table=0(ok=0) figure=0
  p478 det=0 formula=0(ok=0, sem=0, caption=0) table=0(ok=0) figure=0
  p479 det=0 formula=0(ok=0, sem=0, caption=0) table=0(ok=0) figure=0
  p480 det=0 formula=0(ok=0, sem=0, caption=0) table=0(ok=0) figure=0
  p481 det=0 formula=0(ok=0, sem=0, caption=0) table=0(ok=0) figure=0
  p482 det=0 formula=0(ok=0, sem=0, caption=0) table=0(ok=0) figure=0
  p483 det=0 formula=0(ok=0, sem=0, caption=0) table=0(ok=0) figure=0
  p484 det=0 formula=0(ok=0, sem=0, caption=0) table=0(ok=0) figure=0
  p485 det=0 formula=0(ok=0, sem=0, caption=0) table=0(ok=0) figure=0
  p486 det=0 formula=0(ok=0, sem=0, caption=0) table=0(ok=0) figure=0
  p487 det=0 formula=0(ok=0, sem=0, caption=0) table=0(ok=0) figure=0
  p488 det=0 formula=0(ok=0, sem=0, caption=0) table=0(ok=0) figure=0
  p489 det=0 formula=0(ok=0, sem=0, caption=0) table=0(ok=0) figure=0
  p490 det=0 formula=0(ok=0, sem=0, caption=0) table=0(ok=0) figure=0
  p491 det=0 formula=0(ok=0, sem=0, caption=0) table=0(ok=0) figure=0
  p492 det=0 formula=0(ok=0, sem=0, caption=0) table=0(ok=0) figure=0
  p493 det=0 formula=0(ok=0, sem=0, caption=0) table=0(ok=0) figure=0
  p494 det=0 formula=0(ok=0, sem=0, caption=0) table=0(ok=0) figure=0
  p495 det=0 formula=0(ok=0, sem=0, caption=0) table=0(ok=0) figure=0
  p496 det=0 formula=0(ok=0, sem=0, caption=0) table=0(ok=0) figure=0
  p497 det=0 formula=0(ok=0, sem=0, caption=0) table=0(ok=0) figure=0
  p498 det=0 formula=0(ok=0, sem=0, caption=0) table=0(ok=0) figure=0
  p499 det=0 formula=0(ok=0, sem=0, caption=0) table=0(ok=0) figure=0
  p500 det=0 formula=0(ok=0, sem=0, caption=0) table=0(ok=0) figure=0
  p501 det=0 formula=0(ok=0, sem=0, caption=0) table=0(ok=0) figure=0
  p502 det=0 formula=0(ok=0, sem=0, caption=0) table=0(ok=0) figure=0
  p503 det=0 formula=0(ok=0, sem=0, caption=0) table=0(ok=0) figure=0
  p504 det=0 formula=0(ok=0, sem=0, caption=0) table=0(ok=0) figure=0
  p505 det=0 formula=0(ok=0, sem=0, caption=0) table=0(ok=0) figure=0
  p506 det=1 formula=0(ok=0, sem=0, caption=0) table=0(ok=0) figure=1
       [figure] figure_00 'data\\cache\\figures\\РЦ AC 29-2C_2013г\\p0506_figure_00.png'
  p507 det=0 formula=0(ok=0, sem=0, caption=0) table=0(ok=0) figure=0
  p508 det=0 formula=0(ok=0, sem=0, caption=0) table=0(ok=0) figure=0
  p509 det=0 formula=0(ok=0, sem=0, caption=0) table=0(ok=0) figure=0
  p510 det=0 formula=0(ok=0, sem=0, caption=0) table=0(ok=0) figure=0
  p511 det=0 formula=0(ok=0, sem=0, caption=0) table=0(ok=0) figure=0
  p512 det=0 formula=0(ok=0, sem=0, caption=0) table=0(ok=0) figure=0
  p513 det=0 formula=0(ok=0, sem=0, caption=0) table=0(ok=0) figure=0
  p514 det=0 formula=0(ok=0, sem=0, caption=0) table=0(ok=0) figure=0
  p515 det=0 formula=0(ok=0, sem=0, caption=0) table=0(ok=0) figure=0
  p516 det=0 formula=0(ok=0, sem=0, caption=0) table=0(ok=0) figure=0
  p517 det=0 formula=0(ok=0, sem=0, caption=0) table=0(ok=0) figure=0
  p518 det=0 formula=0(ok=0, sem=0, caption=0) table=0(ok=0) figure=0
  p519 det=0 formula=0(ok=0, sem=0, caption=0) table=0(ok=0) figure=0
  p520 det=1 formula=1(ok=1, sem=0, caption=0) table=0(ok=0) figure=0
       [formula] formula_00 '\\overline { { \\frac { k } { M + 0 . 2 3 m } } }'
  p521 det=0 formula=0(ok=0, sem=0, caption=0) table=0(ok=0) figure=0
  p522 det=0 formula=0(ok=0, sem=0, caption=0) table=0(ok=0) figure=0
  p523 det=0 formula=0(ok=0, sem=0, caption=0) table=0(ok=0) figure=0
  p524 det=0 formula=0(ok=0, sem=0, caption=0) table=0(ok=0) figure=0
  p525 det=0 formula=0(ok=0, sem=0, caption=0) table=0(ok=0) figure=0
  p526 det=0 formula=0(ok=0, sem=0, caption=0) table=0(ok=0) figure=0
  p527 det=0 formula=0(ok=0, sem=0, caption=0) table=0(ok=0) figure=0
  p528 det=0 formula=0(ok=0, sem=0, caption=0) table=0(ok=0) figure=0
  p529 det=0 formula=0(ok=0, sem=0, caption=0) table=0(ok=0) figure=0
  p530 det=0 formula=0(ok=0, sem=0, caption=0) table=0(ok=0) figure=0
  p531 det=0 formula=0(ok=0, sem=0, caption=0) table=0(ok=0) figure=0
  p532 det=0 formula=0(ok=0, sem=0, caption=0) table=0(ok=0) figure=0
  p533 det=0 formula=0(ok=0, sem=0, caption=0) table=0(ok=0) figure=0
  p534 det=1 formula=1(ok=0, sem=0, caption=1) table=0(ok=0) figure=0
       [formula] formula_00 '\\begin{array} { l l } { { } } & { { M 3 M \\sf e H e H M e ~ ~ \\sf ~ C K O p O C '
  p535 det=0 formula=0(ok=0, sem=0, caption=0) table=0(ok=0) figure=0
  p536 det=0 formula=0(ok=0, sem=0, caption=0) table=0(ok=0) figure=0
  p537 det=0 formula=0(ok=0, sem=0, caption=0) table=0(ok=0) figure=0
  p538 det=1 formula=1(ok=0, sem=0, caption=0) table=0(ok=0) figure=0
       [formula] formula_00 '\\begin{array} { r l } & { \\mathrm { T a R M e } \\, \\, \\, \\mathsf { n s R T e r T'
  p539 det=0 formula=0(ok=0, sem=0, caption=0) table=0(ok=0) figure=0
  p540 det=0 formula=0(ok=0, sem=0, caption=0) table=0(ok=0) figure=0
  p541 det=0 formula=0(ok=0, sem=0, caption=0) table=0(ok=0) figure=0
  p542 det=0 formula=0(ok=0, sem=0, caption=0) table=0(ok=0) figure=0
  p543 det=0 formula=0(ok=0, sem=0, caption=0) table=0(ok=0) figure=0
  p544 det=0 formula=0(ok=0, sem=0, caption=0) table=0(ok=0) figure=0
  p545 det=0 formula=0(ok=0, sem=0, caption=0) table=0(ok=0) figure=0
  p546 det=0 formula=0(ok=0, sem=0, caption=0) table=0(ok=0) figure=0
  p547 det=1 formula=0(ok=0, sem=0, caption=0) table=0(ok=0) figure=1
       [figure] figure_00 'data\\cache\\figures\\РЦ AC 29-2C_2013г\\p0547_figure_00.png'
  p548 det=0 formula=0(ok=0, sem=0, caption=0) table=0(ok=0) figure=0
  p549 det=0 formula=0(ok=0, sem=0, caption=0) table=0(ok=0) figure=0
  p550 det=0 formula=0(ok=0, sem=0, caption=0) table=0(ok=0) figure=0
  p551 det=0 formula=0(ok=0, sem=0, caption=0) table=0(ok=0) figure=0
  p552 det=0 formula=0(ok=0, sem=0, caption=0) table=0(ok=0) figure=0
  p553 det=0 formula=0(ok=0, sem=0, caption=0) table=0(ok=0) figure=0
  p554 det=0 formula=0(ok=0, sem=0, caption=0) table=0(ok=0) figure=0
  p555 det=0 formula=0(ok=0, sem=0, caption=0) table=0(ok=0) figure=0
  p556 det=0 formula=0(ok=0, sem=0, caption=0) table=0(ok=0) figure=0
  p557 det=0 formula=0(ok=0, sem=0, caption=0) table=0(ok=0) figure=0
  p558 det=0 formula=0(ok=0, sem=0, caption=0) table=0(ok=0) figure=0
  p559 det=0 formula=0(ok=0, sem=0, caption=0) table=0(ok=0) figure=0
  p560 det=0 formula=0(ok=0, sem=0, caption=0) table=0(ok=0) figure=0
  p561 det=0 formula=0(ok=0, sem=0, caption=0) table=0(ok=0) figure=0
  p562 det=0 formula=0(ok=0, sem=0, caption=0) table=0(ok=0) figure=0
  p563 det=0 formula=0(ok=0, sem=0, caption=0) table=0(ok=0) figure=0
  p564 det=0 formula=0(ok=0, sem=0, caption=0) table=0(ok=0) figure=0
  p565 det=0 formula=0(ok=0, sem=0, caption=0) table=0(ok=0) figure=0
  p566 det=0 formula=0(ok=0, sem=0, caption=0) table=0(ok=0) figure=0
  p567 det=0 formula=0(ok=0, sem=0, caption=0) table=0(ok=0) figure=0
  p568 det=0 formula=0(ok=0, sem=0, caption=0) table=0(ok=0) figure=0
  p569 det=0 formula=0(ok=0, sem=0, caption=0) table=0(ok=0) figure=0
  p570 det=0 formula=0(ok=0, sem=0, caption=0) table=0(ok=0) figure=0
  p571 det=0 formula=0(ok=0, sem=0, caption=0) table=0(ok=0) figure=0
  p572 det=0 formula=0(ok=0, sem=0, caption=0) table=0(ok=0) figure=0
  p573 det=0 formula=0(ok=0, sem=0, caption=0) table=0(ok=0) figure=0
  p574 det=0 formula=0(ok=0, sem=0, caption=0) table=0(ok=0) figure=0
  p575 det=0 formula=0(ok=0, sem=0, caption=0) table=0(ok=0) figure=0
  p576 det=0 formula=0(ok=0, sem=0, caption=0) table=0(ok=0) figure=0
  p577 det=0 formula=0(ok=0, sem=0, caption=0) table=0(ok=0) figure=0
  p578 det=0 formula=0(ok=0, sem=0, caption=0) table=0(ok=0) figure=0
  p579 det=0 formula=0(ok=0, sem=0, caption=0) table=0(ok=0) figure=0
  p580 det=0 formula=0(ok=0, sem=0, caption=0) table=0(ok=0) figure=0
  p581 det=0 formula=0(ok=0, sem=0, caption=0) table=0(ok=0) figure=0
  p582 det=0 formula=0(ok=0, sem=0, caption=0) table=0(ok=0) figure=0
  p583 det=0 formula=0(ok=0, sem=0, caption=0) table=0(ok=0) figure=0
  p584 det=0 formula=0(ok=0, sem=0, caption=0) table=0(ok=0) figure=0
  p585 det=0 formula=0(ok=0, sem=0, caption=0) table=0(ok=0) figure=0
  p586 det=0 formula=0(ok=0, sem=0, caption=0) table=0(ok=0) figure=0
  p587 det=0 formula=0(ok=0, sem=0, caption=0) table=0(ok=0) figure=0
  p588 det=0 formula=0(ok=0, sem=0, caption=0) table=0(ok=0) figure=0
  p589 det=0 formula=0(ok=0, sem=0, caption=0) table=0(ok=0) figure=0
  p590 det=0 formula=0(ok=0, sem=0, caption=0) table=0(ok=0) figure=0
  p591 det=0 formula=0(ok=0, sem=0, caption=0) table=0(ok=0) figure=0
  p592 det=0 formula=0(ok=0, sem=0, caption=0) table=0(ok=0) figure=0
  p593 det=0 formula=0(ok=0, sem=0, caption=0) table=0(ok=0) figure=0
  p594 det=0 formula=0(ok=0, sem=0, caption=0) table=0(ok=0) figure=0
  p595 det=0 formula=0(ok=0, sem=0, caption=0) table=0(ok=0) figure=0
  p596 det=1 formula=1(ok=0, sem=0, caption=0) table=0(ok=0) figure=0
       [formula] formula_00 '\\begin{array} { l } { \\mathsf { b } \\ \\Pi \\mathsf { p e } \\Pi \\mathsf { e } \\mat'
  p597 det=0 formula=0(ok=0, sem=0, caption=0) table=0(ok=0) figure=0
  p598 det=0 formula=0(ok=0, sem=0, caption=0) table=0(ok=0) figure=0
  p599 det=0 formula=0(ok=0, sem=0, caption=0) table=0(ok=0) figure=0
  p600 det=0 formula=0(ok=0, sem=0, caption=0) table=0(ok=0) figure=0
  p601 det=0 formula=0(ok=0, sem=0, caption=0) table=0(ok=0) figure=0
  p602 det=0 formula=0(ok=0, sem=0, caption=0) table=0(ok=0) figure=0
  p603 det=0 formula=0(ok=0, sem=0, caption=0) table=0(ok=0) figure=0
  p604 det=0 formula=0(ok=0, sem=0, caption=0) table=0(ok=0) figure=0
  p605 det=0 formula=0(ok=0, sem=0, caption=0) table=0(ok=0) figure=0
  p606 det=0 formula=0(ok=0, sem=0, caption=0) table=0(ok=0) figure=0
  p607 det=0 formula=0(ok=0, sem=0, caption=0) table=0(ok=0) figure=0
  p608 det=0 formula=0(ok=0, sem=0, caption=0) table=0(ok=0) figure=0
  p609 det=0 formula=0(ok=0, sem=0, caption=0) table=0(ok=0) figure=0
  p610 det=0 formula=0(ok=0, sem=0, caption=0) table=0(ok=0) figure=0
  p611 det=0 formula=0(ok=0, sem=0, caption=0) table=0(ok=0) figure=0
  p612 det=0 formula=0(ok=0, sem=0, caption=0) table=0(ok=0) figure=0
  p613 det=0 formula=0(ok=0, sem=0, caption=0) table=0(ok=0) figure=0
  p614 det=0 formula=0(ok=0, sem=0, caption=0) table=0(ok=0) figure=0
  p615 det=0 formula=0(ok=0, sem=0, caption=0) table=0(ok=0) figure=0
  p616 det=0 formula=0(ok=0, sem=0, caption=0) table=0(ok=0) figure=0
  p617 det=0 formula=0(ok=0, sem=0, caption=0) table=0(ok=0) figure=0
  p618 det=0 formula=0(ok=0, sem=0, caption=0) table=0(ok=0) figure=0
  p619 det=0 formula=0(ok=0, sem=0, caption=0) table=0(ok=0) figure=0
  p620 det=0 formula=0(ok=0, sem=0, caption=0) table=0(ok=0) figure=0
  p621 det=0 formula=0(ok=0, sem=0, caption=0) table=0(ok=0) figure=0
  p622 det=0 formula=0(ok=0, sem=0, caption=0) table=0(ok=0) figure=0
  p623 det=0 formula=0(ok=0, sem=0, caption=0) table=0(ok=0) figure=0
  p624 det=1 formula=1(ok=0, sem=1, caption=0) table=0(ok=0) figure=0
       [formula] formula_00 '\\begin{array} { l } { { \\mathsf { D u p p l b } } \\; \\; { \\mathsf { A O C T H T '
  p625 det=0 formula=0(ok=0, sem=0, caption=0) table=0(ok=0) figure=0
  p626 det=0 formula=0(ok=0, sem=0, caption=0) table=0(ok=0) figure=0
  p627 det=0 formula=0(ok=0, sem=0, caption=0) table=0(ok=0) figure=0
  p628 det=0 formula=0(ok=0, sem=0, caption=0) table=0(ok=0) figure=0
  p629 det=0 formula=0(ok=0, sem=0, caption=0) table=0(ok=0) figure=0
  p630 det=0 formula=0(ok=0, sem=0, caption=0) table=0(ok=0) figure=0
  p631 det=0 formula=0(ok=0, sem=0, caption=0) table=0(ok=0) figure=0
  p632 det=0 formula=0(ok=0, sem=0, caption=0) table=0(ok=0) figure=0
  p633 det=0 formula=0(ok=0, sem=0, caption=0) table=0(ok=0) figure=0
  p634 det=0 formula=0(ok=0, sem=0, caption=0) table=0(ok=0) figure=0
  p635 det=0 formula=0(ok=0, sem=0, caption=0) table=0(ok=0) figure=0
  p636 det=0 formula=0(ok=0, sem=0, caption=0) table=0(ok=0) figure=0
  p637 det=0 formula=0(ok=0, sem=0, caption=0) table=0(ok=0) figure=0
  p638 det=0 formula=0(ok=0, sem=0, caption=0) table=0(ok=0) figure=0
  p639 det=0 formula=0(ok=0, sem=0, caption=0) table=0(ok=0) figure=0
  p640 det=0 formula=0(ok=0, sem=0, caption=0) table=0(ok=0) figure=0
  p641 det=0 formula=0(ok=0, sem=0, caption=0) table=0(ok=0) figure=0
  p642 det=0 formula=0(ok=0, sem=0, caption=0) table=0(ok=0) figure=0
  p643 det=0 formula=0(ok=0, sem=0, caption=0) table=0(ok=0) figure=0
  p644 det=0 formula=0(ok=0, sem=0, caption=0) table=0(ok=0) figure=0
  p645 det=0 formula=0(ok=0, sem=0, caption=0) table=0(ok=0) figure=0
  p646 det=0 formula=0(ok=0, sem=0, caption=0) table=0(ok=0) figure=0
  p647 det=1 formula=1(ok=0, sem=1, caption=0) table=0(ok=0) figure=0
       [formula] formula_00 '\\begin{array} { r } { \\begin{array} { c c } { \\{ \\: / \\: \\mathrm { ~ O r d e l t'
  p648 det=1 formula=1(ok=1, sem=0, caption=0) table=0(ok=0) figure=0
       [formula] formula_00 '\\begin{array} { r l r } { \\overbrace { \\phantom { \\sum _ { k = 1 } ^ { 3 } \\bigg'
  p649 det=0 formula=0(ok=0, sem=0, caption=0) table=0(ok=0) figure=0
  p650 det=1 formula=1(ok=0, sem=0, caption=1) table=0(ok=0) figure=0
       [formula] formula_00 '\\begin{array} { l l r } { { \\mathrm { M o p s e T ~ \\ p b o v e T e e ~ o p e v '
  p651 det=0 formula=0(ok=0, sem=0, caption=0) table=0(ok=0) figure=0
  p652 det=0 formula=0(ok=0, sem=0, caption=0) table=0(ok=0) figure=0
  p653 det=0 formula=0(ok=0, sem=0, caption=0) table=0(ok=0) figure=0
  p654 det=3 formula=3(ok=1, sem=1, caption=0) table=0(ok=0) figure=0
       [formula] formula_00 '\\mathsf { M } ^ { 2 } / \\mathsf { K } \\Gamma \\mathsf { C } \\mathsf { O } _ { 2 }'
       [formula] formula_01 '\\mathsf { M u t h \\cdot p a a w e p \\; o r B e p c r u s } \\; ( \\mathsf { \\mu } '
       [formula] formula_02 '\\mathsf { M u t . \\ p a a w e p \\ o r { \\mathsf { B e p c r } } } \\mathsf { M \\!'
  p655 det=0 formula=0(ok=0, sem=0, caption=0) table=0(ok=0) figure=0
  p656 det=0 formula=0(ok=0, sem=0, caption=0) table=0(ok=0) figure=0
  p657 det=0 formula=0(ok=0, sem=0, caption=0) table=0(ok=0) figure=0
  p658 det=0 formula=0(ok=0, sem=0, caption=0) table=0(ok=0) figure=0
  p659 det=0 formula=0(ok=0, sem=0, caption=0) table=0(ok=0) figure=0
  p660 det=0 formula=0(ok=0, sem=0, caption=0) table=0(ok=0) figure=0
  p661 det=0 formula=0(ok=0, sem=0, caption=0) table=0(ok=0) figure=0
  p662 det=0 formula=0(ok=0, sem=0, caption=0) table=0(ok=0) figure=0
  p663 det=0 formula=0(ok=0, sem=0, caption=0) table=0(ok=0) figure=0
  p664 det=0 formula=0(ok=0, sem=0, caption=0) table=0(ok=0) figure=0
  p665 det=0 formula=0(ok=0, sem=0, caption=0) table=0(ok=0) figure=0
  p666 det=0 formula=0(ok=0, sem=0, caption=0) table=0(ok=0) figure=0
  p667 det=0 formula=0(ok=0, sem=0, caption=0) table=0(ok=0) figure=0
  p668 det=0 formula=0(ok=0, sem=0, caption=0) table=0(ok=0) figure=0
  p669 det=0 formula=0(ok=0, sem=0, caption=0) table=0(ok=0) figure=0
  p670 det=0 formula=0(ok=0, sem=0, caption=0) table=0(ok=0) figure=0
  p671 det=0 formula=0(ok=0, sem=0, caption=0) table=0(ok=0) figure=0
  p672 det=0 formula=0(ok=0, sem=0, caption=0) table=0(ok=0) figure=0
  p673 det=0 formula=0(ok=0, sem=0, caption=0) table=0(ok=0) figure=0
  p674 det=0 formula=0(ok=0, sem=0, caption=0) table=0(ok=0) figure=0
  p675 det=0 formula=0(ok=0, sem=0, caption=0) table=0(ok=0) figure=0
  p676 det=0 formula=0(ok=0, sem=0, caption=0) table=0(ok=0) figure=0
  p677 det=0 formula=0(ok=0, sem=0, caption=0) table=0(ok=0) figure=0
  p678 det=0 formula=0(ok=0, sem=0, caption=0) table=0(ok=0) figure=0
  p679 det=0 formula=0(ok=0, sem=0, caption=0) table=0(ok=0) figure=0
  p680 det=0 formula=0(ok=0, sem=0, caption=0) table=0(ok=0) figure=0
  p681 det=1 formula=1(ok=0, sem=1, caption=0) table=0(ok=0) figure=0
       [formula] formula_00 '\\begin{array} { r l } { \\left. \\begin{array} { c c } { \\frac { \\sec \\operatornam'
  p682 det=1 formula=1(ok=1, sem=0, caption=0) table=0(ok=0) figure=0
       [formula] formula_00 '\\qquad \\leq \\ 1 0 ^ { - 5 } \\qquad \\leq \\ 1 0 ^ { - 9 }'
  p683 det=0 formula=0(ok=0, sem=0, caption=0) table=0(ok=0) figure=0
  p684 det=0 formula=0(ok=0, sem=0, caption=0) table=0(ok=0) figure=0
  p685 det=0 formula=0(ok=0, sem=0, caption=0) table=0(ok=0) figure=0
  p686 det=0 formula=0(ok=0, sem=0, caption=0) table=0(ok=0) figure=0
  p687 det=0 formula=0(ok=0, sem=0, caption=0) table=0(ok=0) figure=0
  p688 det=1 formula=0(ok=0, sem=0, caption=0) table=0(ok=0) figure=1
       [figure] figure_00 'data\\cache\\figures\\РЦ AC 29-2C_2013г\\p0688_figure_00.png'
  p689 det=0 formula=0(ok=0, sem=0, caption=0) table=0(ok=0) figure=0
  p690 det=0 formula=0(ok=0, sem=0, caption=0) table=0(ok=0) figure=0
  p691 det=0 formula=0(ok=0, sem=0, caption=0) table=0(ok=0) figure=0
  p692 det=0 formula=0(ok=0, sem=0, caption=0) table=0(ok=0) figure=0
  p693 det=1 formula=1(ok=1, sem=0, caption=0) table=0(ok=0) figure=0
       [formula] formula_00 '\\mathbf { \\Lambda } _ { \\mathsf { R } } = \\mathsf { T } _ { \\mathsf { M } }'
  p694 det=8 formula=8(ok=7, sem=1, caption=0) table=0(ok=0) figure=0
       [formula] formula_00 '\\begin{array} { r } { \\mathsf { T U U } ^ { \\ast } \\: \\mathsf { F } \\: \\left( 3 '
       [formula] formula_01 '{ \\underline { { \\mathsf { O A T } } } } = { \\mathsf { T } } _ { \\mathbb { O A }'
       [formula] formula_02 '\\begin{array} { r l } & { \\mathrm { ~ \\dot { ~ \\gamma } ~ } : } \\\\ & { \\mathrm {'
       [formula] formula_03 '\\mathit { \\Omega } _ { \\mathrm { \\footnotesize { \\lambda } } } ^ { \\prime \\prime'
       [formula] formula_04 '\\mathbf { \\Phi } _ { \\mathrm { { 3 R } } } ^ { \\Gamma \\, \\bullet \\, } = 2 9 5 - '
       [formula] formula_05 '\\mathbf { \\Psi } _ { \\mathrm { { 3 R } } } = 2 9 5 - ( 2 8 5 + ( 6 4 - 6 0 ) ) ='
       [formula] formula_06 '\\mathbf { \\Phi } _ { \\mathrm { { 3 R } } } ^ { \\cdot } = 2 9 5 - ( 2 9 4 + ( 4 6'
       [formula] formula_07 '\\mathbf { \\sigma } _ { \\mathrm { { 3 R } } } = 2 9 5 - ( 2 9 0 + ( 2 8 - 2 0 ) )'
  p695 det=1 formula=1(ok=1, sem=0, caption=0) table=0(ok=0) figure=0
       [formula] formula_00 '{ \\sf R } = - ( \\sf T M'
  p696 det=7 formula=6(ok=6, sem=0, caption=0) table=1(ok=1) figure=0
       [table] table_00 '| Высота (фт, | Температура цилиндра |  |  | | --- | --- | --- | --- | | средний'
       [formula] formula_01 '\\begin{array} { r } { T _ { 1 } ~ \\mathrm { { \\sf \\sf ~ M A R } } = } \\\\ { { \\sf'
       [formula] formula_02 '\\mathbf { \\Phi } _ { \\mathrm { { \\footnotesize { \\! \\! ~ \\ddots } ~ } } } = \\mat'
       [formula] formula_03 '\\mathbf { \\Phi } _ { \\mathrm { { 3 R } } } ^ { * } = - ( - 4 0 - ( - 9 + ( - 4 3'
       [formula] formula_04 '\\mathbf { \\Phi } _ { \\mathrm { { s R } } } ^ { * \\, * } = - ( - 4 0 \\; - ( - 2 1'
       [formula] formula_05 '\\mathbf { \\sigma } _ { \\mathrm { { s R } } } ^ { * } = - ( - 4 0 - ( - 3 2 + ( -'
       [formula] formula_06 '\\mathbf { \\Psi } _ { \\mathrm { { s R } } } ^ { * } = - ( - 4 0 \\mathbf { \\Psi } '
  p697 det=0 formula=0(ok=0, sem=0, caption=0) table=0(ok=0) figure=0
  p698 det=0 formula=0(ok=0, sem=0, caption=0) table=0(ok=0) figure=0
  p699 det=0 formula=0(ok=0, sem=0, caption=0) table=0(ok=0) figure=0
  p700 det=0 formula=0(ok=0, sem=0, caption=0) table=0(ok=0) figure=0
  p701 det=0 formula=0(ok=0, sem=0, caption=0) table=0(ok=0) figure=0
  p702 det=0 formula=0(ok=0, sem=0, caption=0) table=0(ok=0) figure=0
  p703 det=0 formula=0(ok=0, sem=0, caption=0) table=0(ok=0) figure=0
  p704 det=0 formula=0(ok=0, sem=0, caption=0) table=0(ok=0) figure=0
  p705 det=0 formula=0(ok=0, sem=0, caption=0) table=0(ok=0) figure=0
  p706 det=0 formula=0(ok=0, sem=0, caption=0) table=0(ok=0) figure=0
  p707 det=0 formula=0(ok=0, sem=0, caption=0) table=0(ok=0) figure=0
  p708 det=0 formula=0(ok=0, sem=0, caption=0) table=0(ok=0) figure=0
  p709 det=0 formula=0(ok=0, sem=0, caption=0) table=0(ok=0) figure=0
  p710 det=0 formula=0(ok=0, sem=0, caption=0) table=0(ok=0) figure=0
  p711 det=0 formula=0(ok=0, sem=0, caption=0) table=0(ok=0) figure=0
  p712 det=0 formula=0(ok=0, sem=0, caption=0) table=0(ok=0) figure=0
  p713 det=0 formula=0(ok=0, sem=0, caption=0) table=0(ok=0) figure=0
  p714 det=0 formula=0(ok=0, sem=0, caption=0) table=0(ok=0) figure=0
  p715 det=0 formula=0(ok=0, sem=0, caption=0) table=0(ok=0) figure=0
  p716 det=0 formula=0(ok=0, sem=0, caption=0) table=0(ok=0) figure=0
  p717 det=0 formula=0(ok=0, sem=0, caption=0) table=0(ok=0) figure=0
  p718 det=0 formula=0(ok=0, sem=0, caption=0) table=0(ok=0) figure=0
  p719 det=0 formula=0(ok=0, sem=0, caption=0) table=0(ok=0) figure=0
  p720 det=0 formula=0(ok=0, sem=0, caption=0) table=0(ok=0) figure=0
  p721 det=0 formula=0(ok=0, sem=0, caption=0) table=0(ok=0) figure=0
  p722 det=0 formula=0(ok=0, sem=0, caption=0) table=0(ok=0) figure=0
  p723 det=0 formula=0(ok=0, sem=0, caption=0) table=0(ok=0) figure=0
  p724 det=0 formula=0(ok=0, sem=0, caption=0) table=0(ok=0) figure=0
  p725 det=0 formula=0(ok=0, sem=0, caption=0) table=0(ok=0) figure=0
  p726 det=1 formula=1(ok=0, sem=0, caption=1) table=0(ok=0) figure=0
       [formula] formula_00 '\\begin{array} { l r } { { \\bf \\mathrm { ~ O D O p t M 2 ~ } } \\, \\, \\, \\mathrm {'
  p727 det=0 formula=0(ok=0, sem=0, caption=0) table=0(ok=0) figure=0
  p728 det=0 formula=0(ok=0, sem=0, caption=0) table=0(ok=0) figure=0
  p729 det=0 formula=0(ok=0, sem=0, caption=0) table=0(ok=0) figure=0
  p730 det=0 formula=0(ok=0, sem=0, caption=0) table=0(ok=0) figure=0
  p731 det=0 formula=0(ok=0, sem=0, caption=0) table=0(ok=0) figure=0
  p732 det=0 formula=0(ok=0, sem=0, caption=0) table=0(ok=0) figure=0
  p733 det=0 formula=0(ok=0, sem=0, caption=0) table=0(ok=0) figure=0
  p734 det=0 formula=0(ok=0, sem=0, caption=0) table=0(ok=0) figure=0
  p735 det=0 formula=0(ok=0, sem=0, caption=0) table=0(ok=0) figure=0
  p736 det=0 formula=0(ok=0, sem=0, caption=0) table=0(ok=0) figure=0
  p737 det=0 formula=0(ok=0, sem=0, caption=0) table=0(ok=0) figure=0
  p738 det=0 formula=0(ok=0, sem=0, caption=0) table=0(ok=0) figure=0
  p739 det=0 formula=0(ok=0, sem=0, caption=0) table=0(ok=0) figure=0
  p740 det=0 formula=0(ok=0, sem=0, caption=0) table=0(ok=0) figure=0
  p741 det=0 formula=0(ok=0, sem=0, caption=0) table=0(ok=0) figure=0
  p742 det=0 formula=0(ok=0, sem=0, caption=0) table=0(ok=0) figure=0
  p743 det=0 formula=0(ok=0, sem=0, caption=0) table=0(ok=0) figure=0
  p744 det=0 formula=0(ok=0, sem=0, caption=0) table=0(ok=0) figure=0
  p745 det=0 formula=0(ok=0, sem=0, caption=0) table=0(ok=0) figure=0
  p746 det=0 formula=0(ok=0, sem=0, caption=0) table=0(ok=0) figure=0
  p747 det=0 formula=0(ok=0, sem=0, caption=0) table=0(ok=0) figure=0
  p748 det=0 formula=0(ok=0, sem=0, caption=0) table=0(ok=0) figure=0
  p749 det=0 formula=0(ok=0, sem=0, caption=0) table=0(ok=0) figure=0
  p750 det=0 formula=0(ok=0, sem=0, caption=0) table=0(ok=0) figure=0
  p751 det=2 formula=1(ok=1, sem=0, caption=0) table=1(ok=1) figure=0
       [table] table_00 '| (2) | Границы | области | белого | определены | угловыми | координатами, | | -'
       [formula] formula_01 '1 = 3 , \\! 4 3 \\times 1 0 ^ { 6 } \\, !'
  p752 det=0 formula=0(ok=0, sem=0, caption=0) table=0(ok=0) figure=0
  p753 det=0 formula=0(ok=0, sem=0, caption=0) table=0(ok=0) figure=0
  p754 det=0 formula=0(ok=0, sem=0, caption=0) table=0(ok=0) figure=0
  p755 det=0 formula=0(ok=0, sem=0, caption=0) table=0(ok=0) figure=0
  p756 det=0 formula=0(ok=0, sem=0, caption=0) table=0(ok=0) figure=0
  p757 det=0 formula=0(ok=0, sem=0, caption=0) table=0(ok=0) figure=0
  p758 det=0 formula=0(ok=0, sem=0, caption=0) table=0(ok=0) figure=0
  p759 det=0 formula=0(ok=0, sem=0, caption=0) table=0(ok=0) figure=0
  p760 det=0 formula=0(ok=0, sem=0, caption=0) table=0(ok=0) figure=0
  p761 det=0 formula=0(ok=0, sem=0, caption=0) table=0(ok=0) figure=0
  p762 det=0 formula=0(ok=0, sem=0, caption=0) table=0(ok=0) figure=0
  p763 det=0 formula=0(ok=0, sem=0, caption=0) table=0(ok=0) figure=0
  p764 det=0 formula=0(ok=0, sem=0, caption=0) table=0(ok=0) figure=0
  p765 det=0 formula=0(ok=0, sem=0, caption=0) table=0(ok=0) figure=0
  p766 det=0 formula=0(ok=0, sem=0, caption=0) table=0(ok=0) figure=0
  p767 det=0 formula=0(ok=0, sem=0, caption=0) table=0(ok=0) figure=0
  p768 det=0 formula=0(ok=0, sem=0, caption=0) table=0(ok=0) figure=0
  p769 det=0 formula=0(ok=0, sem=0, caption=0) table=0(ok=0) figure=0
  p770 det=0 formula=0(ok=0, sem=0, caption=0) table=0(ok=0) figure=0
  p771 det=0 formula=0(ok=0, sem=0, caption=0) table=0(ok=0) figure=0
  p772 det=0 formula=0(ok=0, sem=0, caption=0) table=0(ok=0) figure=0
  p773 det=0 formula=0(ok=0, sem=0, caption=0) table=0(ok=0) figure=0
  p774 det=0 formula=0(ok=0, sem=0, caption=0) table=0(ok=0) figure=0
  p775 det=0 formula=0(ok=0, sem=0, caption=0) table=0(ok=0) figure=0
  p776 det=0 formula=0(ok=0, sem=0, caption=0) table=0(ok=0) figure=0
  p777 det=0 formula=0(ok=0, sem=0, caption=0) table=0(ok=0) figure=0
  p778 det=0 formula=0(ok=0, sem=0, caption=0) table=0(ok=0) figure=0
  p779 det=0 formula=0(ok=0, sem=0, caption=0) table=0(ok=0) figure=0
  p780 det=0 formula=0(ok=0, sem=0, caption=0) table=0(ok=0) figure=0
  p781 det=0 formula=0(ok=0, sem=0, caption=0) table=0(ok=0) figure=0
  p782 det=1 formula=0(ok=0, sem=0, caption=0) table=1(ok=1) figure=0
       [table] table_00 '| (4) | Раздел | 29.1183. | Параграф | AC | 29.1183 | касается | трубопроводов, '
  p783 det=0 formula=0(ok=0, sem=0, caption=0) table=0(ok=0) figure=0
  p784 det=0 formula=0(ok=0, sem=0, caption=0) table=0(ok=0) figure=0
  p785 det=0 formula=0(ok=0, sem=0, caption=0) table=0(ok=0) figure=0
  p786 det=0 formula=0(ok=0, sem=0, caption=0) table=0(ok=0) figure=0
  p787 det=0 formula=0(ok=0, sem=0, caption=0) table=0(ok=0) figure=0
  p788 det=1 formula=1(ok=0, sem=1, caption=0) table=0(ok=0) figure=0
       [formula] formula_00 '\\begin{array} { l } { { \\mathrm { y p o p t e ~~ M o p a } } \\ { \\mathrm { n o p'
  p789 det=0 formula=0(ok=0, sem=0, caption=0) table=0(ok=0) figure=0
  p790 det=0 formula=0(ok=0, sem=0, caption=0) table=0(ok=0) figure=0
  p791 det=0 formula=0(ok=0, sem=0, caption=0) table=0(ok=0) figure=0
  p792 det=0 formula=0(ok=0, sem=0, caption=0) table=0(ok=0) figure=0
  p793 det=0 formula=0(ok=0, sem=0, caption=0) table=0(ok=0) figure=0
  p794 det=0 formula=0(ok=0, sem=0, caption=0) table=0(ok=0) figure=0
  p795 det=0 formula=0(ok=0, sem=0, caption=0) table=0(ok=0) figure=0
  p796 det=0 formula=0(ok=0, sem=0, caption=0) table=0(ok=0) figure=0
  p797 det=0 formula=0(ok=0, sem=0, caption=0) table=0(ok=0) figure=0
  p798 det=0 formula=0(ok=0, sem=0, caption=0) table=0(ok=0) figure=0
  p799 det=0 formula=0(ok=0, sem=0, caption=0) table=0(ok=0) figure=0
  p800 det=0 formula=0(ok=0, sem=0, caption=0) table=0(ok=0) figure=0
  p801 det=0 formula=0(ok=0, sem=0, caption=0) table=0(ok=0) figure=0
  p802 det=0 formula=0(ok=0, sem=0, caption=0) table=0(ok=0) figure=0
  p803 det=0 formula=0(ok=0, sem=0, caption=0) table=0(ok=0) figure=0
  p804 det=0 formula=0(ok=0, sem=0, caption=0) table=0(ok=0) figure=0
  p805 det=0 formula=0(ok=0, sem=0, caption=0) table=0(ok=0) figure=0
  p806 det=0 formula=0(ok=0, sem=0, caption=0) table=0(ok=0) figure=0
  p807 det=0 formula=0(ok=0, sem=0, caption=0) table=0(ok=0) figure=0
  p808 det=0 formula=0(ok=0, sem=0, caption=0) table=0(ok=0) figure=0
  p809 det=0 formula=0(ok=0, sem=0, caption=0) table=0(ok=0) figure=0
  p810 det=0 formula=0(ok=0, sem=0, caption=0) table=0(ok=0) figure=0
  p811 det=0 formula=0(ok=0, sem=0, caption=0) table=0(ok=0) figure=0
  p812 det=0 formula=0(ok=0, sem=0, caption=0) table=0(ok=0) figure=0
  p813 det=0 formula=0(ok=0, sem=0, caption=0) table=0(ok=0) figure=0
  p814 det=0 formula=0(ok=0, sem=0, caption=0) table=0(ok=0) figure=0
  p815 det=0 formula=0(ok=0, sem=0, caption=0) table=0(ok=0) figure=0
  p816 det=0 formula=0(ok=0, sem=0, caption=0) table=0(ok=0) figure=0
  p817 det=0 formula=0(ok=0, sem=0, caption=0) table=0(ok=0) figure=0
  p818 det=0 formula=0(ok=0, sem=0, caption=0) table=0(ok=0) figure=0
  p819 det=0 formula=0(ok=0, sem=0, caption=0) table=0(ok=0) figure=0
  p820 det=0 formula=0(ok=0, sem=0, caption=0) table=0(ok=0) figure=0
  p821 det=0 formula=0(ok=0, sem=0, caption=0) table=0(ok=0) figure=0
  p822 det=0 formula=0(ok=0, sem=0, caption=0) table=0(ok=0) figure=0
  p823 det=0 formula=0(ok=0, sem=0, caption=0) table=0(ok=0) figure=0
  p824 det=0 formula=0(ok=0, sem=0, caption=0) table=0(ok=0) figure=0
  p825 det=0 formula=0(ok=0, sem=0, caption=0) table=0(ok=0) figure=0
  p826 det=0 formula=0(ok=0, sem=0, caption=0) table=0(ok=0) figure=0
  p827 det=0 formula=0(ok=0, sem=0, caption=0) table=0(ok=0) figure=0
  p828 det=0 formula=0(ok=0, sem=0, caption=0) table=0(ok=0) figure=0
  p829 det=0 formula=0(ok=0, sem=0, caption=0) table=0(ok=0) figure=0
  p830 det=0 formula=0(ok=0, sem=0, caption=0) table=0(ok=0) figure=0
  p831 det=0 formula=0(ok=0, sem=0, caption=0) table=0(ok=0) figure=0
  p832 det=0 formula=0(ok=0, sem=0, caption=0) table=0(ok=0) figure=0
  p833 det=0 formula=0(ok=0, sem=0, caption=0) table=0(ok=0) figure=0
  p834 det=0 formula=0(ok=0, sem=0, caption=0) table=0(ok=0) figure=0
  p835 det=0 formula=0(ok=0, sem=0, caption=0) table=0(ok=0) figure=0
  p836 det=0 formula=0(ok=0, sem=0, caption=0) table=0(ok=0) figure=0
  p837 det=0 formula=0(ok=0, sem=0, caption=0) table=0(ok=0) figure=0
  p838 det=0 formula=0(ok=0, sem=0, caption=0) table=0(ok=0) figure=0
  p839 det=0 formula=0(ok=0, sem=0, caption=0) table=0(ok=0) figure=0
  p840 det=0 formula=0(ok=0, sem=0, caption=0) table=0(ok=0) figure=0
  p841 det=0 formula=0(ok=0, sem=0, caption=0) table=0(ok=0) figure=0
  p842 det=0 formula=0(ok=0, sem=0, caption=0) table=0(ok=0) figure=0
  p843 det=0 formula=0(ok=0, sem=0, caption=0) table=0(ok=0) figure=0
  p844 det=0 formula=0(ok=0, sem=0, caption=0) table=0(ok=0) figure=0
  p845 det=0 formula=0(ok=0, sem=0, caption=0) table=0(ok=0) figure=0
  p846 det=0 formula=0(ok=0, sem=0, caption=0) table=0(ok=0) figure=0
  p847 det=0 formula=0(ok=0, sem=0, caption=0) table=0(ok=0) figure=0
  p848 det=0 formula=0(ok=0, sem=0, caption=0) table=0(ok=0) figure=0
  p849 det=2 formula=1(ok=0, sem=0, caption=0) table=1(ok=1) figure=0
       [formula] formula_00 '\\mathsf { B b l C O T a } = 1 0 0 0 \\; \\Phi y \\mathsf { T o B } \\; ( 3 0 4 , 8 0'
       [table] table_01 '| $Узлы (км/ч)$ | 2000 футов (609,6 м) | 3000 футов (914,4 м) | | --- | --- | --'
  p850 det=0 formula=0(ok=0, sem=0, caption=0) table=0(ok=0) figure=0
  p851 det=0 formula=0(ok=0, sem=0, caption=0) table=0(ok=0) figure=0
  p852 det=0 formula=0(ok=0, sem=0, caption=0) table=0(ok=0) figure=0
  p853 det=0 formula=0(ok=0, sem=0, caption=0) table=0(ok=0) figure=0
  p854 det=0 formula=0(ok=0, sem=0, caption=0) table=0(ok=0) figure=0
  p855 det=0 formula=0(ok=0, sem=0, caption=0) table=0(ok=0) figure=0
  p856 det=0 formula=0(ok=0, sem=0, caption=0) table=0(ok=0) figure=0
  p857 det=0 formula=0(ok=0, sem=0, caption=0) table=0(ok=0) figure=0
  p858 det=0 formula=0(ok=0, sem=0, caption=0) table=0(ok=0) figure=0
  p859 det=0 formula=0(ok=0, sem=0, caption=0) table=0(ok=0) figure=0
  p860 det=0 formula=0(ok=0, sem=0, caption=0) table=0(ok=0) figure=0
  p861 det=0 formula=0(ok=0, sem=0, caption=0) table=0(ok=0) figure=0
  p862 det=0 formula=0(ok=0, sem=0, caption=0) table=0(ok=0) figure=0
  p863 det=0 formula=0(ok=0, sem=0, caption=0) table=0(ok=0) figure=0
  p864 det=0 formula=0(ok=0, sem=0, caption=0) table=0(ok=0) figure=0
  p865 det=0 formula=0(ok=0, sem=0, caption=0) table=0(ok=0) figure=0
  p866 det=0 formula=0(ok=0, sem=0, caption=0) table=0(ok=0) figure=0
  p867 det=0 formula=0(ok=0, sem=0, caption=0) table=0(ok=0) figure=0
  p868 det=0 formula=0(ok=0, sem=0, caption=0) table=0(ok=0) figure=0
  p869 det=0 formula=0(ok=0, sem=0, caption=0) table=0(ok=0) figure=0
  p870 det=0 formula=0(ok=0, sem=0, caption=0) table=0(ok=0) figure=0
  p871 det=0 formula=0(ok=0, sem=0, caption=0) table=0(ok=0) figure=0
  p872 det=0 formula=0(ok=0, sem=0, caption=0) table=0(ok=0) figure=0
  p873 det=0 formula=0(ok=0, sem=0, caption=0) table=0(ok=0) figure=0
  p874 det=0 formula=0(ok=0, sem=0, caption=0) table=0(ok=0) figure=0
  p875 det=0 formula=0(ok=0, sem=0, caption=0) table=0(ok=0) figure=0
  p876 det=0 formula=0(ok=0, sem=0, caption=0) table=0(ok=0) figure=0
  p877 det=0 formula=0(ok=0, sem=0, caption=0) table=0(ok=0) figure=0
  p878 det=0 formula=0(ok=0, sem=0, caption=0) table=0(ok=0) figure=0
  p879 det=0 formula=0(ok=0, sem=0, caption=0) table=0(ok=0) figure=0
  p880 det=0 formula=0(ok=0, sem=0, caption=0) table=0(ok=0) figure=0
  p881 det=0 formula=0(ok=0, sem=0, caption=0) table=0(ok=0) figure=0
  p882 det=0 formula=0(ok=0, sem=0, caption=0) table=0(ok=0) figure=0
  p883 det=0 formula=0(ok=0, sem=0, caption=0) table=0(ok=0) figure=0
  p884 det=0 formula=0(ok=0, sem=0, caption=0) table=0(ok=0) figure=0
  p885 det=0 formula=0(ok=0, sem=0, caption=0) table=0(ok=0) figure=0
  p886 det=0 formula=0(ok=0, sem=0, caption=0) table=0(ok=0) figure=0
  p887 det=0 formula=0(ok=0, sem=0, caption=0) table=0(ok=0) figure=0
  p888 det=0 formula=0(ok=0, sem=0, caption=0) table=0(ok=0) figure=0
  p889 det=0 formula=0(ok=0, sem=0, caption=0) table=0(ok=0) figure=0
  p890 det=0 formula=0(ok=0, sem=0, caption=0) table=0(ok=0) figure=0
  p891 det=0 formula=0(ok=0, sem=0, caption=0) table=0(ok=0) figure=0
  p892 det=0 formula=0(ok=0, sem=0, caption=0) table=0(ok=0) figure=0
  p893 det=0 formula=0(ok=0, sem=0, caption=0) table=0(ok=0) figure=0
  p894 det=0 formula=0(ok=0, sem=0, caption=0) table=0(ok=0) figure=0
  p895 det=0 formula=0(ok=0, sem=0, caption=0) table=0(ok=0) figure=0
  p896 det=0 formula=0(ok=0, sem=0, caption=0) table=0(ok=0) figure=0
  p897 det=1 formula=1(ok=0, sem=0, caption=1) table=0(ok=0) figure=0
       [formula] formula_00 '\\begin{array} { c c } { \\Xi \\mathsf { H H S H } , \\ \\mathsf { H 3 T O X e H H b '
  p898 det=0 formula=0(ok=0, sem=0, caption=0) table=0(ok=0) figure=0
  p899 det=0 formula=0(ok=0, sem=0, caption=0) table=0(ok=0) figure=0
  p900 det=0 formula=0(ok=0, sem=0, caption=0) table=0(ok=0) figure=0
  p901 det=0 formula=0(ok=0, sem=0, caption=0) table=0(ok=0) figure=0
  p902 det=0 formula=0(ok=0, sem=0, caption=0) table=0(ok=0) figure=0
  p903 det=0 formula=0(ok=0, sem=0, caption=0) table=0(ok=0) figure=0
  p904 det=0 formula=0(ok=0, sem=0, caption=0) table=0(ok=0) figure=0
  p905 det=0 formula=0(ok=0, sem=0, caption=0) table=0(ok=0) figure=0
  p906 det=0 formula=0(ok=0, sem=0, caption=0) table=0(ok=0) figure=0
  p907 det=0 formula=0(ok=0, sem=0, caption=0) table=0(ok=0) figure=0
  p908 det=0 formula=0(ok=0, sem=0, caption=0) table=0(ok=0) figure=0
  p909 det=0 formula=0(ok=0, sem=0, caption=0) table=0(ok=0) figure=0
  p910 det=0 formula=0(ok=0, sem=0, caption=0) table=0(ok=0) figure=0
  p911 det=0 formula=0(ok=0, sem=0, caption=0) table=0(ok=0) figure=0
  p912 det=0 formula=0(ok=0, sem=0, caption=0) table=0(ok=0) figure=0
  p913 det=0 formula=0(ok=0, sem=0, caption=0) table=0(ok=0) figure=0
  p914 det=0 formula=0(ok=0, sem=0, caption=0) table=0(ok=0) figure=0
  p915 det=0 formula=0(ok=0, sem=0, caption=0) table=0(ok=0) figure=0
  p916 det=0 formula=0(ok=0, sem=0, caption=0) table=0(ok=0) figure=0
  p917 det=0 formula=0(ok=0, sem=0, caption=0) table=0(ok=0) figure=0
  p918 det=0 formula=0(ok=0, sem=0, caption=0) table=0(ok=0) figure=0
  p919 det=0 formula=0(ok=0, sem=0, caption=0) table=0(ok=0) figure=0
  p920 det=0 formula=0(ok=0, sem=0, caption=0) table=0(ok=0) figure=0
  p921 det=0 formula=0(ok=0, sem=0, caption=0) table=0(ok=0) figure=0
  p922 det=0 formula=0(ok=0, sem=0, caption=0) table=0(ok=0) figure=0
  p923 det=0 formula=0(ok=0, sem=0, caption=0) table=0(ok=0) figure=0
  p924 det=0 formula=0(ok=0, sem=0, caption=0) table=0(ok=0) figure=0
  p925 det=0 formula=0(ok=0, sem=0, caption=0) table=0(ok=0) figure=0
  p926 det=1 formula=1(ok=0, sem=0, caption=0) table=0(ok=0) figure=0
       [formula] formula_00 '\\begin{array} { l } { N 3 . R 6 2 1 6 1 6 1 \\; \\mathrm { { \\bf ~ H } 8 . 8 7 1 6'
  p927 det=0 formula=0(ok=0, sem=0, caption=0) table=0(ok=0) figure=0
  p928 det=0 formula=0(ok=0, sem=0, caption=0) table=0(ok=0) figure=0
  p929 det=0 formula=0(ok=0, sem=0, caption=0) table=0(ok=0) figure=0
  p930 det=0 formula=0(ok=0, sem=0, caption=0) table=0(ok=0) figure=0
  p931 det=0 formula=0(ok=0, sem=0, caption=0) table=0(ok=0) figure=0
  p932 det=0 formula=0(ok=0, sem=0, caption=0) table=0(ok=0) figure=0
  p933 det=0 formula=0(ok=0, sem=0, caption=0) table=0(ok=0) figure=0
  p934 det=0 formula=0(ok=0, sem=0, caption=0) table=0(ok=0) figure=0
  p935 det=0 formula=0(ok=0, sem=0, caption=0) table=0(ok=0) figure=0
  p936 det=0 formula=0(ok=0, sem=0, caption=0) table=0(ok=0) figure=0
  p937 det=0 formula=0(ok=0, sem=0, caption=0) table=0(ok=0) figure=0
  p938 det=0 formula=0(ok=0, sem=0, caption=0) table=0(ok=0) figure=0
  p939 det=0 formula=0(ok=0, sem=0, caption=0) table=0(ok=0) figure=0
  p940 det=0 formula=0(ok=0, sem=0, caption=0) table=0(ok=0) figure=0
  p941 det=0 formula=0(ok=0, sem=0, caption=0) table=0(ok=0) figure=0
  p942 det=0 formula=0(ok=0, sem=0, caption=0) table=0(ok=0) figure=0
  p943 det=0 formula=0(ok=0, sem=0, caption=0) table=0(ok=0) figure=0
  p944 det=0 formula=0(ok=0, sem=0, caption=0) table=0(ok=0) figure=0
  p945 det=0 formula=0(ok=0, sem=0, caption=0) table=0(ok=0) figure=0
  p946 det=0 formula=0(ok=0, sem=0, caption=0) table=0(ok=0) figure=0
  p947 det=0 formula=0(ok=0, sem=0, caption=0) table=0(ok=0) figure=0
  p948 det=0 formula=0(ok=0, sem=0, caption=0) table=0(ok=0) figure=0
  p949 det=0 formula=0(ok=0, sem=0, caption=0) table=0(ok=0) figure=0
  p950 det=0 formula=0(ok=0, sem=0, caption=0) table=0(ok=0) figure=0
  p951 det=0 formula=0(ok=0, sem=0, caption=0) table=0(ok=0) figure=0
  p952 det=0 formula=0(ok=0, sem=0, caption=0) table=0(ok=0) figure=0
  p953 det=0 formula=0(ok=0, sem=0, caption=0) table=0(ok=0) figure=0
  p954 det=0 formula=0(ok=0, sem=0, caption=0) table=0(ok=0) figure=0
  p955 det=0 formula=0(ok=0, sem=0, caption=0) table=0(ok=0) figure=0
  p956 det=0 formula=0(ok=0, sem=0, caption=0) table=0(ok=0) figure=0
  p957 det=0 formula=0(ok=0, sem=0, caption=0) table=0(ok=0) figure=0
  p958 det=0 formula=0(ok=0, sem=0, caption=0) table=0(ok=0) figure=0
  p959 det=0 formula=0(ok=0, sem=0, caption=0) table=0(ok=0) figure=0
  p960 det=0 formula=0(ok=0, sem=0, caption=0) table=0(ok=0) figure=0
  p961 det=0 formula=0(ok=0, sem=0, caption=0) table=0(ok=0) figure=0
  p962 det=0 formula=0(ok=0, sem=0, caption=0) table=0(ok=0) figure=0
  p963 det=0 formula=0(ok=0, sem=0, caption=0) table=0(ok=0) figure=0
  p964 det=0 formula=0(ok=0, sem=0, caption=0) table=0(ok=0) figure=0
  p965 det=0 formula=0(ok=0, sem=0, caption=0) table=0(ok=0) figure=0
  p966 det=1 formula=1(ok=1, sem=0, caption=0) table=0(ok=0) figure=0
       [formula] formula_00 '( 4 ) ^ { \\mu _ { 1 } } _ { \\theta } = 1 0'
  p967 det=0 formula=0(ok=0, sem=0, caption=0) table=0(ok=0) figure=0
  p968 det=0 formula=0(ok=0, sem=0, caption=0) table=0(ok=0) figure=0
  p969 det=0 formula=0(ok=0, sem=0, caption=0) table=0(ok=0) figure=0
  p970 det=0 formula=0(ok=0, sem=0, caption=0) table=0(ok=0) figure=0
  p971 det=0 formula=0(ok=0, sem=0, caption=0) table=0(ok=0) figure=0
  p972 det=0 formula=0(ok=0, sem=0, caption=0) table=0(ok=0) figure=0
  p973 det=0 formula=0(ok=0, sem=0, caption=0) table=0(ok=0) figure=0
  p974 det=0 formula=0(ok=0, sem=0, caption=0) table=0(ok=0) figure=0
  p975 det=0 formula=0(ok=0, sem=0, caption=0) table=0(ok=0) figure=0
  p976 det=0 formula=0(ok=0, sem=0, caption=0) table=0(ok=0) figure=0
  p977 det=0 formula=0(ok=0, sem=0, caption=0) table=0(ok=0) figure=0
  p978 det=0 formula=0(ok=0, sem=0, caption=0) table=0(ok=0) figure=0
  p979 det=0 formula=0(ok=0, sem=0, caption=0) table=0(ok=0) figure=0
  p980 det=0 formula=0(ok=0, sem=0, caption=0) table=0(ok=0) figure=0
  p981 det=0 formula=0(ok=0, sem=0, caption=0) table=0(ok=0) figure=0
  p982 det=0 formula=0(ok=0, sem=0, caption=0) table=0(ok=0) figure=0
  p983 det=0 formula=0(ok=0, sem=0, caption=0) table=0(ok=0) figure=0
  p984 det=0 formula=0(ok=0, sem=0, caption=0) table=0(ok=0) figure=0
  p985 det=0 formula=0(ok=0, sem=0, caption=0) table=0(ok=0) figure=0
  p986 det=0 formula=0(ok=0, sem=0, caption=0) table=0(ok=0) figure=0
  p987 det=1 formula=0(ok=0, sem=0, caption=0) table=0(ok=0) figure=1
       [figure] figure_00 'data\\cache\\figures\\РЦ AC 29-2C_2013г\\p0987_figure_00.png'
  p988 det=0 formula=0(ok=0, sem=0, caption=0) table=0(ok=0) figure=0
  p989 det=0 formula=0(ok=0, sem=0, caption=0) table=0(ok=0) figure=0
  p990 det=0 formula=0(ok=0, sem=0, caption=0) table=0(ok=0) figure=0
  p991 det=0 formula=0(ok=0, sem=0, caption=0) table=0(ok=0) figure=0
  p992 det=0 formula=0(ok=0, sem=0, caption=0) table=0(ok=0) figure=0
  p993 det=0 formula=0(ok=0, sem=0, caption=0) table=0(ok=0) figure=0
  p994 det=0 formula=0(ok=0, sem=0, caption=0) table=0(ok=0) figure=0
  p995 det=0 formula=0(ok=0, sem=0, caption=0) table=0(ok=0) figure=0
  p996 det=0 formula=0(ok=0, sem=0, caption=0) table=0(ok=0) figure=0
  p997 det=0 formula=0(ok=0, sem=0, caption=0) table=0(ok=0) figure=0
  p998 det=0 formula=0(ok=0, sem=0, caption=0) table=0(ok=0) figure=0
  p999 det=0 formula=0(ok=0, sem=0, caption=0) table=0(ok=0) figure=0
  p1000 det=0 formula=0(ok=0, sem=0, caption=0) table=0(ok=0) figure=0
  p1001 det=0 formula=0(ok=0, sem=0, caption=0) table=0(ok=0) figure=0
  p1002 det=0 formula=0(ok=0, sem=0, caption=0) table=0(ok=0) figure=0
  p1003 det=0 formula=0(ok=0, sem=0, caption=0) table=0(ok=0) figure=0
  p1004 det=0 formula=0(ok=0, sem=0, caption=0) table=0(ok=0) figure=0
  p1005 det=0 formula=0(ok=0, sem=0, caption=0) table=0(ok=0) figure=0
  p1006 det=0 formula=0(ok=0, sem=0, caption=0) table=0(ok=0) figure=0
  p1007 det=0 formula=0(ok=0, sem=0, caption=0) table=0(ok=0) figure=0
  p1008 det=0 formula=0(ok=0, sem=0, caption=0) table=0(ok=0) figure=0
  p1009 det=0 formula=0(ok=0, sem=0, caption=0) table=0(ok=0) figure=0
  p1010 det=0 formula=0(ok=0, sem=0, caption=0) table=0(ok=0) figure=0
  p1011 det=0 formula=0(ok=0, sem=0, caption=0) table=0(ok=0) figure=0
  p1012 det=0 formula=0(ok=0, sem=0, caption=0) table=0(ok=0) figure=0
  p1013 det=0 formula=0(ok=0, sem=0, caption=0) table=0(ok=0) figure=0
  p1014 det=0 formula=0(ok=0, sem=0, caption=0) table=0(ok=0) figure=0
  p1015 det=0 formula=0(ok=0, sem=0, caption=0) table=0(ok=0) figure=0
  p1016 det=0 formula=0(ok=0, sem=0, caption=0) table=0(ok=0) figure=0
  p1017 det=0 formula=0(ok=0, sem=0, caption=0) table=0(ok=0) figure=0
  p1018 det=0 formula=0(ok=0, sem=0, caption=0) table=0(ok=0) figure=0
  p1019 det=0 formula=0(ok=0, sem=0, caption=0) table=0(ok=0) figure=0
  p1020 det=0 formula=0(ok=0, sem=0, caption=0) table=0(ok=0) figure=0
  p1021 det=0 formula=0(ok=0, sem=0, caption=0) table=0(ok=0) figure=0
  p1022 det=0 formula=0(ok=0, sem=0, caption=0) table=0(ok=0) figure=0
  p1023 det=0 formula=0(ok=0, sem=0, caption=0) table=0(ok=0) figure=0
  p1024 det=0 formula=0(ok=0, sem=0, caption=0) table=0(ok=0) figure=0
  p1025 det=0 formula=0(ok=0, sem=0, caption=0) table=0(ok=0) figure=0
  p1026 det=0 formula=0(ok=0, sem=0, caption=0) table=0(ok=0) figure=0
  p1027 det=0 formula=0(ok=0, sem=0, caption=0) table=0(ok=0) figure=0
  p1028 det=0 formula=0(ok=0, sem=0, caption=0) table=0(ok=0) figure=0
  p1029 det=0 formula=0(ok=0, sem=0, caption=0) table=0(ok=0) figure=0
  p1030 det=0 formula=0(ok=0, sem=0, caption=0) table=0(ok=0) figure=0
  p1031 det=0 formula=0(ok=0, sem=0, caption=0) table=0(ok=0) figure=0
  p1032 det=0 formula=0(ok=0, sem=0, caption=0) table=0(ok=0) figure=0
  p1033 det=0 formula=0(ok=0, sem=0, caption=0) table=0(ok=0) figure=0
  p1034 det=0 formula=0(ok=0, sem=0, caption=0) table=0(ok=0) figure=0
  p1035 det=0 formula=0(ok=0, sem=0, caption=0) table=0(ok=0) figure=0
  p1036 det=0 formula=0(ok=0, sem=0, caption=0) table=0(ok=0) figure=0
  p1037 det=0 formula=0(ok=0, sem=0, caption=0) table=0(ok=0) figure=0
  p1038 det=0 formula=0(ok=0, sem=0, caption=0) table=0(ok=0) figure=0
  p1039 det=0 formula=0(ok=0, sem=0, caption=0) table=0(ok=0) figure=0
  p1040 det=0 formula=0(ok=0, sem=0, caption=0) table=0(ok=0) figure=0
  p1041 det=0 formula=0(ok=0, sem=0, caption=0) table=0(ok=0) figure=0
  p1042 det=0 formula=0(ok=0, sem=0, caption=0) table=0(ok=0) figure=0
  p1043 det=0 formula=0(ok=0, sem=0, caption=0) table=0(ok=0) figure=0
  p1044 det=1 formula=0(ok=0, sem=0, caption=0) table=0(ok=0) figure=1
       [figure] figure_00 'data\\cache\\figures\\РЦ AC 29-2C_2013г\\p1044_figure_00.png'
  p1045 det=0 formula=0(ok=0, sem=0, caption=0) table=0(ok=0) figure=0
  p1046 det=0 formula=0(ok=0, sem=0, caption=0) table=0(ok=0) figure=0
  p1047 det=0 formula=0(ok=0, sem=0, caption=0) table=0(ok=0) figure=0
  p1048 det=0 formula=0(ok=0, sem=0, caption=0) table=0(ok=0) figure=0
  p1049 det=0 formula=0(ok=0, sem=0, caption=0) table=0(ok=0) figure=0
  p1050 det=1 formula=0(ok=0, sem=0, caption=0) table=1(ok=1) figure=0
       [table] table_00 '|  | Процедуры контроля | Система | Система | | --- | --- | --- | --- | |  | пок'
  p1051 det=0 formula=0(ok=0, sem=0, caption=0) table=0(ok=0) figure=0
  p1052 det=0 formula=0(ok=0, sem=0, caption=0) table=0(ok=0) figure=0
  p1053 det=0 formula=0(ok=0, sem=0, caption=0) table=0(ok=0) figure=0
  p1054 det=0 formula=0(ok=0, sem=0, caption=0) table=0(ok=0) figure=0
  p1055 det=0 formula=0(ok=0, sem=0, caption=0) table=0(ok=0) figure=0
  p1056 det=0 formula=0(ok=0, sem=0, caption=0) table=0(ok=0) figure=0
  p1057 det=2 formula=0(ok=0, sem=0, caption=0) table=1(ok=1) figure=1
       [figure] figure_00 'data\\cache\\figures\\РЦ AC 29-2C_2013г\\p1057_figure_00.png'
       [table] table_01 '| № ИЗМ. | ВЫПУСКА ДАТА | ВНЕСЕНИЯ ДАТА | ИСПОЛНИТЕЛЬ № ИЗМ. ВЫПУСКА ДАТА ВНЕСЕН'
  p1058 det=0 formula=0(ok=0, sem=0, caption=0) table=0(ok=0) figure=0
  p1059 det=2 formula=0(ok=0, sem=0, caption=0) table=2(ok=2) figure=0
       [table] table_00 '| Наименование Страницы |  | Изм. № | | --- | --- | --- | | ОБЛОЖКА i, ii (пуста'
       [table] table_01 '|  | 83 СИЛОВАЯ УСТАНОВКА ( )-00-00 |  |  |  | | --- | --- | --- | --- | --- | |'
  p1060 det=0 formula=0(ok=0, sem=0, caption=0) table=0(ok=0) figure=0
  p1061 det=2 formula=0(ok=0, sem=0, caption=0) table=2(ok=2) figure=0
       [table] table_00 '| Обозначение Наименование |  | Стр. | | --- | --- | --- | | ГЛАВА 1 | $ВВЕДЕНИЕ'
       [table] table_01 '| 21. ОСОБЕННОСТИ ВИНТОКРЫЛОГО АППАРАТА | 7 | | --- | --- | | 22. ПОПРАВКИ К ИСХ'
  p1062 det=1 formula=0(ok=0, sem=0, caption=0) table=1(ok=1) figure=0
       [table] table_00 '|  | ЛЮКОВ. |  | | --- | --- | --- | | ГЛАВА 7 | ПОДЪЕМ И ЗАКРЕПЛЕНИЕ 07-00-00 |'
  p1063 det=1 formula=0(ok=0, sem=0, caption=0) table=1(ok=1) figure=0
       [table] table_00 '|  | 24. СПЕЦИАЛЬНЫЕ ИНСТРУМЕНТЫ | 8 | | --- | --- | --- | | Приложение 1 | ТРЕБ'
  p1064 det=0 formula=0(ok=0, sem=0, caption=0) table=0(ok=0) figure=0
  p1065 det=0 formula=0(ok=0, sem=0, caption=0) table=0(ok=0) figure=0
  p1066 det=0 formula=0(ok=0, sem=0, caption=0) table=0(ok=0) figure=0
  p1067 det=0 formula=0(ok=0, sem=0, caption=0) table=0(ok=0) figure=0
  p1068 det=0 formula=0(ok=0, sem=0, caption=0) table=0(ok=0) figure=0
  p1069 det=0 formula=0(ok=0, sem=0, caption=0) table=0(ok=0) figure=0
  p1070 det=0 formula=0(ok=0, sem=0, caption=0) table=0(ok=0) figure=0
  p1071 det=0 formula=0(ok=0, sem=0, caption=0) table=0(ok=0) figure=0
  p1072 det=0 formula=0(ok=0, sem=0, caption=0) table=0(ok=0) figure=0
  p1073 det=0 formula=0(ok=0, sem=0, caption=0) table=0(ok=0) figure=0
  p1074 det=0 formula=0(ok=0, sem=0, caption=0) table=0(ok=0) figure=0
  p1075 det=0 formula=0(ok=0, sem=0, caption=0) table=0(ok=0) figure=0
  p1076 det=0 formula=0(ok=0, sem=0, caption=0) table=0(ok=0) figure=0
  p1077 det=0 formula=0(ok=0, sem=0, caption=0) table=0(ok=0) figure=0
  p1078 det=1 formula=1(ok=0, sem=1, caption=0) table=0(ok=0) figure=0
       [formula] formula_00 '\\mathsf { N o } _ { \\overline { { \\phantom { - } } } } \\mathrm { C e p } u \\chec'
  p1079 det=0 formula=0(ok=0, sem=0, caption=0) table=0(ok=0) figure=0
  p1080 det=0 formula=0(ok=0, sem=0, caption=0) table=0(ok=0) figure=0
  p1081 det=0 formula=0(ok=0, sem=0, caption=0) table=0(ok=0) figure=0
  p1082 det=0 formula=0(ok=0, sem=0, caption=0) table=0(ok=0) figure=0
  p1083 det=0 formula=0(ok=0, sem=0, caption=0) table=0(ok=0) figure=0
  p1084 det=0 formula=0(ok=0, sem=0, caption=0) table=0(ok=0) figure=0
  p1085 det=0 formula=0(ok=0, sem=0, caption=0) table=0(ok=0) figure=0
  p1086 det=0 formula=0(ok=0, sem=0, caption=0) table=0(ok=0) figure=0
  p1087 det=0 formula=0(ok=0, sem=0, caption=0) table=0(ok=0) figure=0
  p1088 det=0 formula=0(ok=0, sem=0, caption=0) table=0(ok=0) figure=0
  p1089 det=0 formula=0(ok=0, sem=0, caption=0) table=0(ok=0) figure=0
  p1090 det=0 formula=0(ok=0, sem=0, caption=0) table=0(ok=0) figure=0
  p1091 det=0 formula=0(ok=0, sem=0, caption=0) table=0(ok=0) figure=0
  p1092 det=0 formula=0(ok=0, sem=0, caption=0) table=0(ok=0) figure=0
  p1093 det=0 formula=0(ok=0, sem=0, caption=0) table=0(ok=0) figure=0
  p1094 det=0 formula=0(ok=0, sem=0, caption=0) table=0(ok=0) figure=0
  p1095 det=0 formula=0(ok=0, sem=0, caption=0) table=0(ok=0) figure=0
  p1096 det=0 formula=0(ok=0, sem=0, caption=0) table=0(ok=0) figure=0
  p1097 det=0 formula=0(ok=0, sem=0, caption=0) table=0(ok=0) figure=0
  p1098 det=0 formula=0(ok=0, sem=0, caption=0) table=0(ok=0) figure=0
  p1099 det=0 formula=0(ok=0, sem=0, caption=0) table=0(ok=0) figure=0
  p1100 det=0 formula=0(ok=0, sem=0, caption=0) table=0(ok=0) figure=0
  p1101 det=0 formula=0(ok=0, sem=0, caption=0) table=0(ok=0) figure=0
  p1102 det=0 formula=0(ok=0, sem=0, caption=0) table=0(ok=0) figure=0
  p1103 det=0 formula=0(ok=0, sem=0, caption=0) table=0(ok=0) figure=0
  p1104 det=1 formula=1(ok=0, sem=1, caption=0) table=0(ok=0) figure=0
       [formula] formula_00 '\\begin{array} { c } { { \\overline { { \\underbrace { \\phantom { \\left( \\mathrm { '
  p1105 det=0 formula=0(ok=0, sem=0, caption=0) table=0(ok=0) figure=0
  p1106 det=0 formula=0(ok=0, sem=0, caption=0) table=0(ok=0) figure=0
  p1107 det=0 formula=0(ok=0, sem=0, caption=0) table=0(ok=0) figure=0
  p1108 det=0 formula=0(ok=0, sem=0, caption=0) table=0(ok=0) figure=0
  p1109 det=0 formula=0(ok=0, sem=0, caption=0) table=0(ok=0) figure=0
  p1110 det=0 formula=0(ok=0, sem=0, caption=0) table=0(ok=0) figure=0
  p1111 det=0 formula=0(ok=0, sem=0, caption=0) table=0(ok=0) figure=0
  p1112 det=2 formula=0(ok=0, sem=0, caption=0) table=2(ok=2) figure=0
       [table] table_00 '|  | ВИНТЫ |  |  | Конструкция |  | | --- | --- | --- | --- | --- | --- | | Глав'
       [table] table_01 '| Глава 23 |  | Связное оборудование |  | СИЛОВАЯ УСТАНОВКА | | --- | --- | --- '
  p1113 det=0 formula=0(ok=0, sem=0, caption=0) table=0(ok=0) figure=0
  p1114 det=0 formula=0(ok=0, sem=0, caption=0) table=0(ok=0) figure=0
  p1115 det=0 formula=0(ok=0, sem=0, caption=0) table=0(ok=0) figure=0
  p1116 det=0 formula=0(ok=0, sem=0, caption=0) table=0(ok=0) figure=0
  p1117 det=0 formula=0(ok=0, sem=0, caption=0) table=0(ok=0) figure=0
  p1118 det=0 formula=0(ok=0, sem=0, caption=0) table=0(ok=0) figure=0
  p1119 det=0 formula=0(ok=0, sem=0, caption=0) table=0(ok=0) figure=0
  p1120 det=0 formula=0(ok=0, sem=0, caption=0) table=0(ok=0) figure=0
  p1121 det=0 formula=0(ok=0, sem=0, caption=0) table=0(ok=0) figure=0
  p1122 det=0 formula=0(ok=0, sem=0, caption=0) table=0(ok=0) figure=0
  p1123 det=0 formula=0(ok=0, sem=0, caption=0) table=0(ok=0) figure=0
  p1124 det=0 formula=0(ok=0, sem=0, caption=0) table=0(ok=0) figure=0
  p1125 det=0 formula=0(ok=0, sem=0, caption=0) table=0(ok=0) figure=0
  p1126 det=0 formula=0(ok=0, sem=0, caption=0) table=0(ok=0) figure=0
  p1127 det=0 formula=0(ok=0, sem=0, caption=0) table=0(ok=0) figure=0
  p1128 det=0 formula=0(ok=0, sem=0, caption=0) table=0(ok=0) figure=0
  p1129 det=0 formula=0(ok=0, sem=0, caption=0) table=0(ok=0) figure=0
  p1130 det=0 formula=0(ok=0, sem=0, caption=0) table=0(ok=0) figure=0
  p1131 det=0 formula=0(ok=0, sem=0, caption=0) table=0(ok=0) figure=0
  p1132 det=0 formula=0(ok=0, sem=0, caption=0) table=0(ok=0) figure=0
  p1133 det=0 formula=0(ok=0, sem=0, caption=0) table=0(ok=0) figure=0
  p1134 det=0 formula=0(ok=0, sem=0, caption=0) table=0(ok=0) figure=0
  p1135 det=0 formula=0(ok=0, sem=0, caption=0) table=0(ok=0) figure=0
  p1136 det=0 formula=0(ok=0, sem=0, caption=0) table=0(ok=0) figure=0
  p1137 det=0 formula=0(ok=0, sem=0, caption=0) table=0(ok=0) figure=0
  p1138 det=0 formula=0(ok=0, sem=0, caption=0) table=0(ok=0) figure=0
  p1139 det=0 formula=0(ok=0, sem=0, caption=0) table=0(ok=0) figure=0
  p1140 det=0 formula=0(ok=0, sem=0, caption=0) table=0(ok=0) figure=0
  p1141 det=0 formula=0(ok=0, sem=0, caption=0) table=0(ok=0) figure=0
  p1142 det=0 formula=0(ok=0, sem=0, caption=0) table=0(ok=0) figure=0
  p1143 det=0 formula=0(ok=0, sem=0, caption=0) table=0(ok=0) figure=0
  p1144 det=0 formula=0(ok=0, sem=0, caption=0) table=0(ok=0) figure=0
