priority,doc_id,page,page_count,tlq,lexical_quality,garbage_score,dict_hit,typo_ratio,oov_hard,route,lang_hint,char_count,sample_bad_tokens,source_path
veto,US_Army_Materiel_Command_Engineering_Design_Handbook,566,572,0.9088,0.0606,0.9393939393939394,0.0606,0.9394,0.9394,ocr,en,782,inadvat|aukis|nuiisia4|afrms|Mhdwof44w|ubmil|raw6ra|RVoWor,C:\Users\l.ilyintseva\Desktop\RAG-system\data\raw\US_Army_Materiel_Command_Engineering_Design_Handbook.pdf
veto,US_Army_Materiel_Command_Engineering_Design_Handbook,572,572,0.986,0.0768,0.923235294117647,0.0588,0.9118,0.9118,ocr,en,2955,ItMMS|Teatsi|Gater-|CItie|Inttets|Asm-tS1|helela|hupme-S,C:\Users\l.ilyintseva\Desktop\RAG-system\data\raw\US_Army_Materiel_Command_Engineering_Design_Handbook.pdf
veto,US_Army_Materiel_Command_Engineering_Design_Handbook,552,572,0.9879,0.0951,0.9049152542372881,0.0847,0.8983,0.8983,ocr,en,1875,UwIlAP|rinaw|wdkplt|aupeh|asabaic|W6lii/br|Qmrauu-|Csshk,C:\Users\l.ilyintseva\Desktop\RAG-system\data\raw\US_Army_Materiel_Command_Engineering_Design_Handbook.pdf
veto,US_Army_Materiel_Command_Engineering_Design_Handbook,557,572,0.9859,0.1143,0.8857142857142857,0.1143,0.8857,0.8857,ocr,en,1256,CAXUaM|dbusajs|iiukiuugg440|pftbt|awimic|aminW|UHiF/VHF|bywha,C:\Users\l.ilyintseva\Desktop\RAG-system\data\raw\US_Army_Materiel_Command_Engineering_Design_Handbook.pdf
veto,US_Army_Materiel_Command_Engineering_Design_Handbook,467,572,0.9876,0.1241,0.8759174311926605,0.1101,0.867,0.867,ocr,en,3544,WMCaa|dMMiUi|Commlhs|evidw|amliua|Omwof|wetin|oftht,C:\Users\l.ilyintseva\Desktop\RAG-system\data\raw\US_Army_Materiel_Command_Engineering_Design_Handbook.pdf
veto,KT-160G_14G условия эксплуатации и окружающей среды,43,438,0.8931,0.1389,0.8611111111111112,0.1389,0.8611,0.8611,ocr,ru,733,Давлен|окружающеn|СDСдЫ|Оборудован11е|фyнKUJIOHIIpyeт|Тест11рованне|Давлсшrс|эквrrвалент,C:\Users\l.ilyintseva\Desktop\RAG-system\data\raw\KT-160G_14G условия эксплуатации и окружающей среды.pdf
veto,US_Army_Materiel_Command_Engineering_Design_Handbook,570,572,0.9872,0.1584,0.8416417910447761,0.1493,0.8358,0.8358,ocr,en,1469,Vbnigmmee|UftKY|dufta|Ptabws|hiadhif|ow-IgJ|ostrsd|Cobsil,C:\Users\l.ilyintseva\Desktop\RAG-system\data\raw\US_Army_Materiel_Command_Engineering_Design_Handbook.pdf
veto,US_Army_Materiel_Command_Engineering_Design_Handbook,556,572,0.9872,0.1622,0.837752808988764,0.1348,0.8202,0.8202,ocr,en,2083,WDEXd|Cesd7-d|iecic|OWLut|pulctlewlo|elmiomawn|inetallation|blede,C:\Users\l.ilyintseva\Desktop\RAG-system\data\raw\US_Army_Materiel_Command_Engineering_Design_Handbook.pdf
veto,KT-160G_14G условия эксплуатации и окружающей среды,44,438,0.8916,0.1667,0.8333333333333334,0.1667,0.8333,0.8333,ocr,ru,658,Оборудованне|функuноннрует|Тестированне|Давленне|окружающеn|Прrшечатт|IIЗЛteuemm|давлеиия,C:\Users\l.ilyintseva\Desktop\RAG-system\data\raw\KT-160G_14G условия эксплуатации и окружающей среды.pdf
veto,US_Army_Materiel_Command_Engineering_Design_Handbook,472,572,0.9876,0.1844,0.8155665024630542,0.1724,0.8079,0.8079,ocr,en,3935,bfeieuw|reakeL|maisred|inimA|dspwdt|wkhei|einombap|fabrW,C:\Users\l.ilyintseva\Desktop\RAG-system\data\raw\US_Army_Materiel_Command_Engineering_Design_Handbook.pdf
veto,KT-160G_14G условия эксплуатации и окружающей среды,42,438,0.9011,0.1944,0.8055555555555556,0.1944,0.8056,0.8056,ocr,ru,539,Давлен|окружающеn|Дnвле1111е|эквнвалент|мnкснмальной|эксплуnташюшюn|Оборудованне|функшюннрует,C:\Users\l.ilyintseva\Desktop\RAG-system\data\raw\KT-160G_14G условия эксплуатации и окружающей среды.pdf
veto,US_Army_Materiel_Command_Engineering_Design_Handbook,462,572,0.9855,0.197,0.803030303030303,0.197,0.803,0.803,ocr,en,1339,naacS|HbeLC|i4ioArmHo|etaDW|MrVAwwyK|Cowmnaic|Leeis|HavtL,C:\Users\l.ilyintseva\Desktop\RAG-system\data\raw\US_Army_Materiel_Command_Engineering_Design_Handbook.pdf
veto,US_Army_Materiel_Command_Engineering_Design_Handbook,555,572,0.988,0.2367,0.7632885906040269,0.2081,0.745,0.745,ocr,en,2623,Couti-ed|ecatne|Muwtia|vulnearbility|Annuuling|falur|anals-sk|Anodizng,C:\Users\l.ilyintseva\Desktop\RAG-system\data\raw\US_Army_Materiel_Command_Engineering_Design_Handbook.pdf
veto,US_Army_Materiel_Command_Engineering_Design_Handbook,186,572,0.9878,0.2534,0.7465625,0.2344,0.7344,0.7344,ocr,en,1041,dispaiibl|ekintrt|boicoerstmnral|wicnitofn|ovjoaanc|rascnb|aedan|aidroeft-,C:\Users\l.ilyintseva\Desktop\RAG-system\data\raw\US_Army_Materiel_Command_Engineering_Design_Handbook.pdf
veto,US_Army_Materiel_Command_Engineering_Design_Handbook,473,572,0.9877,0.26,0.7400432900432901,0.2468,0.7316,0.7316,ocr,en,3987,wiemp|gheamsn|pniiuffalaed|Goadiuions|GOmidwei|keseam|TurfMpsy|hadiua,C:\Users\l.ilyintseva\Desktop\RAG-system\data\raw\US_Army_Materiel_Command_Engineering_Design_Handbook.pdf
veto,US_Army_Materiel_Command_Engineering_Design_Handbook,558,572,0.9872,0.2668,0.7332484076433121,0.2357,0.7134,0.7134,ocr,en,2596,Lontdme|Elauiomewww|couplin|miaft|Elastomneric|materils|oinknctk|coatporcuss,C:\Users\l.ilyintseva\Desktop\RAG-system\data\raw\US_Army_Materiel_Command_Engineering_Design_Handbook.pdf
veto,US_Army_Materiel_Command_Engineering_Design_Handbook,275,572,0.9863,0.2691,0.7309375,0.25,0.7188,0.7188,ocr,en,2321,nbotei|vahsiwg|trota|rwkkr|intnedyi|rtAiI|ZXIWof|roqsirdc,C:\Users\l.ilyintseva\Desktop\RAG-system\data\raw\US_Army_Materiel_Command_Engineering_Design_Handbook.pdf
veto,US_Army_Materiel_Command_Engineering_Design_Handbook,283,572,0.9864,0.2696,0.7304382470119521,0.255,0.7211,0.7211,ocr,en,4270,gadidias|auupamuy|ouzpk7|aixoss|oreams|aabhahaqol|buakk|qlamaeliusal,C:\Users\l.ilyintseva\Desktop\RAG-system\data\raw\US_Army_Materiel_Command_Engineering_Design_Handbook.pdf
veto,US_Army_Materiel_Command_Engineering_Design_Handbook,474,572,0.9878,0.2803,0.7196744186046511,0.2605,0.707,0.707,ocr,en,3760,imuNSJ|bkffl9|Vuiem|Prookift|behimpar|diuihe|tufto|kewmM,C:\Users\l.ilyintseva\Desktop\RAG-system\data\raw\US_Army_Materiel_Command_Engineering_Design_Handbook.pdf
veto,US_Army_Materiel_Command_Engineering_Design_Handbook,378,572,0.9047,0.2857,0.7142857142857143,0.2857,0.7143,0.7143,ocr,en,847,minicauam|foice|ibfwav3|vaive|opnwia|aauion|uignifi-|hammW,C:\Users\l.ilyintseva\Desktop\RAG-system\data\raw\US_Army_Materiel_Command_Engineering_Design_Handbook.pdf
veto,US_Army_Materiel_Command_Engineering_Design_Handbook,461,572,0.988,0.2896,0.7103643724696356,0.2551,0.6883,0.6883,ocr,en,4422,Mmoabu|ihions|GdpOui-|COMMeerkva|tiwly|heiat|dmuld|tamblih,C:\Users\l.ilyintseva\Desktop\RAG-system\data\raw\US_Army_Materiel_Command_Engineering_Design_Handbook.pdf
veto,US_Army_Materiel_Command_Engineering_Design_Handbook,427,572,0.9088,0.2903,0.7096774193548387,0.2903,0.7097,0.7097,ocr,en,495,Vichrne|Houas|Huicopwr|Enatis|Roausin|ornal|MacNeal|MtrCocmik,C:\Users\l.ilyintseva\Desktop\RAG-system\data\raw\US_Army_Materiel_Command_Engineering_Design_Handbook.pdf
veto,US_Army_Materiel_Command_Engineering_Design_Handbook,377,572,0.9868,0.2936,0.7064457831325301,0.2651,0.6928,0.6867,ocr,en,2861,inhcnnt|bMw-innhtia|higz-rapwu|chacaicriskia|quait|Liectively|trauskals|fromt,C:\Users\l.ilyintseva\Desktop\RAG-system\data\raw\US_Army_Materiel_Command_Engineering_Design_Handbook.pdf
veto,US_Army_Materiel_Command_Engineering_Design_Handbook,284,572,0.9874,0.3005,0.6995256916996047,0.2727,0.6877,0.6798,ocr,en,4197,atasma|ckaev|makpituc|tofmoe-g|aeggw|dsptabW|Wcaai|hacuia,C:\Users\l.ilyintseva\Desktop\RAG-system\data\raw\US_Army_Materiel_Command_Engineering_Design_Handbook.pdf
veto,US_Army_Materiel_Command_Engineering_Design_Handbook,569,572,0.9877,0.3054,0.6945962732919255,0.2609,0.6708,0.6646,ocr,en,2635,Casmhwui|cahsbrabion|copaft|cautizn|anuna|cnllgatios|muvivabitiy|delcto,C:\Users\l.ilyintseva\Desktop\RAG-system\data\raw\US_Army_Materiel_Command_Engineering_Design_Handbook.pdf
veto,US_Army_Materiel_Command_Engineering_Design_Handbook,216,572,0.9862,0.3063,0.6937433155080214,0.2834,0.6791,0.6791,ocr,en,2860,CffITILAL|ONE-PEAlI4v|codtos|hogotteeteetn|Todge-f-fed0|MEaucrncaeifc|yicciuCH|jICnALv,C:\Users\l.ilyintseva\Desktop\RAG-system\data\raw\US_Army_Materiel_Command_Engineering_Design_Handbook.pdf
veto,АС 1.1.S1000DR_2014,1970,4046,0.9767,0.3093,0.6907407407407407,0.2716,0.6667,0.6667,ocr,ru,1332,galUK/min|галлоны/минута|galUK/min|галлоны/минута|galUK/min|галлоны/минута|galUK/min2|галлоны/минута/минута,C:\Users\l.ilyintseva\Desktop\RAG-system\data\raw\АС 1.1.S1000DR_2014.pdf
veto,US_Army_Materiel_Command_Engineering_Design_Handbook,560,572,0.9877,0.3174,0.6825850340136055,0.2925,0.6667,0.6667,ocr,en,2462,Coadmued|cusMW|systM|latesystam|uwithin|hydmau|kiemanac|ulhcsa,C:\Users\l.ilyintseva\Desktop\RAG-system\data\raw\US_Army_Materiel_Command_Engineering_Design_Handbook.pdf
veto,US_Army_Materiel_Command_Engineering_Design_Handbook,559,572,0.9873,0.3198,0.6801612903225807,0.2903,0.6613,0.6613,ocr,en,2064,Condami|ibine|Ftgefv|Ensigfsswh|nyustm|antitorqus|Eqangieeig|pbasims,C:\Users\l.ilyintseva\Desktop\RAG-system\data\raw\US_Army_Materiel_Command_Engineering_Design_Handbook.pdf
veto,US_Army_Materiel_Command_Engineering_Design_Handbook,281,572,0.9867,0.3229,0.6770916334661354,0.3108,0.6693,0.6693,ocr,en,3583,SUBSYSTEMt|tsaapi|duritaivo|momeo|ft4b/rad-c|erlniir|dihedra|ustability,C:\Users\l.ilyintseva\Desktop\RAG-system\data\raw\US_Army_Materiel_Command_Engineering_Design_Handbook.pdf
veto,KT-160G_14G условия эксплуатации и окружающей среды,41,438,0.9052,0.3243,0.6756756756756757,0.3243,0.6757,0.6757,ocr,ru,555,Темnература|соеды|Оборудованне|функшюннрует|Темnература|охлажде1111я|Тесшрованне|Прюtе,C:\Users\l.ilyintseva\Desktop\RAG-system\data\raw\KT-160G_14G условия эксплуатации и окружающей среды.pdf
veto,US_Army_Materiel_Command_Engineering_Design_Handbook,379,572,0.9849,0.3261,0.6738709677419354,0.3065,0.6613,0.6613,ocr,en,1093,reAS4o-eukini|cbaeecw-|vafre|pvift|paumw|adtin|cmuauims6|saubsym,C:\Users\l.ilyintseva\Desktop\RAG-system\data\raw\US_Army_Materiel_Command_Engineering_Design_Handbook.pdf
veto,US_Army_Materiel_Command_Engineering_Design_Handbook,276,572,0.9871,0.3289,0.6711442786069652,0.2985,0.6517,0.6517,ocr,en,3402,sowdoad|tiiota|qpdfedb|muagouuimd|btwht|dwaureigs|labvsoerd|osbouud,C:\Users\l.ilyintseva\Desktop\RAG-system\data\raw\US_Army_Materiel_Command_Engineering_Design_Handbook.pdf
veto,US_Army_Materiel_Command_Engineering_Design_Handbook,280,572,0.987,0.3309,0.6690873015873016,0.2976,0.6508,0.6468,ocr,en,4059,Gufafa|Houboft|LawjfAdwd|Slattay|Medsiaf|ltiakeper|Naulfn|Wasahiagou,C:\Users\l.ilyintseva\Desktop\RAG-system\data\raw\US_Army_Materiel_Command_Engineering_Design_Handbook.pdf
veto,KT-160G_14G условия эксплуатации и окружающей среды,37,438,0.985,0.3327,0.6673255813953488,0.3256,0.6628,0.6628,ocr,ru,1273,окружа10щеR|Потtжеtшая|воздеRств11я|Поtшже11ная|Оборудован11е|функшюн11рует|Тестllроваtше|Прrщечатtя-,C:\Users\l.ilyintseva\Desktop\RAG-system\data\raw\KT-160G_14G условия эксплуатации и окружающей среды.pdf
veto,KT-160G_14G условия эксплуатации и окружающей среды,40,438,0.9119,0.3333,0.6666666666666667,0.3333,0.6667,0.6667,ocr,ru,500,Прzшеча11ия|Оборудован11е|функUJtоН11рует|еспsрован11е|темпераrура|uзме11еm1Я|шzературы|ит11ерва,C:\Users\l.ilyintseva\Desktop\RAG-system\data\raw\KT-160G_14G условия эксплуатации и окружающей среды.pdf
veto,РДК_молниезащита 89г,99,503,0.9879,0.3411,0.65890625,0.3125,0.6406,0.6406,ocr,en,1137,Attachnient|poinits|lehft|wvitig|faiitliat|liift|iladjavent|thanl,C:\Users\l.ilyintseva\Desktop\RAG-system\data\raw\РДК_молниезащита 89г.pdf
veto,KT-160G_14G условия эксплуатации и окружающей среды,38,438,0.8999,0.3438,0.65625,0.3438,0.6562,0.6562,ocr,ru,533,окружающеn|Пон11жеtr11ая|Оборудованне|функцноннрует|Tecтlloooaltlte|Прtшечштя-|измеиетtя|ературы,C:\Users\l.ilyintseva\Desktop\RAG-system\data\raw\KT-160G_14G условия эксплуатации и окружающей среды.pdf
veto,US_Army_Materiel_Command_Engineering_Design_Handbook,174,572,0.9853,0.3506,0.649433962264151,0.316,0.6274,0.6274,ocr,en,3709,dfiiv|subsylensnt|NWAutkf|larEZ4s|a-ecohmotlatt|kiixia|uilure-forgivitkg|d4sigjn,C:\Users\l.ilyintseva\Desktop\RAG-system\data\raw\US_Army_Materiel_Command_Engineering_Design_Handbook.pdf
veto,US_Army_Materiel_Command_Engineering_Design_Handbook,568,572,0.9881,0.3521,0.6479032258064517,0.3226,0.629,0.629,ocr,en,1986,sianat|Jsupporft|Sirvwaih|hydisialic|sodseuhn|ewnbufioa|ISutvivalAdmaNPS|qnlminw,C:\Users\l.ilyintseva\Desktop\RAG-system\data\raw\US_Army_Materiel_Command_Engineering_Design_Handbook.pdf
veto,KT-160G_14G условия эксплуатации и окружающей среды,9,438,0.9782,0.354,0.6459722222222222,0.2778,0.5972,0.5972,ocr,ru,1314,исполшпели|глав11ыii|НИИАО|Саушш|НИИАО|руковод11теля|Матвсев|Митенков,C:\Users\l.ilyintseva\Desktop\RAG-system\data\raw\KT-160G_14G условия эксплуатации и окружающей среды.pdf
veto,US_Army_Materiel_Command_Engineering_Design_Handbook,567,572,0.988,0.3648,0.6351694915254238,0.339,0.6186,0.6186,ocr,en,2029,Axwwl|asgglii|vmiim|elaph|dwiopiavnm|kslmdUS|amatypes|imoist,C:\Users\l.ilyintseva\Desktop\RAG-system\data\raw\US_Army_Materiel_Command_Engineering_Design_Handbook.pdf
veto,US_Army_Materiel_Command_Engineering_Design_Handbook,282,572,0.9879,0.3733,0.6267199999999999,0.344,0.608,0.608,ocr,en,3650,LCsMW|AgiaC|WkWUe|eMWUWga|aquas10|frelsL|oflason|hqrne,C:\Users\l.ilyintseva\Desktop\RAG-system\data\raw\US_Army_Materiel_Command_Engineering_Design_Handbook.pdf
veto,US_Army_Materiel_Command_Engineering_Design_Handbook,279,572,0.9879,0.3744,0.625625,0.3346,0.6029,0.5993,ocr,en,4267,istpou|Mufhy|flawy|MaOil|Conidrauosm|Hdkispur|kikgod|Wawbdiagii,C:\Users\l.ilyintseva\Desktop\RAG-system\data\raw\US_Army_Materiel_Command_Engineering_Design_Handbook.pdf
veto,US_Army_Materiel_Command_Engineering_Design_Handbook,270,572,0.9864,0.3813,0.6187155963302753,0.3624,0.6101,0.6055,ocr,en,4008,spa-gwe1|vnixastii|satVtCtoryV|thniques|majvw|sturrund-|cowmponena|rnatzrsiJ,C:\Users\l.ilyintseva\Desktop\RAG-system\data\raw\US_Army_Materiel_Command_Engineering_Design_Handbook.pdf
veto,US_Army_Materiel_Command_Engineering_Design_Handbook,565,572,0.9875,0.3838,0.6161805555555555,0.3542,0.5972,0.5972,ocr,en,2593,OGAtst|bydtamlc|Mrwsinrr|adobea|opmrtlin|contro6|Lrauii|tyctum,C:\Users\l.ilyintseva\Desktop\RAG-system\data\raw\US_Army_Materiel_Command_Engineering_Design_Handbook.pdf
veto,US_Army_Materiel_Command_Engineering_Design_Handbook,78,572,0.9873,0.3847,0.6152988047808765,0.3586,0.6016,0.5976,ocr,en,4431,lctruically|pcrforrn|rcquired|moxois|aiwak|possibt|consxrv|ction,C:\Users\l.ilyintseva\Desktop\RAG-system\data\raw\US_Army_Materiel_Command_Engineering_Design_Handbook.pdf
veto,US_Army_Materiel_Command_Engineering_Design_Handbook,366,572,0.9862,0.3964,0.6036410256410256,0.3846,0.6,0.5949,ocr,en,3355,lkdher|diicvcsad|aletnevtive|Fptnmioa|environmcnmtz|Grouand|cmaly|requiaemcns,C:\Users\l.ilyintseva\Desktop\RAG-system\data\raw\US_Army_Materiel_Command_Engineering_Design_Handbook.pdf
veto,US_Army_Materiel_Command_Engineering_Design_Handbook,541,572,0.9875,0.3972,0.6027604166666667,0.375,0.5885,0.5885,ocr,en,3102,RKVMrnNTAJW|IDTEAl|foliowi4|coetroke|ianozrsiou|tresima|nauswso|mnafl,C:\Users\l.ilyintseva\Desktop\RAG-system\data\raw\US_Army_Materiel_Command_Engineering_Design_Handbook.pdf
veto,US_Army_Materiel_Command_Engineering_Design_Handbook,422,572,0.9853,0.3984,0.6016071428571429,0.3512,0.5714,0.5714,ocr,en,2770,lduqmla|hewhis|smiaC|looedown011|usuua|anile|mmnhqbls|helopee,C:\Users\l.ilyintseva\Desktop\RAG-system\data\raw\US_Army_Materiel_Command_Engineering_Design_Handbook.pdf
veto,US_Army_Materiel_Command_Engineering_Design_Handbook,446,572,0.9876,0.4063,0.5937142857142856,0.3714,0.5714,0.5714,ocr,en,3481,kfmpa|capabl|aminimum|Wooatd|accas|isseff-a|traosport|Woost,C:\Users\l.ilyintseva\Desktop\RAG-system\data\raw\US_Army_Materiel_Command_Engineering_Design_Handbook.pdf
veto,US_Army_Materiel_Command_Engineering_Design_Handbook,89,572,0.9878,0.4077,0.5923355263157895,0.3816,0.5757,0.5757,ocr,en,4637,Rtequirasc|uuppremaon|Wuufss|mqsimnmua|amassm|cedin|iisfit|ipociki,C:\Users\l.ilyintseva\Desktop\RAG-system\data\raw\US_Army_Materiel_Command_Engineering_Design_Handbook.pdf
veto,KT-160G_14G условия эксплуатации и окружающей среды,39,438,0.9874,0.4101,0.5898765432098765,0.3951,0.5802,0.5802,ocr,ru,1222,nредельная|темnература|tnсратура|iств11я|Прюtечаиие|измеиеmtЯ|телтературы|итервале,C:\Users\l.ilyintseva\Desktop\RAG-system\data\raw\KT-160G_14G условия эксплуатации и окружающей среды.pdf
veto,US_Army_Materiel_Command_Engineering_Design_Handbook,374,572,0.987,0.4113,0.5886538461538462,0.3798,0.5721,0.5673,ocr,en,3374,impxaf|Gieis|pabolsies|suppramo|shoen|imudane|cmensated|ayesk,C:\Users\l.ilyintseva\Desktop\RAG-system\data\raw\US_Army_Materiel_Command_Engineering_Design_Handbook.pdf
veto,АС 1.1.S1000DR_2014,3159,4046,0.9882,0.4156,0.5844444444444444,0.3704,0.5556,0.5556,ocr,en,1663,org/S1000D|prdcrossreftable|xmlns|xmlns|xmlns|xlink|org/1999/xlink|dmodule,C:\Users\l.ilyintseva\Desktop\RAG-system\data\raw\АС 1.1.S1000DR_2014.pdf
veto,US_Army_Materiel_Command_Engineering_Design_Handbook,172,572,0.9882,0.4157,0.5843448275862069,0.3862,0.5655,0.5655,ocr,en,2091,LOflMAT|OSftEo|Teoth|Mebing|duction|vudmn|vbrmimo|sigificantly,C:\Users\l.ilyintseva\Desktop\RAG-system\data\raw\US_Army_Materiel_Command_Engineering_Design_Handbook.pdf
veto,US_Army_Materiel_Command_Engineering_Design_Handbook,459,572,0.988,0.4157,0.5842561983471075,0.4132,0.5826,0.5826,ocr,en,3520,performnance|mupieo|deaAAWle|maebsa|iideration|adhopwe|sormm|dluhl,C:\Users\l.ilyintseva\Desktop\RAG-system\data\raw\US_Army_Materiel_Command_Engineering_Design_Handbook.pdf
veto,US_Army_Materiel_Command_Engineering_Design_Handbook,458,572,0.9869,0.4177,0.5822939068100359,0.3871,0.5627,0.5627,ocr,en,4442,locstion|mokhios|ituation|swpemiom|locatin|posble|dimance|butwenm,C:\Users\l.ilyintseva\Desktop\RAG-system\data\raw\US_Army_Materiel_Command_Engineering_Design_Handbook.pdf
veto,KT-160G_14G условия эксплуатации и окружающей среды,58,438,0.9047,0.4286,0.5714285714285714,0.4286,0.5714,0.5714,ocr,ru,637,оборудованне|функшюннрует|KOJieU|ЦIIКЛа|Рнсунок|шrкла|Первод|Mllllllмyм,C:\Users\l.ilyintseva\Desktop\RAG-system\data\raw\KT-160G_14G условия эксплуатации и окружающей среды.pdf
veto,АС 1.1.S1000DR_2014,3156,4046,0.9882,0.4318,0.5682142857142857,0.381,0.5357,0.5357,ocr,en,1640,xmlns|xlink|org/1999/xlink|dmodule|dmodule|xmlns|org/2001/XMLSchema-instance|org/S1000D,C:\Users\l.ilyintseva\Desktop\RAG-system\data\raw\АС 1.1.S1000DR_2014.pdf
veto,US_Army_Materiel_Command_Engineering_Design_Handbook,168,572,0.9869,0.4319,0.5681107491856678,0.3941,0.544,0.544,ocr,en,4324,ireinuceis|Sufficmet|stren4th|determininug|dtribute|ulimate|streagth|Sctor,C:\Users\l.ilyintseva\Desktop\RAG-system\data\raw\US_Army_Materiel_Command_Engineering_Design_Handbook.pdf
veto,АС 1.1.S1000DR_2014,3157,4046,0.9882,0.4321,0.5679220779220779,0.3766,0.5325,0.5325,ocr,en,1526,dmodule|dmodule|xmlns|org/2001/XMLSchema-instance|org/S1000D|xmlns|xmlns|xmlns,C:\Users\l.ilyintseva\Desktop\RAG-system\data\raw\АС 1.1.S1000DR_2014.pdf
veto,KT-160G_14G условия эксплуатации и окружающей среды,109,438,0.9051,0.4331,0.566888888888889,0.3111,0.4889,0.4889,ocr,ru,826,nереnолнении|РегулнруJ|nодъема|ДетальА|д11аметром|Прюrечаиия|чuсло|отверстшi,C:\Users\l.ilyintseva\Desktop\RAG-system\data\raw\KT-160G_14G условия эксплуатации и окружающей среды.pdf
veto,US_Army_Materiel_Command_Engineering_Design_Handbook,185,572,0.9879,0.4339,0.566063829787234,0.3972,0.5426,0.5426,ocr,en,4581,Psotida|IfrMn|mnratream|aNMAN|mpgdlsd|bured|sbmee|aueiom,C:\Users\l.ilyintseva\Desktop\RAG-system\data\raw\US_Army_Materiel_Command_Engineering_Design_Handbook.pdf
veto,KT-160G_14G условия эксплуатации и окружающей среды,66,438,0.9847,0.4512,0.5487500000000001,0.375,0.5,0.5,ocr,ru,1594,n11лообразныli|мпульс|шульса|Нюкочастотная|безопасносп|ра1рушення|МЕЧАНИЕ-|Осциллогра,C:\Users\l.ilyintseva\Desktop\RAG-system\data\raw\KT-160G_14G условия эксплуатации и окружающей среды.pdf
veto,KT-160G_14G условия эксплуатации и окружающей среды,34,438,0.9979,0.4515,0.5484530386740332,0.2486,0.6354,0.3481,ocr,ru,3078,исnытаний|Приме-|чание|чание|Приме-|Приме-|Приме-|Приме-,C:\Users\l.ilyintseva\Desktop\RAG-system\data\raw\KT-160G_14G условия эксплуатации и окружающей среды.pdf
veto,АС 1.1.S1000DR_2014,3158,4046,0.9882,0.4518,0.5482222222222223,0.4111,0.5222,0.5222,ocr,en,1689,dmodule|dmodule|xmlns|org/2001/XMLSchema-instance|org/S1000D|flat/schedul|xmlns|xmlns,C:\Users\l.ilyintseva\Desktop\RAG-system\data\raw\АС 1.1.S1000DR_2014.pdf
veto,US_Army_Materiel_Command_Engineering_Design_Handbook,456,572,0.9876,0.4533,0.5467484662576687,0.4233,0.5276,0.5276,ocr,en,2630,TiSWN|easiY|insid|cazgo|comtpartmwnt|advanflgw|cuggo|timeo,C:\Users\l.ilyintseva\Desktop\RAG-system\data\raw\US_Army_Materiel_Command_Engineering_Design_Handbook.pdf
veto,US_Army_Materiel_Command_Engineering_Design_Handbook,372,572,0.9841,0.4626,0.5374404761904762,0.4226,0.5119,0.5119,ocr,en,2573,Faedboc|positivi|altziw|vahvs|rlturn|thzee|tvays|inrrdi,C:\Users\l.ilyintseva\Desktop\RAG-system\data\raw\US_Army_Materiel_Command_Engineering_Design_Handbook.pdf
veto,US_Army_Materiel_Command_Engineering_Design_Handbook,460,572,0.988,0.4666,0.5334451219512195,0.4238,0.5061,0.5061,ocr,en,4757,theassumption|ompty|spriaugs|helicopteir|hydropneumatic|geweally|ternafly|cillatlom,C:\Users\l.ilyintseva\Desktop\RAG-system\data\raw\US_Army_Materiel_Command_Engineering_Design_Handbook.pdf
veto,US_Army_Materiel_Command_Engineering_Design_Handbook,90,572,0.9873,0.4684,0.5315625,0.4313,0.5125,0.5062,ocr,en,2825,typicali|subjua|dluatfaed|digamp|stsms|speal|hJbdnMoi-|pmbimwy,C:\Users\l.ilyintseva\Desktop\RAG-system\data\raw\US_Army_Materiel_Command_Engineering_Design_Handbook.pdf
veto,US_Army_Materiel_Command_Engineering_Design_Handbook,277,572,0.9875,0.4693,0.5306542056074766,0.4579,0.5234,0.5234,ocr,en,3236,balacin|Mlaul|aqatave|acsedowa|pitchin|moumat|Druaiss|Niluad,C:\Users\l.ilyintseva\Desktop\RAG-system\data\raw\US_Army_Materiel_Command_Engineering_Design_Handbook.pdf
veto,US_Army_Materiel_Command_Engineering_Design_Handbook,371,572,0.9878,0.4754,0.5245856353591161,0.4337,0.5,0.4972,ocr,en,5238,sasacds|eurwa|CFWbM|discusuon|primnarily|Lixful|tcchmicrut|involc,C:\Users\l.ilyintseva\Desktop\RAG-system\data\raw\US_Army_Materiel_Command_Engineering_Design_Handbook.pdf
veto,АС 1.1.S1000DR_2014,2000,4046,0.9035,0.4777,0.5222641509433963,0.3396,0.434,0.434,ocr,ru,847,микрофарад|микрофарады/метр|микрограммы/куб|микрогенри|микрогенри/метр|микрогерц|микроджоули|микроны,C:\Users\l.ilyintseva\Desktop\RAG-system\data\raw\АС 1.1.S1000DR_2014.pdf
veto,US_Army_Materiel_Command_Engineering_Design_Handbook,454,572,0.9881,0.48,0.5200294985250737,0.4602,0.5074,0.5074,ocr,en,4871,compnipment|occusionally|iinmecistaly|loaiding|pantinent|Akiled|orgeni-|poaability,C:\Users\l.ilyintseva\Desktop\RAG-system\data\raw\US_Army_Materiel_Command_Engineering_Design_Handbook.pdf
veto,US_Army_Materiel_Command_Engineering_Design_Handbook,539,572,0.9877,0.4873,0.5126666666666666,0.4467,0.4867,0.4867,ocr,en,2487,Fktthg|FgUre|Sp0ldq|Anathtw|eqctivc|racthod|thrcu|meais,C:\Users\l.ilyintseva\Desktop\RAG-system\data\raw\US_Army_Materiel_Command_Engineering_Design_Handbook.pdf
veto,US_Army_Materiel_Command_Engineering_Design_Handbook,471,572,0.9877,0.4894,0.5105839416058394,0.4672,0.4964,0.4964,ocr,en,4136,pineM|ddmomr1SA|krali|Minig|WHIMuIsM|soibd|linmm|budswe,C:\Users\l.ilyintseva\Desktop\RAG-system\data\raw\US_Army_Materiel_Command_Engineering_Design_Handbook.pdf
veto,US_Army_Materiel_Command_Engineering_Design_Handbook,137,572,0.9871,0.491,0.5089669421487604,0.4463,0.4835,0.4793,ocr,en,3369,specirictitioii|pirinary|crairtlassis|helicepter|orauing|syntthemic|smission|ratkae,C:\Users\l.ilyintseva\Desktop\RAG-system\data\raw\US_Army_Materiel_Command_Engineering_Design_Handbook.pdf
veto,KT-160G_14G условия эксплуатации и окружающей среды,202,438,0.8739,0.4999,0.5001449275362319,0.4203,0.4493,0.4493,ocr,mixed,1010,Harrnonic|anatyzer|sourc|Currcnt|Hannonic|Mcasurcmcnt|SingJc|Phasc,C:\Users\l.ilyintseva\Desktop\RAG-system\data\raw\KT-160G_14G условия эксплуатации и окружающей среды.pdf
veto,US_Army_Materiel_Command_Engineering_Design_Handbook,463,572,0.9877,0.5042,0.4958431372549019,0.4784,0.4824,0.4784,ocr,en,3644,bostile|vironmsnt|ematl|mimsio|vulneble|pletion|memsme|virvhvety,C:\Users\l.ilyintseva\Desktop\RAG-system\data\raw\US_Army_Materiel_Command_Engineering_Design_Handbook.pdf
veto,US_Army_Materiel_Command_Engineering_Design_Handbook,278,572,0.9875,0.5094,0.4906079027355623,0.4742,0.4681,0.4681,ocr,en,4861,Sfiuua|qmacy|torsi|omiplid|stiffnes|dlistribu-|lhteral|vulociy,C:\Users\l.ilyintseva\Desktop\RAG-system\data\raw\US_Army_Materiel_Command_Engineering_Design_Handbook.pdf
veto,KT-160G_14G условия эксплуатации и окружающей среды,115,438,0.988,0.5104,0.48959770114942536,0.4368,0.4425,0.4425,ocr,ru,2434,Табшща|ж11дкостеii|спользуемых|ttcnытanttяx|ж11дкостеii|загрязняющеn|Жtщкость|ttспользуемая,C:\Users\l.ilyintseva\Desktop\RAG-system\data\raw\KT-160G_14G условия эксплуатации и окружающей среды.pdf
veto,АС 1.1.S1000DR_2014,1985,4046,0.9812,0.5114,0.4886440677966102,0.3898,0.4237,0.4068,ocr,ru,1009,милликулон/кв|millicurie|mcurie|millicurie|миллидарси|миллидарси|ft2/lbf|миллидарси,C:\Users\l.ilyintseva\Desktop\RAG-system\data\raw\АС 1.1.S1000DR_2014.pdf
veto,US_Army_Materiel_Command_Engineering_Design_Handbook,30,572,0.9854,0.5142,0.4858125,0.4875,0.4688,0.4688,ocr,en,4110,ILLUSThAA|Titie-ct|Srcue|Compai|Matcri|Equial|Rnsistanc|S-4ndwichi4,C:\Users\l.ilyintseva\Desktop\RAG-system\data\raw\US_Army_Materiel_Command_Engineering_Design_Handbook.pdf
veto,US_Army_Materiel_Command_Engineering_Design_Handbook,11,572,0.9882,0.5175,0.48247524752475246,0.4752,0.4554,0.4554,ocr,en,4428,onfilud|iagraph|Structurai|Dctermination|ibrator|Resiporisc|aneuvers|luttcr,C:\Users\l.ilyintseva\Desktop\RAG-system\data\raw\US_Army_Materiel_Command_Engineering_Design_Handbook.pdf
veto,РДК_молниезащита 77г,550,564,0.9871,0.5185,0.4814814814814815,0.5185,0.4815,0.4815,ocr,en,1491,DIA7EER-KflERSn|PhINT|TriEN|RI/HZJ|IdEXT|ITOiIl|IlEXT|rCOIID,C:\Users\l.ilyintseva\Desktop\RAG-system\data\raw\РДК_молниезащита 77г.pdf
veto,US_Army_Materiel_Command_Engineering_Design_Handbook,83,572,0.9877,0.5196,0.48042016806722687,0.5042,0.4706,0.4706,ocr,en,1512,pltcated|shapc|coniplexj|airframec|subsysiceim|Twin-enigine|hclat|oplcrs,C:\Users\l.ilyintseva\Desktop\RAG-system\data\raw\US_Army_Materiel_Command_Engineering_Design_Handbook.pdf
veto,US_Army_Materiel_Command_Engineering_Design_Handbook,523,572,0.9874,0.5205,0.47950310559006215,0.4845,0.4658,0.4534,ocr,en,2552,anedid|cordmmo|dusively|nifst|matoriab|viasdly|dsould|purpoew,C:\Users\l.ilyintseva\Desktop\RAG-system\data\raw\US_Army_Materiel_Command_Engineering_Design_Handbook.pdf
veto,АС 1.1.S1000DR_2014,3160,4046,0.8147,0.5218,0.47818181818181826,0.4848,0.4545,0.4545,ocr,mixed,606,xmlns|xmlns|xlink|org/1999/xlink|dmodule|dmodule|xmlns|org/2001/XMLSchema-instance,C:\Users\l.ilyintseva\Desktop\RAG-system\data\raw\АС 1.1.S1000DR_2014.pdf
veto,РДК_молниезащита 77г,405,564,0.906,0.5218,0.47818181818181826,0.4848,0.4545,0.4545,ocr,en,914,inchas|Angfep|ldsgrterl|Ahernate|altunrte|rhunme|nwbted|bra81dl,C:\Users\l.ilyintseva\Desktop\RAG-system\data\raw\РДК_молниезащита 77г.pdf
veto,KT-160G_14G условия эксплуатации и окружающей среды,84,438,0.9014,0.522,0.478,0.4,0.4,0.4,ocr,ru,717,на/исnыт|ательная|Мотого|татель-|оборудова-|NМxFM|NМxFM|NМxFM,C:\Users\l.ilyintseva\Desktop\RAG-system\data\raw\KT-160G_14G условия эксплуатации и окружающей среды.pdf
veto,US_Army_Materiel_Command_Engineering_Design_Handbook,535,572,0.9873,0.5237,0.47633507853403134,0.4869,0.4607,0.4503,ocr,en,3081,Scdf-tappitj|threed|insaui|rnmnicrorus|Hlcai|phftphor|browce|rcziii,C:\Users\l.ilyintseva\Desktop\RAG-system\data\raw\US_Army_Materiel_Command_Engineering_Design_Handbook.pdf
veto,KT-160G_14G условия эксплуатации и окружающей среды,6,438,0.8958,0.5254,0.4745901639344263,0.4754,0.4426,0.4426,ocr,ru,958,АВИАUИОННЫЙ|Оспьwаи|OМВUika|Тепофсн|Emall|KOJJлerи|INTERЗiдTE|СОММIПЕЕ,C:\Users\l.ilyintseva\Desktop\RAG-system\data\raw\KT-160G_14G условия эксплуатации и окружающей среды.pdf
veto,АС 1.1.S1000DR_2014,1969,4046,0.9793,0.528,0.47197183098591555,0.4507,0.4225,0.4225,ocr,ru,1088,дециметр|g/galUK|g/galUS|гигагоды|галлоны/мешок|galUK|galUK/d|галлоны,C:\Users\l.ilyintseva\Desktop\RAG-system\data\raw\АС 1.1.S1000DR_2014.pdf
veto,РДК_молниезащита 89г,477,503,0.9875,0.533,0.466985294117647,0.4926,0.4412,0.4412,ocr,en,2275,BVcao|reshold|transent|VTranvient|PrnnlentRsource|BVCBo|Ashnufactuar|propertie,C:\Users\l.ilyintseva\Desktop\RAG-system\data\raw\РДК_молниезащита 89г.pdf
veto,US_Army_Materiel_Command_Engineering_Design_Handbook,179,572,0.9877,0.5386,0.46138339920948623,0.4862,0.4308,0.4269,ocr,en,3574,Isminatas|misalign|dcaign|ditional|rclationship|exicfls|numbenr|tachmieat,C:\Users\l.ilyintseva\Desktop\RAG-system\data\raw\US_Army_Materiel_Command_Engineering_Design_Handbook.pdf
veto,US_Army_Materiel_Command_Engineering_Design_Handbook,376,572,0.9854,0.5389,0.46113924050632904,0.5105,0.443,0.443,ocr,en,3539,rmitr|prosolicm|sabsyum|bypaw|rdief|differmntal|perfaonanie|presoure,C:\Users\l.ilyintseva\Desktop\RAG-system\data\raw\US_Army_Materiel_Command_Engineering_Design_Handbook.pdf
veto,АС 1.1.S1000DR_2014,2001,4046,0.9045,0.5402,0.4598181818181818,0.4182,0.3818,0.3818,ocr,ru,879,микровольт|микровольт|микровольт|микроватт|микроватты/куб|микровебер|volpercent|volppm,C:\Users\l.ilyintseva\Desktop\RAG-system\data\raw\АС 1.1.S1000DR_2014.pdf
veto,US_Army_Materiel_Command_Engineering_Design_Handbook,478,572,0.9864,0.5457,0.45432558139534873,0.5116,0.4326,0.4326,ocr,en,3419,Mlfku|Stractow|vuWOMBB|WmMiu|JmMrMl|vuleerale|IstrumaM|iiWWMMM,C:\Users\l.ilyintseva\Desktop\RAG-system\data\raw\US_Army_Materiel_Command_Engineering_Design_Handbook.pdf
veto,US_Army_Materiel_Command_Engineering_Design_Handbook,455,572,0.9882,0.5497,0.4502848101265823,0.5285,0.4367,0.4367,ocr,en,4593,struagth|treadadays|Withf|compgart-|leugib|meait|dedrabse|rstrisim,C:\Users\l.ilyintseva\Desktop\RAG-system\data\raw\US_Army_Materiel_Command_Engineering_Design_Handbook.pdf
veto,US_Army_Materiel_Command_Engineering_Design_Handbook,540,572,0.9881,0.5509,0.44905537459283384,0.5147,0.4332,0.4235,ocr,en,4228,commica|Wonmealic|mateumuis|rvosydww|astala|engineerins|measinchude|SamRlr,C:\Users\l.ilyintseva\Desktop\RAG-system\data\raw\US_Army_Materiel_Command_Engineering_Design_Handbook.pdf
veto,US_Army_Materiel_Command_Engineering_Design_Handbook,563,572,0.9872,0.5516,0.4483908045977012,0.4885,0.408,0.408,ocr,en,2668,Couthmed|bcarings|tronsmission|rcquiremcnts|beoring|Lgting|turatasima|instvument,C:\Users\l.ilyintseva\Desktop\RAG-system\data\raw\US_Army_Materiel_Command_Engineering_Design_Handbook.pdf
veto,US_Army_Materiel_Command_Engineering_Design_Handbook,430,572,0.9877,0.5547,0.44529411764705884,0.5368,0.4338,0.4338,ocr,en,2109,Bakig|cpablity|Oocuad|dannms|truts|purking|healopter|reqired,C:\Users\l.ilyintseva\Desktop\RAG-system\data\raw\US_Army_Materiel_Command_Engineering_Design_Handbook.pdf
veto,US_Army_Materiel_Command_Engineering_Design_Handbook,486,572,0.9877,0.5556,0.44444444444444453,0.527,0.4286,0.4254,ocr,en,4535,ummshf|ladmsetlomi|submysn|uubsystam|acooniplish|kubqkwtoi|sutbowtms|starlag,C:\Users\l.ilyintseva\Desktop\RAG-system\data\raw\US_Army_Materiel_Command_Engineering_Design_Handbook.pdf
veto,АС 1.1.S1000DR_2014,1992,4046,0.9008,0.5589,0.4410869565217391,0.413,0.3478,0.3478,ocr,ru,748,nautmi|нанокулон|нанокюри|ncurie|нанокюри|наноэвклид|наногенри|наноджоуль,C:\Users\l.ilyintseva\Desktop\RAG-system\data\raw\АС 1.1.S1000DR_2014.pdf
veto,US_Army_Materiel_Command_Engineering_Design_Handbook,93,572,0.9877,0.5606,0.43939068100358425,0.5376,0.4301,0.4229,ocr,en,4367,Addatiouial|neqguemeats|reqited|reduc-|installatiwe|sysiamnt|haliepm|hglicopw4,C:\Users\l.ilyintseva\Desktop\RAG-system\data\raw\US_Army_Materiel_Command_Engineering_Design_Handbook.pdf
veto,АС 1.1.S1000DR_2014,1977,4046,0.9039,0.5614,0.4385714285714286,0.5179,0.4107,0.4107,ocr,ru,935,килолюкс|дециметр|киломоль|килоньютон|килоньютон|килоньютон|килоньютон/метр|килоньютон/кв,C:\Users\l.ilyintseva\Desktop\RAG-system\data\raw\АС 1.1.S1000DR_2014.pdf
veto,US_Army_Materiel_Command_Engineering_Design_Handbook,375,572,0.9869,0.5649,0.43514285714285716,0.5397,0.419,0.419,ocr,en,4944,coiwm-arn|chfiqlpy|RAmcvor|pwrentaw|ramuI|vitumus|Mnehhuicxt|opfmo,C:\Users\l.ilyintseva\Desktop\RAG-system\data\raw\US_Army_Materiel_Command_Engineering_Design_Handbook.pdf
veto,US_Army_Materiel_Command_Engineering_Design_Handbook,380,572,0.9876,0.5659,0.43405109489051097,0.5292,0.4161,0.4088,ocr,en,3968,ntroI|tfohydraulic|includcs|pivefered|entiat|clectrohy-|raulic|iolher-,C:\Users\l.ilyintseva\Desktop\RAG-system\data\raw\US_Army_Materiel_Command_Engineering_Design_Handbook.pdf
veto,US_Army_Materiel_Command_Engineering_Design_Handbook,77,572,0.9871,0.5698,0.4302424242424243,0.5485,0.4212,0.4152,ocr,en,5225,izing|becausc|embrittlcmcnt|plications|cadmium-|Selectrolytic|elt-ctroless|high-strcngth,C:\Users\l.ilyintseva\Desktop\RAG-system\data\raw\US_Army_Materiel_Command_Engineering_Design_Handbook.pdf
veto,KT-160G_14G условия эксплуатации и окружающей среды,71,438,0.9957,0.5715,0.42848484848484847,0.4848,0.3788,0.3712,ocr,ru,1788,сnытателы1ых|крнвых|испытате|IJьных|сnыта|нснытаний|нспьпа1шй|воздуш-,C:\Users\l.ilyintseva\Desktop\RAG-system\data\raw\KT-160G_14G условия эксплуатации и окружающей среды.pdf
veto,АС 1.1.S1000DR_2014,1999,4046,0.898,0.5718,0.42819672131147546,0.4918,0.377,0.377,ocr,ru,965,tonfUS|tonfUS/ft|tonfUS/ft2|tonfUS/in2|tonUK|tonUK/a|tonUK/d|tonUK/h,C:\Users\l.ilyintseva\Desktop\RAG-system\data\raw\АС 1.1.S1000DR_2014.pdf
veto,KT-160G_14G условия эксплуатации и окружающей среды,344,438,0.9666,0.5722,0.4278313253012048,0.506,0.3855,0.3855,ocr,ru,1490,дБмкА|Calagooy|fund8m8|tranw|frequ8J|lulmorocalf|telllted|emoиiOn,C:\Users\l.ilyintseva\Desktop\RAG-system\data\raw\KT-160G_14G условия эксплуатации и окружающей среды.pdf
veto,US_Army_Materiel_Command_Engineering_Design_Handbook,553,572,0.9864,0.5735,0.42654205607476636,0.5421,0.4206,0.4019,ocr,en,2526,ulbow|lected|oonditionwr|Venillation|efftiency|hornpower|speac|timcs,C:\Users\l.ilyintseva\Desktop\RAG-system\data\raw\US_Army_Materiel_Command_Engineering_Design_Handbook.pdf
veto,US_Army_Materiel_Command_Engineering_Design_Handbook,268,572,0.9873,0.5741,0.42593659942363116,0.5389,0.4035,0.4035,ocr,en,4938,fraquent|priodic|ination|Sraaing|funac|nondestruaive|Adhuive|Fiberlas,C:\Users\l.ilyintseva\Desktop\RAG-system\data\raw\US_Army_Materiel_Command_Engineering_Design_Handbook.pdf
veto,US_Army_Materiel_Command_Engineering_Design_Handbook,219,572,0.988,0.5744,0.42559375,0.5344,0.4,0.4,ocr,en,4483,beaft|Sydown|grmit|rowesh|accomwplihdW|ninful|speedric-|ertasion,C:\Users\l.ilyintseva\Desktop\RAG-system\data\raw\US_Army_Materiel_Command_Engineering_Design_Handbook.pdf
veto,US_Army_Materiel_Command_Engineering_Design_Handbook,382,572,0.9872,0.5771,0.42285714285714293,0.5261,0.3902,0.3902,ocr,en,3688,desin|ofactuator|vnlving|vidually|installaition|tradc-|vizinna|trappedl,C:\Users\l.ilyintseva\Desktop\RAG-system\data\raw\US_Army_Materiel_Command_Engineering_Design_Handbook.pdf
veto,РДК_молниезащита 89г,109,503,0.9881,0.5806,0.41938005390835587,0.5633,0.4124,0.407,ocr,en,5371,lulsils|itfirr|fuiltre|fingine|tirnrt|Pilpine|wrnitiorita|flooer,C:\Users\l.ilyintseva\Desktop\RAG-system\data\raw\РДК_молниезащита 89г.pdf
veto,KT-160G_14G условия эксплуатации и окружающей среды,424,438,0.9087,0.5811,0.41892857142857143,0.4286,0.3214,0.3214,ocr,ru,435,перемещающнмся|молниевым|OIJject|исnытываемый|стержневЬй|nровод|огнеуnорная|изолирующая,C:\Users\l.ilyintseva\Desktop\RAG-system\data\raw\KT-160G_14G условия эксплуатации и окружающей среды.pdf
veto,US_Army_Materiel_Command_Engineering_Design_Handbook,249,572,0.9879,0.5813,0.4186708860759494,0.5538,0.4082,0.3987,ocr,en,4521,jowpgle|adfer|beween|wmlded|odierwise|assem-|ition|quired,C:\Users\l.ilyintseva\Desktop\RAG-system\data\raw\US_Army_Materiel_Command_Engineering_Design_Handbook.pdf
veto,АС 1.1.S1000DR_2014,1974,4046,0.9834,0.5818,0.4182191780821918,0.3562,0.274,0.274,ocr,ru,1120,джоули/кв|джоули/куб|джоули/моль|джоули/моль|джоули/секунда|килоампер|kbbl/d|kbyte,C:\Users\l.ilyintseva\Desktop\RAG-system\data\raw\АС 1.1.S1000DR_2014.pdf
veto,US_Army_Materiel_Command_Engineering_Design_Handbook,564,572,0.9872,0.5835,0.41645348837209306,0.5233,0.3779,0.3779,ocr,en,2612,AAicM|Cointinme|bul-ncet|freiquencoes|balanc|antitorquew|Matchmed|mklding,C:\Users\l.ilyintseva\Desktop\RAG-system\data\raw\US_Army_Materiel_Command_Engineering_Design_Handbook.pdf
veto,US_Army_Materiel_Command_Engineering_Design_Handbook,528,572,0.986,0.5853,0.41471698113207556,0.5623,0.4,0.4,ocr,en,4036,muing|sapuents|attainumt|fnefnish|diffcult|fetors|hbinu|dwwol,C:\Users\l.ilyintseva\Desktop\RAG-system\data\raw\US_Army_Materiel_Command_Engineering_Design_Handbook.pdf
veto,US_Army_Materiel_Command_Engineering_Design_Handbook,441,572,0.9871,0.5864,0.41361445783132533,0.5542,0.3976,0.3916,ocr,en,2488,theeby|pitchingan|oesrved|timSNJ|subela|dharactuls-|weilght|supberged,C:\Users\l.ilyintseva\Desktop\RAG-system\data\raw\US_Army_Materiel_Command_Engineering_Design_Handbook.pdf
veto,US_Army_Materiel_Command_Engineering_Design_Handbook,477,572,0.9878,0.5888,0.4112177121771218,0.5646,0.3985,0.3948,ocr,en,4425,inclku|aircaft|iedleud|ompromm|woditional|probabies|contt|udugctim,C:\Users\l.ilyintseva\Desktop\RAG-system\data\raw\US_Army_Materiel_Command_Engineering_Design_Handbook.pdf
veto,US_Army_Materiel_Command_Engineering_Design_Handbook,88,572,0.9879,0.5937,0.40630681818181813,0.5625,0.3864,0.3864,ocr,en,5051,siffw|cMUtas|pouuibility|capoure|tolIL|seekiaig4|usivpuxs|goohng,C:\Users\l.ilyintseva\Desktop\RAG-system\data\raw\US_Army_Materiel_Command_Engineering_Design_Handbook.pdf
veto,US_Army_Materiel_Command_Engineering_Design_Handbook,488,572,0.9876,0.5974,0.40264705882352936,0.5794,0.3912,0.3912,ocr,en,4661,adrjusnets|SYSfI1WIS|maintaned|Intallations|Interommmi|ilcation|munication|flanre,C:\Users\l.ilyintseva\Desktop\RAG-system\data\raw\US_Army_Materiel_Command_Engineering_Design_Handbook.pdf
veto,АС 1.1.S1000DR_2014,1965,4046,0.9842,0.5978,0.4021568627450981,0.4902,0.3333,0.3333,ocr,ru,1051,дециметр|дециметр|дециметры/100|дециметры/килограмм|дециметры/100|дециметры/киловатт-час|дециметры/метр|дециметры/куб,C:\Users\l.ilyintseva\Desktop\RAG-system\data\raw\АС 1.1.S1000DR_2014.pdf
veto,US_Army_Materiel_Command_Engineering_Design_Handbook,57,572,0.9878,0.5988,0.4012103746397694,0.5504,0.3746,0.3689,ocr,en,5065,Reinforc4|Sdelltion|temipcature|nwcchaniCAl|reinfsoricenents|lrigh-pFC|ParaLI|NKllainiiirc,C:\Users\l.ilyintseva\Desktop\RAG-system\data\raw\US_Army_Materiel_Command_Engineering_Design_Handbook.pdf
veto,KT-160G_14G условия эксплуатации и окружающей среды,83,438,0.9917,0.6001,0.39990566037735853,0.5094,0.3491,0.3396,ocr,ru,2231,вибращ1ю|мотогондо|КРЬШОИ|АППРАТА|лоршневы-|КРИВЫХИСПЫТАНИИ|турбореактивными|RилиU,C:\Users\l.ilyintseva\Desktop\RAG-system\data\raw\KT-160G_14G условия эксплуатации и окружающей среды.pdf
veto,US_Army_Materiel_Command_Engineering_Design_Handbook,10,572,0.9877,0.6011,0.3989473684210526,0.5368,0.3579,0.3579,ocr,en,4467,outinu|Piaragraph|hndrical|Brarinis|Tcflon|F-abric|Bcaring|blies,C:\Users\l.ilyintseva\Desktop\RAG-system\data\raw\US_Army_Materiel_Command_Engineering_Design_Handbook.pdf
veto,US_Army_Materiel_Command_Engineering_Design_Handbook,514,572,0.9844,0.6024,0.39760416666666676,0.5833,0.3854,0.3854,ocr,en,1621,inadive|airm-ft|inspwmed|Ifaflarid|mdionU|squareness|conwitri-|Mlvwwo,C:\Users\l.ilyintseva\Desktop\RAG-system\data\raw\US_Army_Materiel_Command_Engineering_Design_Handbook.pdf
veto,US_Army_Materiel_Command_Engineering_Design_Handbook,101,572,0.9875,0.6025,0.3974871794871795,0.5744,0.3795,0.3795,ocr,en,5429,operatini|dcmronstratcd|maintenan|reqluireenirts|rmodcl|spech|ication|rcquiremnent,C:\Users\l.ilyintseva\Desktop\RAG-system\data\raw\US_Army_Materiel_Command_Engineering_Design_Handbook.pdf
veto,АС 1.1.S1000DR_2014,597,4046,0.9882,0.6035,0.3964957264957265,0.5983,0.3932,0.3932,ocr,en,1604,colspec|colname|colspec|colname|colspec|colname|thead|rowsep,C:\Users\l.ilyintseva\Desktop\RAG-system\data\raw\АС 1.1.S1000DR_2014.pdf
veto,US_Army_Materiel_Command_Engineering_Design_Handbook,159,572,0.9849,0.6039,0.3961363636363636,0.553,0.3636,0.3636,ocr,en,1748,Fipft|Cleatace|RilSk|utdow|cluding|assfcton|Flicable|dimenisions,C:\Users\l.ilyintseva\Desktop\RAG-system\data\raw\US_Army_Materiel_Command_Engineering_Design_Handbook.pdf
veto,US_Army_Materiel_Command_Engineering_Design_Handbook,465,572,0.9874,0.6043,0.3956676557863502,0.5668,0.3739,0.3709,ocr,en,5011,perfonnanoc|trajec-|tunability|ejocted|Paramers|diacuzied|individualy|gemeal,C:\Users\l.ilyintseva\Desktop\RAG-system\data\raw\US_Army_Materiel_Command_Engineering_Design_Handbook.pdf
veto,KT-160G_14G условия эксплуатации и окружающей среды,67,438,0.9078,0.6065,0.3935135135135136,0.5405,0.3514,0.3514,ocr,ru,966,BJtiiЗ|ПРИМЕЧАННЕ|ваемый|Направлен11е|ускорен11я|враше1шя|Направлен11е|врашешtя,C:\Users\l.ilyintseva\Desktop\RAG-system\data\raw\KT-160G_14G условия эксплуатации и окружающей среды.pdf
veto,АС 1.1.S1000DR_2014,1987,4046,0.9028,0.6098,0.3901724137931035,0.431,0.2759,0.2759,ocr,ru,983,мегаджоули|миллиджоули|мегаджоули/год|миллиджоули/кв|мегаджоули/килограмм|мегаджоули/метр|миллиджоули/кв|мегаджоули/куб,C:\Users\l.ilyintseva\Desktop\RAG-system\data\raw\АС 1.1.S1000DR_2014.pdf
veto,KT-160G_14G условия эксплуатации и окружающей среды,309,438,0.8884,0.6109,0.38914893617021273,0.4681,0.2979,0.2979,ocr,ru,722,lnsemon|Reoommendecl|lnserЬon|ЗИнжектор|Amplilude|Мeasurement|lnstrument|C1libration,C:\Users\l.ilyintseva\Desktop\RAG-system\data\raw\KT-160G_14G условия эксплуатации и окружающей среды.pdf
veto,US_Army_Materiel_Command_Engineering_Design_Handbook,56,572,0.9871,0.6111,0.3889121338912134,0.5607,0.3598,0.3556,ocr,en,3650,customn|rnoldicd|sintilar|siructed|thbout|rihcd|conlsists|lamnizates,C:\Users\l.ilyintseva\Desktop\RAG-system\data\raw\US_Army_Materiel_Command_Engineering_Design_Handbook.pdf
veto,US_Army_Materiel_Command_Engineering_Design_Handbook,509,572,0.9879,0.6124,0.38764119601328917,0.588,0.3721,0.3721,ocr,en,4361,Twuinadeal|backplaw|cnetrhaigwe|ampreforred|frprinted|wsedwhnvrpsbe|vironmental|salected,C:\Users\l.ilyintseva\Desktop\RAG-system\data\raw\US_Army_Materiel_Command_Engineering_Design_Handbook.pdf
veto,US_Army_Materiel_Command_Engineering_Design_Handbook,173,572,0.9879,0.6143,0.3857291666666667,0.6016,0.3776,0.3776,ocr,en,5155,classirted|callcction|expericnced|sucmes|helicpter|comipletely|ekLetro-optical|uponl,C:\Users\l.ilyintseva\Desktop\RAG-system\data\raw\US_Army_Materiel_Command_Engineering_Design_Handbook.pdf
veto,US_Army_Materiel_Command_Engineering_Design_Handbook,72,572,0.9878,0.6161,0.38386138613861387,0.5578,0.3465,0.3465,ocr,en,4696,whern|chumicai|reluired|phenolic-bmued|temperatur|struction|reownmmnded|quitz,C:\Users\l.ilyintseva\Desktop\RAG-system\data\raw\US_Army_Materiel_Command_Engineering_Design_Handbook.pdf
veto,US_Army_Materiel_Command_Engineering_Design_Handbook,271,572,0.9872,0.6171,0.3829054054054054,0.5743,0.3581,0.3547,ocr,en,4197,piopelsr|compr|hensive|vibra-|rcpresentative|accumu-|lazed|ratory,C:\Users\l.ilyintseva\Desktop\RAG-system\data\raw\US_Army_Materiel_Command_Engineering_Design_Handbook.pdf
veto,US_Army_Materiel_Command_Engineering_Design_Handbook,260,572,0.9878,0.62,0.38002631578947377,0.5895,0.3605,0.3605,ocr,en,5096,propelicr|hness|pellcr|ordcr|bariel|tailshaft|inplaf|cokiip,C:\Users\l.ilyintseva\Desktop\RAG-system\data\raw\US_Army_Materiel_Command_Engineering_Design_Handbook.pdf
veto,РДК_молниезащита 89г,108,503,0.988,0.6218,0.3782,0.6,0.3686,0.3629,ocr,en,4640,protec-|nling|sysiems|installa-|institlla|unimst|enisure|perforin,C:\Users\l.ilyintseva\Desktop\RAG-system\data\raw\РДК_молниезащита 89г.pdf
veto,US_Army_Materiel_Command_Engineering_Design_Handbook,434,572,0.9878,0.6231,0.37693140794223834,0.5812,0.3502,0.3502,ocr,en,4082,esaghiee|ommonly|sdroae|loweight|tbwonl|beanding|allowan|condltim,C:\Users\l.ilyintseva\Desktop\RAG-system\data\raw\US_Army_Materiel_Command_Engineering_Design_Handbook.pdf
veto,US_Army_Materiel_Command_Engineering_Design_Handbook,267,572,0.9875,0.6238,0.3761904761904762,0.5754,0.3452,0.3452,ocr,en,3582,deltail|intimiate|bladcs|manufacturiag|jouinmin|sonme|SHEATHproper|twistd,C:\Users\l.ilyintseva\Desktop\RAG-system\data\raw\US_Army_Materiel_Command_Engineering_Design_Handbook.pdf
veto,KT-160G_14G условия эксплуатации и окружающей среды,431,438,0.9009,0.6244,0.37555555555555553,0.4889,0.2889,0.2889,ocr,ru,761,Supjll|Rtrur|ConnectJO|ge11erзюr|l-------ln7ter|нечание|перек7|очатель,C:\Users\l.ilyintseva\Desktop\RAG-system\data\raw\KT-160G_14G условия эксплуатации и окружающей среды.pdf
veto,KT-160G_14G условия эксплуатации и окружающей среды,57,438,0.9121,0.625,0.375,0.625,0.375,0.375,ocr,ru,644,оборудованне|цнкла|мнннмум|шtкла|Пернол|течеюtе|пернода|Относнтельно,C:\Users\l.ilyintseva\Desktop\RAG-system\data\raw\KT-160G_14G условия эксплуатации и окружающей среды.pdf
veto,US_Army_Materiel_Command_Engineering_Design_Handbook,314,572,0.9803,0.6296,0.37037037037037035,0.6296,0.3704,0.3704,ocr,en,1909,EOuIPMLNI|INAVlO|TOTAt|GuNSYSTEm|AERNOl|CCGdP|ANICHOi0|C14JIst-COi,C:\Users\l.ilyintseva\Desktop\RAG-system\data\raw\US_Army_Materiel_Command_Engineering_Design_Handbook.pdf
veto,KT-160G_14G условия эксплуатации и окружающей среды,283,438,0.9968,0.6298,0.37019531250000004,0.5273,0.3047,0.3047,ocr,ru,3179,Доnолнительные|nриведены|nриложении|Исnытуемое|Исnытуемое|заземляющую|nластину|Заземляющая,C:\Users\l.ilyintseva\Desktop\RAG-system\data\raw\KT-160G_14G условия эксплуатации и окружающей среды.pdf
veto,АС 1.1.S1000DR_2014,1964,4046,0.983,0.6311,0.3689000000000001,0.32,0.17,0.17,ocr,ru,1251,часы/килокалория|degC/100m|degC/ft|degC/h|degC/km|degC/m|degC/min|degC/s,C:\Users\l.ilyintseva\Desktop\RAG-system\data\raw\АС 1.1.S1000DR_2014.pdf
veto,US_Army_Materiel_Command_Engineering_Design_Handbook,266,572,0.9873,0.6317,0.368339222614841,0.5972,0.3463,0.3463,ocr,en,4117,Ssolid|gougo|experimetntation|conouttration|viewin|nniimum|danmag|considwations,C:\Users\l.ilyintseva\Desktop\RAG-system\data\raw\US_Army_Materiel_Command_Engineering_Design_Handbook.pdf
veto,US_Army_Materiel_Command_Engineering_Design_Handbook,548,572,0.986,0.6322,0.36779069767441863,0.5116,0.2907,0.2907,ocr,en,2089,W9radm|soulding|ucWAT|tu/ib-tFj|Bwu/hr|ratta|cocpit|resultinS,C:\Users\l.ilyintseva\Desktop\RAG-system\data\raw\US_Army_Materiel_Command_Engineering_Design_Handbook.pdf
veto,US_Army_Materiel_Command_Engineering_Design_Handbook,180,572,0.9858,0.6328,0.36715384615384616,0.5654,0.3269,0.3231,ocr,en,3626,aitic|lubricaio|susacfuihuty|engiae-to-gsasbox|polential|scillatory|mnintenance|lanei,C:\Users\l.ilyintseva\Desktop\RAG-system\data\raw\US_Army_Materiel_Command_Engineering_Design_Handbook.pdf
veto,US_Army_Materiel_Command_Engineering_Design_Handbook,18,572,0.988,0.6329,0.367070707070707,0.596,0.3434,0.3434,ocr,en,4365,qmtinued|PressureTr|itters|Sclttor|estrictors|parauc|Secvos|AIlovable,C:\Users\l.ilyintseva\Desktop\RAG-system\data\raw\US_Army_Materiel_Command_Engineering_Design_Handbook.pdf
veto,US_Army_Materiel_Command_Engineering_Design_Handbook,521,572,0.9875,0.6338,0.3661751152073732,0.5945,0.341,0.341,ocr,en,3287,GENEkAL|vitrious|Howowe|aitcraft|Cabls|bcuse|asstruturl|meber,C:\Users\l.ilyintseva\Desktop\RAG-system\data\raw\US_Army_Materiel_Command_Engineering_Design_Handbook.pdf
veto,US_Army_Materiel_Command_Engineering_Design_Handbook,44,572,0.9864,0.6344,0.3656338028169014,0.6021,0.3556,0.3415,ocr,en,4527,Adtona|toas-4s|formulainig|rnaraging|btecis|nparativc|mcchfinical|mreprsenta-,C:\Users\l.ilyintseva\Desktop\RAG-system\data\raw\US_Army_Materiel_Command_Engineering_Design_Handbook.pdf
veto,US_Army_Materiel_Command_Engineering_Design_Handbook,76,572,0.9879,0.6354,0.36463659147869665,0.604,0.3484,0.3434,ocr,en,5528,aregiea|protiection|withont|furthe|chromates|phate|iesgedimat|phatc,C:\Users\l.ilyintseva\Desktop\RAG-system\data\raw\US_Army_Materiel_Command_Engineering_Design_Handbook.pdf
veto,US_Army_Materiel_Command_Engineering_Design_Handbook,81,572,0.9878,0.6374,0.3626479750778816,0.6012,0.3396,0.3396,ocr,en,4229,DEvIGN|umgdluah|considration|VlOity|miaintenance|dcvicca|inlat|dinmensio,C:\Users\l.ilyintseva\Desktop\RAG-system\data\raw\US_Army_Materiel_Command_Engineering_Design_Handbook.pdf
veto,US_Army_Materiel_Command_Engineering_Design_Handbook,26,572,0.9882,0.6377,0.36226666666666674,0.6133,0.3467,0.3467,ocr,en,4553,niiguud|Paragraphl|ITCHtES|oggle|itclics|SAitches|itchc|ITTINc,C:\Users\l.ilyintseva\Desktop\RAG-system\data\raw\US_Army_Materiel_Command_Engineering_Design_Handbook.pdf
veto,US_Army_Materiel_Command_Engineering_Design_Handbook,52,572,0.9876,0.6393,0.3606631299734748,0.5544,0.3103,0.305,ocr,en,5069,riber-reinforced|lainin|yicld|sidcrable|prapcrty|herce|atircraft|laininates,C:\Users\l.ilyintseva\Desktop\RAG-system\data\raw\US_Army_Materiel_Command_Engineering_Design_Handbook.pdf
veto,KT-160G_14G условия эксплуатации и окружающей среды,346,438,0.8895,0.6407,0.3593333333333334,0.6,0.3333,0.3333,ocr,ru,721,tlefiniti|imirl|CDiet|oltlfW|дБмкА|Оnределение|nересечение|nересечение,C:\Users\l.ilyintseva\Desktop\RAG-system\data\raw\KT-160G_14G условия эксплуатации и окружающей среды.pdf
veto,APR4754A application,228,230,0.9419,0.6428,0.35717391304347823,0.5942,0.3261,0.3261,ocr,en,1807,Reqts|Reqts|Reqts|Verif|Reqts|Reqts|Reqts|Verif,C:\Users\l.ilyintseva\Desktop\RAG-system\data\raw\APR4754A application.pdf
veto,US_Army_Materiel_Command_Engineering_Design_Handbook,343,572,0.9875,0.6431,0.35694300518134725,0.6166,0.342,0.3394,ocr,en,5254,mettal|considerat|follbw|tnadt|addrc|spsil|Weepatcbe|iinvolves,C:\Users\l.ilyintseva\Desktop\RAG-system\data\raw\US_Army_Materiel_Command_Engineering_Design_Handbook.pdf
veto,KT-160G_14G условия эксплуатации и окружающей среды,89,438,0.9854,0.6465,0.35350649350649355,0.5455,0.2987,0.2857,ocr,ru,1232,оригиншzе|сввусовдальвую|устававливаемого|фвксвроваввым|поршвевым|турбовинтовым|дввrателямв|D0-160G/ED-14G,C:\Users\l.ilyintseva\Desktop\RAG-system\data\raw\KT-160G_14G условия эксплуатации и окружающей среды.pdf
veto,US_Army_Materiel_Command_Engineering_Design_Handbook,138,572,0.987,0.6497,0.35034591194968545,0.6132,0.327,0.327,ocr,en,4550,Waden|reat1ial|detenuination|bendintg|invoives|stzrs|cvalurilion|techniqut,C:\Users\l.ilyintseva\Desktop\RAG-system\data\raw\US_Army_Materiel_Command_Engineering_Design_Handbook.pdf
veto,US_Army_Materiel_Command_Engineering_Design_Handbook,272,572,0.9866,0.6514,0.34864541832669316,0.6295,0.3347,0.3347,ocr,en,3661,windlan-|vironment|instancs|neonehary|Sreions|Interity|vonditions|takeff,C:\Users\l.ilyintseva\Desktop\RAG-system\data\raw\US_Army_Materiel_Command_Engineering_Design_Handbook.pdf
veto,US_Army_Materiel_Command_Engineering_Design_Handbook,346,572,0.9879,0.6515,0.34849710982658966,0.6127,0.3237,0.3237,ocr,en,4849,Doprrdandietlnviainyas|missojn|mounttd|horiontal|polanzaon|direetion|lation|uignals,C:\Users\l.ilyintseva\Desktop\RAG-system\data\raw\US_Army_Materiel_Command_Engineering_Design_Handbook.pdf
veto,US_Army_Materiel_Command_Engineering_Design_Handbook,497,572,0.9872,0.6524,0.3475568181818183,0.642,0.3409,0.3409,ocr,en,2672,ANTIFRIMrON|LOiAD|surfk|intarferece|betwwr-|maiting|besis|secfe,C:\Users\l.ilyintseva\Desktop\RAG-system\data\raw\US_Army_Materiel_Command_Engineering_Design_Handbook.pdf
veto,US_Army_Materiel_Command_Engineering_Design_Handbook,153,572,0.9873,0.6537,0.3462931034482759,0.6379,0.3362,0.3362,ocr,en,1855,Redbction|Dnz-values|ithei|loadtd|citber|retaniner|plogcment|lestt,C:\Users\l.ilyintseva\Desktop\RAG-system\data\raw\US_Army_Materiel_Command_Engineering_Design_Handbook.pdf
veto,US_Army_Materiel_Command_Engineering_Design_Handbook,425,572,0.9881,0.6553,0.3446820809248555,0.5954,0.3064,0.3064,ocr,en,4915,flections|failust|glazei-upporting|systean|arderations|TMcac|Thickntsa|gisawx,C:\Users\l.ilyintseva\Desktop\RAG-system\data\raw\US_Army_Materiel_Command_Engineering_Design_Handbook.pdf
veto,KT-160G_14G условия эксплуатации и окружающей среды,59,438,0.9109,0.6585,0.3414634146341463,0.6585,0.3415,0.3415,ocr,ru,654,оборудован11е|функшюн11рует|шtкла|Пер11од|первода|UIIIOJa|ц11клов|ачальную,C:\Users\l.ilyintseva\Desktop\RAG-system\data\raw\KT-160G_14G условия эксплуатации и окружающей среды.pdf
veto,US_Army_Materiel_Command_Engineering_Design_Handbook,269,572,0.9866,0.6586,0.3413651877133106,0.6212,0.3174,0.3174,ocr,en,3836,Helew|operari4|eqwvalmnt|mcltied|hsrdnm|nnbalama|envir-|unbalanc,C:\Users\l.ilyintseva\Desktop\RAG-system\data\raw\US_Army_Materiel_Command_Engineering_Design_Handbook.pdf
veto,US_Army_Materiel_Command_Engineering_Design_Handbook,438,572,0.9878,0.6607,0.33929203539823016,0.6283,0.3186,0.3186,ocr,en,4720,bunqme|oecilfktionpM|dufflciently|alhbough|uiderstood|lyticelky|iCetaiI|feiiors,C:\Users\l.ilyintseva\Desktop\RAG-system\data\raw\US_Army_Materiel_Command_Engineering_Design_Handbook.pdf
veto,US_Army_Materiel_Command_Engineering_Design_Handbook,466,572,0.988,0.6616,0.33835866261398173,0.6292,0.3222,0.3161,ocr,en,4481,diask|eleimets|unobtrutmAW|boresight|ligimnML|cabler|Oquipamit|Isidaladoes,C:\Users\l.ilyintseva\Desktop\RAG-system\data\raw\US_Army_Materiel_Command_Engineering_Design_Handbook.pdf
veto,US_Army_Materiel_Command_Engineering_Design_Handbook,263,572,0.9878,0.6626,0.33737789203084845,0.6375,0.3213,0.3213,ocr,en,5056,Coutrol|Porlbasaevi|otrol|helpa|vershoots|systm|abiiity|ongino,C:\Users\l.ilyintseva\Desktop\RAG-system\data\raw\US_Army_Materiel_Command_Engineering_Design_Handbook.pdf
veto,US_Army_Materiel_Command_Engineering_Design_Handbook,273,572,0.9872,0.6629,0.3371259842519685,0.622,0.311,0.311,ocr,en,3532,Rlight|crngine|Spcf-yaw|sdug8ft|specificallly|utrequread|providpe|reqfire,C:\Users\l.ilyintseva\Desktop\RAG-system\data\raw\US_Army_Materiel_Command_Engineering_Design_Handbook.pdf
veto,US_Army_Materiel_Command_Engineering_Design_Handbook,515,572,0.9877,0.6639,0.33614035087719296,0.6211,0.3088,0.3088,ocr,en,4322,mequirwmaets|accordances|instalation|instruetloin|externO|nmats|fittig|flardeim,C:\Users\l.ilyintseva\Desktop\RAG-system\data\raw\US_Army_Materiel_Command_Engineering_Design_Handbook.pdf
veto,US_Army_Materiel_Command_Engineering_Design_Handbook,247,572,0.9878,0.6644,0.33564285714285713,0.6393,0.325,0.3179,ocr,en,4227,prmsures|aarcraft|beciefits|dcrivei|bladm|outseanding|attrac-|materisis,C:\Users\l.ilyintseva\Desktop\RAG-system\data\raw\US_Army_Materiel_Command_Engineering_Design_Handbook.pdf
veto,US_Army_Materiel_Command_Engineering_Design_Handbook,108,572,0.9875,0.6657,0.33432717678100254,0.6359,0.3193,0.314,ocr,en,5310,osses|arigular|bitll|hearintg|temperaturci|Conse-|iansmission|quently,C:\Users\l.ilyintseva\Desktop\RAG-system\data\raw\US_Army_Materiel_Command_Engineering_Design_Handbook.pdf
veto,US_Army_Materiel_Command_Engineering_Design_Handbook,181,572,0.9866,0.6666,0.33340000000000003,0.63,0.31,0.31,ocr,en,1402,hOUNTING|Couplng|spliies|blidinst|actwtlly|ignment|fCftULMEDN|couplin,C:\Users\l.ilyintseva\Desktop\RAG-system\data\raw\US_Army_Materiel_Command_Engineering_Design_Handbook.pdf
veto,US_Army_Materiel_Command_Engineering_Design_Handbook,265,572,0.987,0.6669,0.33305194805194804,0.6234,0.3052,0.3052,ocr,en,4235,mrz4-oj|tioia|frequencics|gencrul|frequencics|stiffnles|Toersional|ot-jective,C:\Users\l.ilyintseva\Desktop\RAG-system\data\raw\US_Army_Materiel_Command_Engineering_Design_Handbook.pdf
veto,US_Army_Materiel_Command_Engineering_Design_Handbook,510,572,0.9878,0.6683,0.3317,0.65,0.32,0.32,ocr,en,3005,SPEWICAh1ONS|cahannel-1|acretuate|swaitch|swInsV|btain|rowaed|mwdmtzmf,C:\Users\l.ilyintseva\Desktop\RAG-system\data\raw\US_Army_Materiel_Command_Engineering_Design_Handbook.pdf
veto,US_Army_Materiel_Command_Engineering_Design_Handbook,549,572,0.9868,0.6691,0.3308823529411765,0.6029,0.2941,0.2868,ocr,en,2766,vreqrurewut|Maximam|AlloUsbie|lowable|Temtpeatume|Diffeemg|furface|wnnot,C:\Users\l.ilyintseva\Desktop\RAG-system\data\raw\US_Army_Materiel_Command_Engineering_Design_Handbook.pdf
veto,US_Army_Materiel_Command_Engineering_Design_Handbook,524,572,0.9879,0.6721,0.3278807947019867,0.6358,0.3046,0.3046,ocr,en,4209,rester|toleratod|dcacap3|ufacti|Jsembly|heliopter|arats|mtalwoakn,C:\Users\l.ilyintseva\Desktop\RAG-system\data\raw\US_Army_Materiel_Command_Engineering_Design_Handbook.pdf
veto,US_Army_Materiel_Command_Engineering_Design_Handbook,175,572,0.9877,0.6733,0.3267458432304039,0.6247,0.2993,0.2945,ocr,en,5328,becoomes|catas-|commiodated|tdrivc|Walure|sysni|intermeshing|rotoi,C:\Users\l.ilyintseva\Desktop\RAG-system\data\raw\US_Army_Materiel_Command_Engineering_Design_Handbook.pdf
veto,US_Army_Materiel_Command_Engineering_Design_Handbook,170,572,0.9872,0.6749,0.32509677419354843,0.671,0.3226,0.3226,ocr,en,2510,rICOPT|CASTABILIlY|CONSNDUkATIONS|membefs|Remnc|Akboqh|displines|specifacatiom,C:\Users\l.ilyintseva\Desktop\RAG-system\data\raw\US_Army_Materiel_Command_Engineering_Design_Handbook.pdf
veto,KT-160G_14G условия эксплуатации и окружающей среды,127,438,0.9162,0.676,0.3239622641509434,0.6415,0.3019,0.3019,ocr,ru,699,Табшща|rр11боустойч11вост11|борудован11я|микроскоnом|nлесневых|микроскоnом|nроросшие|сnоры,C:\Users\l.ilyintseva\Desktop\RAG-system\data\raw\KT-160G_14G условия эксплуатации и окружающей среды.pdf
veto,US_Army_Materiel_Command_Engineering_Design_Handbook,116,572,0.9871,0.676,0.324025974025974,0.6364,0.2987,0.2987,ocr,en,1387,Failues|Hewns|Flgurs|Overh|Operatin|Satisactory|nment|boarings,C:\Users\l.ilyintseva\Desktop\RAG-system\data\raw\US_Army_Materiel_Command_Engineering_Design_Handbook.pdf
veto,АС 1.1.S1000DR_2014,1998,4046,0.8972,0.6763,0.32370967741935486,0.5484,0.2419,0.2419,ocr,ru,937,терабеккерель|therm/galUK|тераджоули|тераджоули/год|тераом|refrig|tonfUK|tonfUK,C:\Users\l.ilyintseva\Desktop\RAG-system\data\raw\АС 1.1.S1000DR_2014.pdf
veto,US_Army_Materiel_Command_Engineering_Design_Handbook,562,572,0.9867,0.677,0.322969696969697,0.6364,0.297,0.297,ocr,en,2598,temptture|Hydrofoimui|Hydropn|embdttdment|navilation|tramimion|qsytem|coure,C:\Users\l.ilyintseva\Desktop\RAG-system\data\raw\US_Army_Materiel_Command_Engineering_Design_Handbook.pdf
veto,US_Army_Materiel_Command_Engineering_Design_Handbook,286,572,0.9871,0.6783,0.32167182662538707,0.6594,0.3096,0.3096,ocr,en,4606,WANdi|polwuts|aiaews|mpoiemessW|WIntaq|inite|i6iwir|Saued-sing,C:\Users\l.ilyintseva\Desktop\RAG-system\data\raw\US_Army_Materiel_Command_Engineering_Design_Handbook.pdf
veto,KT-160G_14G условия эксплуатации и окружающей среды,430,438,0.8979,0.679,0.32096774193548383,0.5806,0.2581,0.2581,ocr,ru,558,osareo|vPIWDiUI|PJide1шe|GmladPvшl|тРоwеr|экранированного|паиель|заземлен,C:\Users\l.ilyintseva\Desktop\RAG-system\data\raw\KT-160G_14G условия эксплуатации и окружающей среды.pdf
veto,US_Army_Materiel_Command_Engineering_Design_Handbook,95,572,0.988,0.6792,0.32079320113314447,0.6516,0.3031,0.3031,ocr,en,4808,poweir|reqavwnamet|givnws|reobabi1y|Cgeragration|hased|MMawlif|dqumd,C:\Users\l.ilyintseva\Desktop\RAG-system\data\raw\US_Army_Materiel_Command_Engineering_Design_Handbook.pdf
veto,APR4754A application,226,230,0.9522,0.6795,0.3205050505050505,0.6364,0.2929,0.2929,ocr,en,1336,Reqts|Reqts|Reqts|Verif|Reqts|Reqts|Reqts|Verif,C:\Users\l.ilyintseva\Desktop\RAG-system\data\raw\APR4754A application.pdf
veto,KT-160G_14G условия эксплуатации и окружающей среды,63,438,0.9959,0.6795,0.3205460750853242,0.6212,0.2833,0.2833,ocr,ru,3621,задшю|испьпшше|юнасносп|прушсншl|юлжны|IIСIЮJН|тромеханические|устанавшшаемыс,C:\Users\l.ilyintseva\Desktop\RAG-system\data\raw\KT-160G_14G условия эксплуатации и окружающей среды.pdf
veto,US_Army_Materiel_Command_Engineering_Design_Handbook,261,572,0.9866,0.6803,0.3196984924623115,0.6558,0.304,0.304,ocr,en,5200,Lcadl|configura-|precedig|Iiocessay|mahst|rnichanica|ntain|idivolvod,C:\Users\l.ilyintseva\Desktop\RAG-system\data\raw\US_Army_Materiel_Command_Engineering_Design_Handbook.pdf
veto,US_Army_Materiel_Command_Engineering_Design_Handbook,373,572,0.9875,0.6815,0.31853448275862073,0.6552,0.3017,0.3017,ocr,en,3522,Hydtauicw|continuins|vtadsx5|ydraulic|staitdaid|Thert|duwap|dyasei,C:\Users\l.ilyintseva\Desktop\RAG-system\data\raw\US_Army_Materiel_Command_Engineering_Design_Handbook.pdf
veto,KT-160G_14G условия эксплуатации и окружающей среды,64,438,0.9942,0.6825,0.3175247524752475,0.604,0.2673,0.2673,ocr,ru,1798,зовалось|прикладывалась|направле|штащш|грузки|испыта|ращён|протююположную,C:\Users\l.ilyintseva\Desktop\RAG-system\data\raw\KT-160G_14G условия эксплуатации и окружающей среды.pdf
veto,АС 1.1.S1000DR_2014,3113,4046,0.8685,0.6825,0.3175,0.6607,0.3036,0.3036,ocr,mixed,715,seqlist|shippingfo|step3-alt|step4-alt|step5-alt|step6-alt|step7-alt|step8-alt,C:\Users\l.ilyintseva\Desktop\RAG-system\data\raw\АС 1.1.S1000DR_2014.pdf
veto,US_Army_Materiel_Command_Engineering_Design_Handbook,287,572,0.9875,0.6846,0.31540298507462683,0.6687,0.3075,0.3045,ocr,en,4600,usldlimmbemcs|desierld|SWcwae|limis|casur|impsabs|seaskivity|uirmess,C:\Users\l.ilyintseva\Desktop\RAG-system\data\raw\US_Army_Materiel_Command_Engineering_Design_Handbook.pdf
veto,US_Army_Materiel_Command_Engineering_Design_Handbook,546,572,0.9879,0.6846,0.31544776119402984,0.6493,0.2985,0.291,ocr,en,1864,intespretatlom|enginsering|valuta|bration|permlt|toleranne|pnion|auemblies,C:\Users\l.ilyintseva\Desktop\RAG-system\data\raw\US_Army_Materiel_Command_Engineering_Design_Handbook.pdf
veto,US_Army_Materiel_Command_Engineering_Design_Handbook,443,572,0.9876,0.6852,0.31480106100795757,0.6658,0.3024,0.3024,ocr,en,4874,equipmwent|tiest|trols|ficultons|huinan|arraapeeent|glossins|visua,C:\Users\l.ilyintseva\Desktop\RAG-system\data\raw\US_Army_Materiel_Command_Engineering_Design_Handbook.pdf
veto,US_Army_Materiel_Command_Engineering_Design_Handbook,190,572,0.9882,0.6861,0.31388101983002836,0.6516,0.2918,0.2918,ocr,en,5037,Wediia|jgwace|debriss|hammeg|mmpeade|sepwafe|Ipars|betwasa,C:\Users\l.ilyintseva\Desktop\RAG-system\data\raw\US_Army_Materiel_Command_Engineering_Design_Handbook.pdf
veto,KT-160G_14G условия эксплуатации и окружающей среды,345,438,0.8898,0.6864,0.3135714285714286,0.6429,0.2857,0.2857,ocr,ru,637,Frcqucncy|Clant|LIIIon|Llmlt|alopt|F-411Пlzalopto|дБмкА|кондуктивных,C:\Users\l.ilyintseva\Desktop\RAG-system\data\raw\KT-160G_14G условия эксплуатации и окружающей среды.pdf
veto,АС 1.1.S1000DR_2014,3155,4046,0.8941,0.6867,0.31327272727272726,0.6091,0.2636,0.2636,ocr,mixed,1730,dmodule|dmodule|dmodule|xmlns|org/2001/XMLSchema-instance|org/S1000D|xmlns|xmlns,C:\Users\l.ilyintseva\Desktop\RAG-system\data\raw\АС 1.1.S1000DR_2014.pdf
veto,US_Army_Materiel_Command_Engineering_Design_Handbook,69,572,0.9868,0.6872,0.3128260869565218,0.6739,0.3043,0.3043,ocr,en,3578,qIGii-I-ARDINIES|COMaPOSIht|AONOITEIiC|fIMAX|EXTrNT|CONDITIONt|TRiCTLIAE|tIIINS,C:\Users\l.ilyintseva\Desktop\RAG-system\data\raw\US_Army_Materiel_Command_Engineering_Design_Handbook.pdf
veto,US_Army_Materiel_Command_Engineering_Design_Handbook,450,572,0.9875,0.6872,0.31279661016949156,0.6497,0.291,0.2881,ocr,en,4569,besart|persod|Mbmlk|rlmba|Sbmlm|Imtaa|tisdon|abould,C:\Users\l.ilyintseva\Desktop\RAG-system\data\raw\US_Army_Materiel_Command_Engineering_Design_Handbook.pdf
veto,US_Army_Materiel_Command_Engineering_Design_Handbook,439,572,0.988,0.6878,0.3122349570200573,0.6476,0.2865,0.2865,ocr,en,4953,janerated|Placmnent|carjo|dsfininj|undamp|hclicopters|vatcr-takeoff|frqeqn,C:\Users\l.ilyintseva\Desktop\RAG-system\data\raw\US_Army_Materiel_Command_Engineering_Design_Handbook.pdf
veto,АС 1.1.S1000DR_2014,1990,4046,0.9865,0.6879,0.31214285714285706,0.5571,0.2286,0.2286,ocr,ru,1192,мегапаскаль|мегапаскаль|мегафунт|миллирадиан|мегарадиан|миллирем|mrem/h|миллирем,C:\Users\l.ilyintseva\Desktop\RAG-system\data\raw\АС 1.1.S1000DR_2014.pdf
veto,US_Army_Materiel_Command_Engineering_Design_Handbook,165,572,0.9878,0.6883,0.31167202572347275,0.6559,0.2958,0.2894,ocr,en,4308,reureets|romiessu-t|tprtrfom10|cc-rtr|wiehlcopter|uclue|SMllsthopd|ftopped,C:\Users\l.ilyintseva\Desktop\RAG-system\data\raw\US_Army_Materiel_Command_Engineering_Design_Handbook.pdf
veto,US_Army_Materiel_Command_Engineering_Design_Handbook,365,572,0.9876,0.6887,0.3113131313131313,0.6599,0.2929,0.2929,ocr,en,4123,FuidW|pressaure-sensing|presenlt|mailitary|idralossnow|Opratlg|Pessue|Cusldragoasprimary,C:\Users\l.ilyintseva\Desktop\RAG-system\data\raw\US_Army_Materiel_Command_Engineering_Design_Handbook.pdf
veto,KT-160G_14G условия эксплуатации и окружающей среды,276,438,0.9025,0.6892,0.3107692307692307,0.5641,0.2308,0.2308,ocr,ru,540,lJIIITC|SУSТЕМ|lJIIDeR|UNIТOR|SYSТEM|Примечанне|заземленной|Примечанне,C:\Users\l.ilyintseva\Desktop\RAG-system\data\raw\KT-160G_14G условия эксплуатации и окружающей среды.pdf
veto,US_Army_Materiel_Command_Engineering_Design_Handbook,12,572,0.9881,0.6892,0.31081395348837215,0.6395,0.2791,0.2791,ocr,en,3983,Iollhunitvd|Engint|xhaust|oading|Bladc|Nuinocr|Struclural|uelasticit,C:\Users\l.ilyintseva\Desktop\RAG-system\data\raw\US_Army_Materiel_Command_Engineering_Design_Handbook.pdf
veto,АС 1.1.S1000DR_2014,3112,4046,0.8673,0.6897,0.31034482758620685,0.6897,0.3103,0.3103,ocr,mixed,694,dfault|einalt|eininfo|extapp|ifault|isoend|isoproc|isostep,C:\Users\l.ilyintseva\Desktop\RAG-system\data\raw\АС 1.1.S1000DR_2014.pdf
veto,US_Army_Materiel_Command_Engineering_Design_Handbook,211,572,0.9878,0.6908,0.3092090395480226,0.6667,0.2938,0.2938,ocr,en,2315,A0OITIONAL|fsiunie|Sibainntespa|stffes|ORCExsas-|minif|tercnieainegsAtcDE-|flection,C:\Users\l.ilyintseva\Desktop\RAG-system\data\raw\US_Army_Materiel_Command_Engineering_Design_Handbook.pdf
veto,US_Army_Materiel_Command_Engineering_Design_Handbook,444,572,0.9879,0.6915,0.3084892086330935,0.6619,0.295,0.2878,ocr,en,1937,thslocation|displacemcent|fhirig|accordancc|instlldW|accordanc|Haineeues|maamph,C:\Users\l.ilyintseva\Desktop\RAG-system\data\raw\US_Army_Materiel_Command_Engineering_Design_Handbook.pdf
veto,KT-160G_14G условия эксплуатации и окружающей среды,8,438,0.9863,0.692,0.3080246913580247,0.6543,0.284,0.284,ocr,ru,1440,ГОДНОСГИ|УТВЕРЖДАIО|Путвпив|ссУеловив|экеnJI|атацuи|аввациоииоrо|Исполкоиа,C:\Users\l.ilyintseva\Desktop\RAG-system\data\raw\KT-160G_14G условия эксплуатации и окружающей среды.pdf
veto,KT-160G_14G условия эксплуатации и окружающей среды,342,438,0.8854,0.692,0.30800000000000005,0.6571,0.2857,0.2857,ocr,ru,843,ucatagory|Clltog|дБмкА|clc-Onlrloo|lntnwpt|Calf1tal|МllнiP|fiJIJ,C:\Users\l.ilyintseva\Desktop\RAG-system\data\raw\KT-160G_14G условия эксплуатации и окружающей среды.pdf
veto,KT-160G_14G условия эксплуатации и окружающей среды,70,438,0.9944,0.6926,0.30744769874476985,0.6109,0.2552,0.2552,ocr,ru,2919,монстрацию|дслжно|тельной|llсобходнмость|пытания|обору|дование|пытанием,C:\Users\l.ilyintseva\Desktop\RAG-system\data\raw\KT-160G_14G условия эксплуатации и окружающей среды.pdf
veto,US_Army_Materiel_Command_Engineering_Design_Handbook,235,572,0.9861,0.6933,0.30666666666666664,0.6633,0.29,0.2867,ocr,en,4216,taperwd|henoe|naise|laory|origiatisng|rsear|adilon|impor-,C:\Users\l.ilyintseva\Desktop\RAG-system\data\raw\US_Army_Materiel_Command_Engineering_Design_Handbook.pdf
veto,АС 1.1.S1000DR_2014,1966,4046,0.8969,0.6935,0.30645161290322576,0.4032,0.1452,0.1129,ocr,ru,892,фемтокулон|flozUK|flozUS|фемтометр|footcandle|footcandle|lbf/bbl|lbf/galUS,C:\Users\l.ilyintseva\Desktop\RAG-system\data\raw\АС 1.1.S1000DR_2014.pdf
veto,РДК_молниезащита 89г,343,503,0.9879,0.6935,0.3065,0.6833,0.3,0.3,ocr,en,1106,Gaiugo|intrnU|Spdart|SpaCr|Shrcud|Slroud|Locatior3|Smulted,C:\Users\l.ilyintseva\Desktop\RAG-system\data\raw\РДК_молниезащита 89г.pdf
veto,US_Army_Materiel_Command_Engineering_Design_Handbook,103,572,0.9872,0.6936,0.3064356435643565,0.6188,0.2624,0.2574,ocr,en,2986,tiavelling|baxing|ccolu-iner|diameterr|matcrial|paramecter|Hertzian|semiwidth,C:\Users\l.ilyintseva\Desktop\RAG-system\data\raw\US_Army_Materiel_Command_Engineering_Design_Handbook.pdf
veto,KT-160G_14G условия эксплуатации и окружающей среды,422,438,0.8934,0.6937,0.3063157894736842,0.5439,0.2105,0.2105,ocr,ru,838,Зphere|fastgted|representanve|ductюn|fastвnвв|sealan1S|Bilse|Ulate,C:\Users\l.ilyintseva\Desktop\RAG-system\data\raw\KT-160G_14G условия эксплуатации и окружающей среды.pdf
veto,АС 1.1.S1000DR_2014,1973,4046,0.9852,0.6943,0.30565217391304345,0.4203,0.1304,0.1304,ocr,ru,1078,джоули/кв|джоули/куб|дециметр|джоули/грамм|джоули/грамм|джоули|джоули/килограмм|джоули/килограмм,C:\Users\l.ilyintseva\Desktop\RAG-system\data\raw\АС 1.1.S1000DR_2014.pdf
veto,US_Army_Materiel_Command_Engineering_Design_Handbook,447,572,0.9882,0.6944,0.3056382978723404,0.6489,0.2766,0.2766,ocr,en,2347,separstiom|saween|storaes|uanits|quired|nutalatlon|sbould|streknghrquiri,C:\Users\l.ilyintseva\Desktop\RAG-system\data\raw\US_Army_Materiel_Command_Engineering_Design_Handbook.pdf
veto,Руководство 4761 по методам оценки безопасности БО,193,269,0.9919,0.6964,0.3036129032258065,0.4839,0.1677,0.1677,ocr,ru,2171,Идентифик|сопротивл|сопротивл|Пленочн|сопротивл|сопротивл|Пленочн|сопротивл,C:\Users\l.ilyintseva\Desktop\RAG-system\data\raw\Руководство 4761 по методам оценки безопасности БО.pdf
veto,KT-160G_14G условия эксплуатации и окружающей среды,262,438,0.9638,0.697,0.30300000000000005,0.575,0.225,0.225,ocr,ru,1320,Ftequency|Characterisllcti|Rlppfe|Sysaem|Calegories|Lltil|Limil|двоеиная,C:\Users\l.ilyintseva\Desktop\RAG-system\data\raw\KT-160G_14G условия эксплуатации и окружающей среды.pdf
veto,US_Army_Materiel_Command_Engineering_Design_Handbook,71,572,0.9881,0.6983,0.30166666666666664,0.6299,0.2672,0.2549,ocr,en,5570,CtMCP|heing|tomcr-|hesives|niixturn|Lpoxy-phcrnolics|mnatrials|componcats,C:\Users\l.ilyintseva\Desktop\RAG-system\data\raw\US_Army_Materiel_Command_Engineering_Design_Handbook.pdf
veto,US_Army_Materiel_Command_Engineering_Design_Handbook,493,572,0.988,0.6983,0.30167721518987345,0.6076,0.2437,0.2437,ocr,en,4685,preloads|uclf-ocking|nists|givcn|Rlvets|swagod|rivetsof|poeitive-locking,C:\Users\l.ilyintseva\Desktop\RAG-system\data\raw\US_Army_Materiel_Command_Engineering_Design_Handbook.pdf
veto,US_Army_Materiel_Command_Engineering_Design_Handbook,141,572,0.9868,0.6988,0.30117241379310333,0.6552,0.2759,0.2724,ocr,en,4603,bendiag|strese|redue|hlcltohla|nlnto|Crtan|Uumpi|geomfti,C:\Users\l.ilyintseva\Desktop\RAG-system\data\raw\US_Army_Materiel_Command_Engineering_Design_Handbook.pdf
veto,US_Army_Materiel_Command_Engineering_Design_Handbook,561,572,0.9878,0.6992,0.3007537688442211,0.6533,0.2714,0.2714,ocr,en,2846,Cotdnewed|contiderations|pumpM|propelkr|systaem|eneay|personnol|agmput,C:\Users\l.ilyintseva\Desktop\RAG-system\data\raw\US_Army_Materiel_Command_Engineering_Design_Handbook.pdf
veto,US_Army_Materiel_Command_Engineering_Design_Handbook,169,572,0.9864,0.7,0.30000000000000004,0.6481,0.2757,0.2639,ocr,en,4811,succesefully|fabri-|prqgnation|esntial|acrostatic|Chromating|sitivity|spection,C:\Users\l.ilyintseva\Desktop\RAG-system\data\raw\US_Army_Materiel_Command_Engineering_Design_Handbook.pdf
veto,АС 1.1.S1000DR_2014,2779,4046,0.9881,0.7,0.29999999999999993,0.5581,0.2093,0.2093,ocr,ru,1807,никелирование/кадмирование|Хромокислотное|анодирование|Сернокислотное|анодирование|анодирование|Марганцевофосфатное|ретуширование,C:\Users\l.ilyintseva\Desktop\RAG-system\data\raw\АС 1.1.S1000DR_2014.pdf
veto,US_Army_Materiel_Command_Engineering_Design_Handbook,152,572,0.988,0.7003,0.299737532808399,0.6614,0.2808,0.273,ocr,en,5433,houiing|wumdr|aaglod|correctionr|Whvri|involi|axiail|diamectral,C:\Users\l.ilyintseva\Desktop\RAG-system\data\raw\US_Army_Materiel_Command_Engineering_Design_Handbook.pdf
veto,US_Army_Materiel_Command_Engineering_Design_Handbook,151,572,0.9872,0.7008,0.2992463768115943,0.6725,0.2812,0.2812,ocr,en,4795,iargt|bmaings|TherF|IkitAg|croep|ligater|rtspect|nocuesacy,C:\Users\l.ilyintseva\Desktop\RAG-system\data\raw\US_Army_Materiel_Command_Engineering_Design_Handbook.pdf
veto,US_Army_Materiel_Command_Engineering_Design_Handbook,432,572,0.9875,0.7017,0.29831125827814575,0.6391,0.2583,0.2583,ocr,en,4071,ecuper|atrunit|aestbighed|mthods|cullined|PrOSSUM|bearin|havdbook,C:\Users\l.ilyintseva\Desktop\RAG-system\data\raw\US_Army_Materiel_Command_Engineering_Design_Handbook.pdf
veto,US_Army_Materiel_Command_Engineering_Design_Handbook,452,572,0.9878,0.7018,0.29816901408450713,0.6761,0.2817,0.2817,ocr,en,4620,Jumap|Sigas|renmain|unobstiructed|requirral|ctrio|considerabj|atructurcs,C:\Users\l.ilyintseva\Desktop\RAG-system\data\raw\US_Army_Materiel_Command_Engineering_Design_Handbook.pdf
veto,US_Army_Materiel_Command_Engineering_Design_Handbook,442,572,0.9874,0.7019,0.29805147058823533,0.6728,0.2794,0.2794,ocr,en,3789,OLSmdst|demig|spedi-|suaptasion|uiySpcfainsPetetMltA|plicabic|spiring|qving,C:\Users\l.ilyintseva\Desktop\RAG-system\data\raw\US_Army_Materiel_Command_Engineering_Design_Handbook.pdf
veto,US_Army_Materiel_Command_Engineering_Design_Handbook,522,572,0.988,0.702,0.297988668555241,0.6657,0.2748,0.2748,ocr,en,4905,Iragth|CAibe|oinle|strenot|ipatalic|acrs-ectional|reults|desiasad,C:\Users\l.ilyintseva\Desktop\RAG-system\data\raw\US_Army_Materiel_Command_Engineering_Design_Handbook.pdf
veto,РДК_молниезащита 89г,136,503,0.9084,0.7021,0.2978723404255319,0.7021,0.2979,0.2979,ocr,en,871,xtrapolated|Ex0poae|Etaoae|Qet-h0-g|thrshd|mtlan|Titaniu|iknsnchL,C:\Users\l.ilyintseva\Desktop\RAG-system\data\raw\РДК_молниезащита 89г.pdf
veto,US_Army_Materiel_Command_Engineering_Design_Handbook,525,572,0.9878,0.7023,0.2976923076923078,0.6554,0.2677,0.2677,ocr,en,4622,roemsn|lmitations|ihape|quirements|Csalft|jigat|Csutigp|Castdsp,C:\Users\l.ilyintseva\Desktop\RAG-system\data\raw\US_Army_Materiel_Command_Engineering_Design_Handbook.pdf
veto,US_Army_Materiel_Command_Engineering_Design_Handbook,516,572,0.988,0.7029,0.2971267605633803,0.6225,0.2479,0.2451,ocr,en,4891,besihag|usation|requinimenta|infor-|saftifion-beauing|typms|miation|clasex,C:\Users\l.ilyintseva\Desktop\RAG-system\data\raw\US_Army_Materiel_Command_Engineering_Design_Handbook.pdf
veto,KT-160G_14G условия эксплуатации и окружающей среды,69,438,0.9965,0.703,0.29701834862385323,0.633,0.2523,0.2523,ocr,ru,2787,IICIIЫTaiШЙ|воздейст|соответствующи|рудования|изложепные|хсторошше|вибращш|эксплуатащш,C:\Users\l.ilyintseva\Desktop\RAG-system\data\raw\KT-160G_14G условия эксплуатации и окружающей среды.pdf
veto,РДК_молниезащита 77г,549,564,0.9874,0.7041,0.29591836734693877,0.7041,0.2959,0.2959,ocr,en,2312,FlSHCd|ENVIllONUENTAL|COYhl|PRoGHAM|FXrERNAL|COliWCTORS|E7UIDISTAKT|RETdRN,C:\Users\l.ilyintseva\Desktop\RAG-system\data\raw\РДК_молниезащита 77г.pdf
veto,US_Army_Materiel_Command_Engineering_Design_Handbook,74,572,0.9881,0.7051,0.2949354005167958,0.6408,0.2558,0.2532,ocr,en,5368,mechanicall|moreF|aircas|usuaillv|recommennded|inust|m1cwKis|rcommodate,C:\Users\l.ilyintseva\Desktop\RAG-system\data\raw\US_Army_Materiel_Command_Engineering_Design_Handbook.pdf
veto,US_Army_Materiel_Command_Engineering_Design_Handbook,480,572,0.9882,0.7054,0.29457534246575345,0.6849,0.2877,0.2795,ocr,en,5035,kskaptes|cornponcrit|clome|cosuponeat|prtcto|isrqurd|Incorpolivioa|protec-,C:\Users\l.ilyintseva\Desktop\RAG-system\data\raw\US_Army_Materiel_Command_Engineering_Design_Handbook.pdf
veto,US_Army_Materiel_Command_Engineering_Design_Handbook,102,572,0.9881,0.7059,0.2941071428571429,0.6369,0.25,0.25,ocr,en,2332,mnents|mntcnaliscd|lnexible|resistarnt|pancls|onbustor|thall|fasicrners,C:\Users\l.ilyintseva\Desktop\RAG-system\data\raw\US_Army_Materiel_Command_Engineering_Design_Handbook.pdf
veto,KT-160G_14G условия эксплуатации и окружающей среды,347,438,0.9789,0.7069,0.29308411214953267,0.5701,0.2056,0.2056,ocr,ru,1435,ircraft|nlatioll|digita|discretes|Экранированная|absomer|dшted|emildom,C:\Users\l.ilyintseva\Desktop\RAG-system\data\raw\KT-160G_14G условия эксплуатации и окружающей среды.pdf
veto,US_Army_Materiel_Command_Engineering_Design_Handbook,113,572,0.9878,0.7072,0.29283536585365855,0.6616,0.2683,0.2622,ocr,en,4876,drciinforweti|ftaub|queud|identi-|cauing|reult|benice|tualuly,C:\Users\l.ilyintseva\Desktop\RAG-system\data\raw\US_Army_Materiel_Command_Engineering_Design_Handbook.pdf
veto,US_Army_Materiel_Command_Engineering_Design_Handbook,124,572,0.988,0.7074,0.29260869565217396,0.6547,0.2609,0.2583,ocr,en,5454,illow|hoirsiwigs|intermcdiatc|FAmwgsuy|Lubricadorn|lyjain|gearbxec|quaill,C:\Users\l.ilyintseva\Desktop\RAG-system\data\raw\US_Army_Materiel_Command_Engineering_Design_Handbook.pdf
veto,US_Army_Materiel_Command_Engineering_Design_Handbook,329,572,0.988,0.7078,0.29220338983050853,0.6893,0.2825,0.2797,ocr,en,4797,malfun|ction|automaidcially|aietic|bicaker|breaktrs|nuisanca|protac-,C:\Users\l.ilyintseva\Desktop\RAG-system\data\raw\US_Army_Materiel_Command_Engineering_Design_Handbook.pdf
veto,KT-160G_14G условия эксплуатации и окружающей среды,351,438,0.9536,0.7082,0.2917857142857143,0.6429,0.25,0.25,ocr,ru,1099,unedefinltlon|IJralt|intereept|llope|мtereept|дБмкВ/м|КатегорияРи,C:\Users\l.ilyintseva\Desktop\RAG-system\data\raw\KT-160G_14G условия эксплуатации и окружающей среды.pdf
veto,US_Army_Materiel_Command_Engineering_Design_Handbook,496,572,0.9871,0.7093,0.2907035175879398,0.6633,0.2613,0.2613,ocr,en,3041,tnine|rtany|bination|ditions|iotdlmg|cak-ulations|xreaster|mteady,C:\Users\l.ilyintseva\Desktop\RAG-system\data\raw\US_Army_Materiel_Command_Engineering_Design_Handbook.pdf
veto,АС 1.1.S1000DR_2014,1980,4046,0.9802,0.7095,0.29048076923076926,0.4615,0.1827,0.1154,ocr,ru,1311,lbf/galUS|lbf/lbf|lbm/1000galUK|lbm/1000galUS|lbm/100ft2|lbm/10bbl|lbm/bbl|lbm/ft,C:\Users\l.ilyintseva\Desktop\RAG-system\data\raw\АС 1.1.S1000DR_2014.pdf
veto,KT-160G_14G условия эксплуатации и окружающей среды,308,438,0.9938,0.7097,0.2903389830508475,0.5339,0.178,0.178,ocr,ru,1570,Calilralion|Shiвldвd|Entlo|Dlвtance|typicall|Испытуемое|Примечанне|Примечанне,C:\Users\l.ilyintseva\Desktop\RAG-system\data\raw\KT-160G_14G условия эксплуатации и окружающей среды.pdf
veto,US_Army_Materiel_Command_Engineering_Design_Handbook,27,572,0.9879,0.71,0.29000000000000004,0.6719,0.2656,0.2656,ocr,en,4113,VROCl|astings|Castin|entrifugal|astings|achine|elding|ldering,C:\Users\l.ilyintseva\Desktop\RAG-system\data\raw\US_Army_Materiel_Command_Engineering_Design_Handbook.pdf
veto,РДК_молниезащита 89г,456,503,0.9873,0.7101,0.28986607142857146,0.6652,0.2679,0.2589,ocr,en,3221,suppliod|sparkover|icroeconrts|voltagb|ecifl-|drods|wriperes|btlrgps,C:\Users\l.ilyintseva\Desktop\RAG-system\data\raw\РДК_молниезащита 89г.pdf
veto,АС 1.1.S1000DR_2014,1989,4046,0.9798,0.7102,0.2898360655737705,0.5902,0.2131,0.2131,ocr,ru,1119,миллиньютоны/километр|миллиньютоны/метр|мегаом|миллиом|mohm/m|миллиом|galUK|galUS,C:\Users\l.ilyintseva\Desktop\RAG-system\data\raw\АС 1.1.S1000DR_2014.pdf
veto,US_Army_Materiel_Command_Engineering_Design_Handbook,357,572,0.9878,0.7103,0.2896581196581196,0.6667,0.265,0.2607,ocr,en,3045,Ccrntral|ponenrts|Ifiiters|snubber|connec-|inputh|chtxk|cumulator,C:\Users\l.ilyintseva\Desktop\RAG-system\data\raw\US_Army_Materiel_Command_Engineering_Design_Handbook.pdf
veto,US_Army_Materiel_Command_Engineering_Design_Handbook,61,572,0.9075,0.7104,0.2895652173913045,0.6739,0.2826,0.2609,ocr,en,651,Proerl|deignd|sndwch|mandwinch|atreat1tiehavr|lighitcst|iatios|iancc,C:\Users\l.ilyintseva\Desktop\RAG-system\data\raw\US_Army_Materiel_Command_Engineering_Design_Handbook.pdf
veto,АС 1.1.S1000DR_2014,3111,4046,0.9639,0.7115,0.2885106382978724,0.6596,0.2553,0.2553,ocr,ru,1095,harnenv|elecequip|cntlcontent|authname|authdoc|authname|authdoc|cntlcontent,C:\Users\l.ilyintseva\Desktop\RAG-system\data\raw\АС 1.1.S1000DR_2014.pdf
veto,АС 1.1.S1000DR_2014,3168,4046,0.8844,0.7119,0.2881395348837209,0.6977,0.2791,0.2791,ocr,mixed,634,engchg|engcyc|fltcyc|flthrs|landgchg|presscyc|shopvist|supercyc,C:\Users\l.ilyintseva\Desktop\RAG-system\data\raw\АС 1.1.S1000DR_2014.pdf
veto,US_Army_Materiel_Command_Engineering_Design_Handbook,166,572,0.9882,0.7126,0.2873521126760563,0.6817,0.2761,0.2648,ocr,en,4922,encrgy|crement|dcpendent|produc-|dcaienstrated|pheriosecn-|eemnto|nonrotating,C:\Users\l.ilyintseva\Desktop\RAG-system\data\raw\US_Army_Materiel_Command_Engineering_Design_Handbook.pdf
veto,US_Army_Materiel_Command_Engineering_Design_Handbook,75,572,0.9879,0.7133,0.28665782493368697,0.6684,0.2599,0.2573,ocr,en,5446,jrfaces|nitrocellulosec|acryiL-nitroluvllulosc|lacqucrs|pigmcnta-|examiple|becamusc|eparation,C:\Users\l.ilyintseva\Desktop\RAG-system\data\raw\US_Army_Materiel_Command_Engineering_Design_Handbook.pdf
veto,US_Army_Materiel_Command_Engineering_Design_Handbook,156,572,0.9882,0.7139,0.2861004784688995,0.677,0.2679,0.2608,ocr,en,5333,conadarably|intefrfeence|Conusquently|crewp|inore|demernt|spoed|difficlt,C:\Users\l.ilyintseva\Desktop\RAG-system\data\raw\US_Army_Materiel_Command_Engineering_Design_Handbook.pdf
veto,US_Army_Materiel_Command_Engineering_Design_Handbook,140,572,0.9873,0.7148,0.2852360515021459,0.6781,0.2618,0.2618,ocr,en,3656,Seneral|pattare|viitrndcd|diamvter|pattein|bothtoe|atxount|stoeres,C:\Users\l.ilyintseva\Desktop\RAG-system\data\raw\US_Army_Materiel_Command_Engineering_Design_Handbook.pdf
veto,АС 1.1.S1000DR_2014,1986,4046,0.9005,0.7148,0.28521739130434787,0.6087,0.2174,0.2174,ocr,ru,805,мегаграмм/кв|милигалилей|mgauss|миллигаусс|миллиплотность|миллигрэй|миллигенри|миллигерц,C:\Users\l.ilyintseva\Desktop\RAG-system\data\raw\АС 1.1.S1000DR_2014.pdf
veto,KT-160G_14G условия эксплуатации и окружающей среды,123,438,0.9775,0.7149,0.2851376146788991,0.5917,0.2064,0.2064,ocr,ru,2940,Гептагидрат|Гептагидрат|Простерилизовать|наnример|реагентам|Пр11готовлешrе|споровой|суспеrшш,C:\Users\l.ilyintseva\Desktop\RAG-system\data\raw\KT-160G_14G условия эксплуатации и окружающей среды.pdf
veto,KT-160G_14G условия эксплуатации и окружающей среды,353,438,0.8999,0.7151,0.28486111111111123,0.6389,0.2361,0.2361,ocr,ru,957,Slgnal|Ьrtdqe|drectlmol|suggeoted|mcnitor|PoworM|powerlnto|charmor,C:\Users\l.ilyintseva\Desktop\RAG-system\data\raw\KT-160G_14G условия эксплуатации и окружающей среды.pdf
veto,АС 1.1.S1000DR_2014,2780,4046,0.9877,0.7161,0.2838805970149254,0.5522,0.1791,0.1791,ocr,ru,1929,эпоксидно-силиконовой|противоэрозионной|полимидной|силикоалюминиевая|вспучивающейся|огнестойкой|адгезивов|двухкомпонентного,C:\Users\l.ilyintseva\Desktop\RAG-system\data\raw\АС 1.1.S1000DR_2014.pdf
veto,KT-160G_14G условия эксплуатации и окружающей среды,423,438,0.892,0.717,0.2830357142857143,0.5536,0.1786,0.1786,ocr,ru,918,Farward|representllliw|mtene|ljЗSkets|sealaмs|TestObjtiOt|pac1tserc|станоока,C:\Users\l.ilyintseva\Desktop\RAG-system\data\raw\KT-160G_14G условия эксплуатации и окружающей среды.pdf
veto,Р 4754А по разработке ВС ГА и систем,8,171,0.8883,0.7179,0.28206896551724137,0.5824,0.1954,0.1954,ocr,mixed,3012,финансировавшие|Commerciai|Пресан|Prasuhn|Маттерн|Riege|Алтоэ|Altoe,C:\Users\l.ilyintseva\Desktop\RAG-system\data\raw\Р 4754А по разработке ВС ГА и систем.pdf
veto,KT-160G_14G условия эксплуатации и окружающей среды,350,438,0.8814,0.7183,0.28172413793103457,0.6552,0.2414,0.2414,ocr,ru,916,дБмкВ/м|Frvquency|aroiol|rnorrЬ|Umlll1|lotlforтt|Катеrорня,C:\Users\l.ilyintseva\Desktop\RAG-system\data\raw\KT-160G_14G условия эксплуатации и окружающей среды.pdf
veto,KT-160G_14G условия эксплуатации и окружающей среды,73,438,0.9971,0.7185,0.28154506437768245,0.6137,0.2146,0.2146,ocr,ru,2995,килевую|билизатор|о11струкпш11ЫС|трсбова1111Я|оборудова11шо|структивных|рекоменду|днаnазсне,C:\Users\l.ilyintseva\Desktop\RAG-system\data\raw\KT-160G_14G условия эксплуатации и окружающей среды.pdf
veto,АС 1.1.S1000DR_2014,1997,4046,0.9891,0.7191,0.28088235294117647,0.5098,0.1471,0.1471,ocr,ru,1452,sm3/ksm3|стерадиан|баррели|баррели|баррели|stb60/MMscf60|баррели|stb60/MMscm15,C:\Users\l.ilyintseva\Desktop\RAG-system\data\raw\АС 1.1.S1000DR_2014.pdf
veto,АС 1.1.S1000DR_2014,592,4046,0.9829,0.7194,0.28062801932367154,0.628,0.2222,0.2222,ocr,ru,2371,colsep|rowsep|colspec|colname|colwidth|colspec|colname|colwidth,C:\Users\l.ilyintseva\Desktop\RAG-system\data\raw\АС 1.1.S1000DR_2014.pdf
veto,АС 1.1.S1000DR_2014,1976,4046,0.9851,0.7199,0.28013333333333335,0.5733,0.2267,0.1733,ocr,ru,1227,килограммы/мегаджоуль|kg/sack94|kgf/cm|kgf/cm2|kgf/kgf|kgf/mm2|килоджоуль|килоджоуль,C:\Users\l.ilyintseva\Desktop\RAG-system\data\raw\АС 1.1.S1000DR_2014.pdf
veto,US_Army_Materiel_Command_Engineering_Design_Handbook,426,572,0.9877,0.7204,0.2796266666666668,0.6907,0.2667,0.2587,ocr,en,4994,requiredi|quate|neceasary|signifi-|carnt|weajht|deveclopment|danoe,C:\Users\l.ilyintseva\Desktop\RAG-system\data\raw\US_Army_Materiel_Command_Engineering_Design_Handbook.pdf
veto,KT-160G_14G условия эксплуатации и окружающей среды,307,438,0.9654,0.7208,0.2792134831460674,0.618,0.2135,0.2135,ocr,ru,2883,т-т-гтr|ffffi|lmpedance|lmpedance|extemal10|aauss|inзtrumentatiOfl|ьkшlфJШ-,C:\Users\l.ilyintseva\Desktop\RAG-system\data\raw\KT-160G_14G условия эксплуатации и окружающей среды.pdf
veto,АС 1.1.S1000DR_2014,596,4046,0.9882,0.7208,0.2792241379310345,0.7155,0.2759,0.2759,ocr,en,1599,tgroup|colspec|colname|colwidth|colspec|colname|colwidth|colspec,C:\Users\l.ilyintseva\Desktop\RAG-system\data\raw\АС 1.1.S1000DR_2014.pdf
veto,US_Army_Materiel_Command_Engineering_Design_Handbook,191,572,0.988,0.7209,0.27909967845659167,0.6817,0.254,0.254,ocr,en,4296,tocation|rsyhtems|geenerators|complexiay|cffcctivc|tinuous|requirtment|quate,C:\Users\l.ilyintseva\Desktop\RAG-system\data\raw\US_Army_Materiel_Command_Engineering_Design_Handbook.pdf
veto,US_Army_Materiel_Command_Engineering_Design_Handbook,361,572,0.9875,0.721,0.2789593908629442,0.7005,0.2716,0.264,ocr,en,5066,accumuliator|prechlarge|gmret|extznt|elimi-|vccumnuistor|poncnts|nwxessary,C:\Users\l.ilyintseva\Desktop\RAG-system\data\raw\US_Army_Materiel_Command_Engineering_Design_Handbook.pdf
veto,KT-160G_14G условия эксплуатации и окружающей среды,343,438,0.8864,0.7221,0.27787878787878795,0.6667,0.2424,0.2424,ocr,ru,850,tegoryB|дБмкА|Frcquonoy|Vfinlllnn|inltrтtfll|Clllf|n-f111-toiiiiJ|кондуктивных,C:\Users\l.ilyintseva\Desktop\RAG-system\data\raw\KT-160G_14G условия эксплуатации и окружающей среды.pdf
veto,РДК_молниезащита 89г,263,503,0.9876,0.7222,0.2778212290502794,0.648,0.2346,0.2291,ocr,en,2899,H1ankel|fulictions|aluminu|permnittivity|HanIkel|Calcula|ftunctions|ipermeability,C:\Users\l.ilyintseva\Desktop\RAG-system\data\raw\РДК_молниезащита 89г.pdf
veto,АС 1.1.S1000DR_2014,3103,4046,0.9809,0.7231,0.2768852459016393,0.5464,0.1639,0.1639,ocr,ru,2173,holeid|clipid|contextid|harnid|nomenc|жгуте|harninfo|posnhassy,C:\Users\l.ilyintseva\Desktop\RAG-system\data\raw\АС 1.1.S1000DR_2014.pdf
veto,РДК_молниезащита 77г,558,564,0.9861,0.7233,0.276734693877551,0.6735,0.2449,0.2449,ocr,en,2243,Jointh|idclities|attice|dcvcloptitcnt|dialiietcr|nperaturc|estcrnal|liglitning,C:\Users\l.ilyintseva\Desktop\RAG-system\data\raw\РДК_молниезащита 77г.pdf
veto,US_Army_Materiel_Command_Engineering_Design_Handbook,253,572,0.9871,0.7239,0.27607407407407414,0.6889,0.2593,0.2519,ocr,en,1910,DETERMiINED|H01iZONTAL|ROTORt|ROTlATIONAL|AiLJT|RETREATVnING|Nonaaxal|Flpure,C:\Users\l.ilyintseva\Desktop\RAG-system\data\raw\US_Army_Materiel_Command_Engineering_Design_Handbook.pdf
veto,ФАП-21 сертификация АТ,77,84,0.8775,0.7248,0.2752380952380953,0.6667,0.2381,0.2381,ocr,mixed,568,ofwork|ФАВТ-И-|ФАВТ-И-|Aeronaиtical|prodиct|Docиment|issиe|DEPUТY,C:\Users\l.ilyintseva\Desktop\RAG-system\data\raw\ФАП-21 сертификация АТ.pdf
veto,АС 1.1.S1000DR_2014,1996,4046,0.9871,0.7251,0.2749367088607596,0.3544,0.038,0.038,ocr,ru,1301,s/qtUK|s/qtUS|scm15/stb60,C:\Users\l.ilyintseva\Desktop\RAG-system\data\raw\АС 1.1.S1000DR_2014.pdf
veto,KT-160G_14G условия эксплуатации и окружающей среды,348,438,0.8858,0.7256,0.27437500000000004,0.6875,0.25,0.25,ocr,ru,808,вorvBI|tllgorvLI|дБмкВ/м|Froquenoy|Cunrdef|itlaD|IJmitl|inlrrтf111,C:\Users\l.ilyintseva\Desktop\RAG-system\data\raw\KT-160G_14G условия эксплуатации и окружающей среды.pdf
veto,US_Army_Materiel_Command_Engineering_Design_Handbook,125,572,0.9879,0.7259,0.27409090909090916,0.6872,0.2513,0.2487,ocr,en,4959,tunparature|bimfing|heicopter|antitorque|Acdded|maneuverabilityr|ditions|catod,C:\Users\l.ilyintseva\Desktop\RAG-system\data\raw\US_Army_Materiel_Command_Engineering_Design_Handbook.pdf
veto,US_Army_Materiel_Command_Engineering_Design_Handbook,189,572,0.9879,0.7259,0.27407051282051276,0.7083,0.2628,0.2628,ocr,en,4731,bemult|prunesm|lubricatio|oolig|rqecton|accoomp|airflw|reqnwamats,C:\Users\l.ilyintseva\Desktop\RAG-system\data\raw\US_Army_Materiel_Command_Engineering_Design_Handbook.pdf
veto,US_Army_Materiel_Command_Engineering_Design_Handbook,256,572,0.9878,0.726,0.2739823008849557,0.6873,0.2537,0.2478,ocr,en,4318,operatin|lemast|leamt|crtia|charje|fleible|anaje|centrifuagal,C:\Users\l.ilyintseva\Desktop\RAG-system\data\raw\US_Army_Materiel_Command_Engineering_Design_Handbook.pdf
veto,РЦ-АП-ВД 6.3 пожарная безопасность,13,14,0.9923,0.7262,0.2737735849056604,0.6226,0.2075,0.2075,ocr,ru,1027,Воспламеняющиеся|воспламеняющейся|Авиамасло|Turbonycoil|Гидрожидкость|Скайдрол|Hyjet|Скайдрол,C:\Users\l.ilyintseva\Desktop\RAG-system\data\raw\РЦ-АП-ВД 6.3 пожарная безопасность.pdf
veto,US_Army_Materiel_Command_Engineering_Design_Handbook,171,572,0.9873,0.7263,0.2737365591397849,0.6828,0.25,0.2446,ocr,en,5105,fatigu|attrib-|dynan|aestigation|nucleations|gemnally|acrtss|tinal,C:\Users\l.ilyintseva\Desktop\RAG-system\data\raw\US_Army_Materiel_Command_Engineering_Design_Handbook.pdf
veto,US_Army_Materiel_Command_Engineering_Design_Handbook,304,572,0.9879,0.7283,0.2716751269035532,0.6726,0.236,0.236,ocr,en,5227,satisfactofily|alternste|fatirloads|spacin6|shsall|reerA|ortate|thequeiropemnsadtnd,C:\Users\l.ilyintseva\Desktop\RAG-system\data\raw\US_Army_Materiel_Command_Engineering_Design_Handbook.pdf
veto,US_Army_Materiel_Command_Engineering_Design_Handbook,512,572,0.9876,0.7284,0.2715873015873016,0.7024,0.2579,0.254,ocr,en,3450,buttoni|W-cintype|byuke|ptsh-buttor|swtce|descibe|Hydraatc|tinnpeatmr,C:\Users\l.ilyintseva\Desktop\RAG-system\data\raw\US_Army_Materiel_Command_Engineering_Design_Handbook.pdf
veto,АС 1.1.S1000DR_2014,1988,4046,0.9874,0.7284,0.2715533980582525,0.5922,0.1845,0.1845,ocr,ru,1357,MMbbl|бареллей|MMbbl/acre|mmho/m|миллимо/метр|миллимоль|MMscf|MMscf,C:\Users\l.ilyintseva\Desktop\RAG-system\data\raw\АС 1.1.S1000DR_2014.pdf
veto,АС 1.1.S1000DR_2014,3122,4046,0.8675,0.7288,0.27118644067796616,0.7288,0.2712,0.2712,ocr,mixed,690,procd|randlist|refdm|reftp|reqcblst|reqcondm|reqcond|reqcontp,C:\Users\l.ilyintseva\Desktop\RAG-system\data\raw\АС 1.1.S1000DR_2014.pdf
veto,KT-160G_14G условия эксплуатации и окружающей среды,112,438,0.9966,0.729,0.27102941176470585,0.6961,0.25,0.25,ocr,ru,2529,IICПЫTaiiiiU|провод1пь|безопасtiОСПI|испытываемыми|оборудоваш1я|Приложеине|rента|посвящепы,C:\Users\l.ilyintseva\Desktop\RAG-system\data\raw\KT-160G_14G условия эксплуатации и окружающей среды.pdf
veto,US_Army_Materiel_Command_Engineering_Design_Handbook,423,572,0.9875,0.7292,0.2707878787878788,0.6848,0.2424,0.2424,ocr,en,2309,crabh|lration|wnder|aocalcratio|eslightly|fuselag|recomenwded|conslderasion,C:\Users\l.ilyintseva\Desktop\RAG-system\data\raw\US_Army_Materiel_Command_Engineering_Design_Handbook.pdf
veto,US_Army_Materiel_Command_Engineering_Design_Handbook,404,572,0.9882,0.7293,0.2707317073170732,0.6921,0.247,0.247,ocr,en,4200,rcquirernieits|dividual|requirc|helicoptor|sions|eeoeruuly|rcrscoki|ductd,C:\Users\l.ilyintseva\Desktop\RAG-system\data\raw\US_Army_Materiel_Command_Engineering_Design_Handbook.pdf
veto,KT-160G_14G условия эксплуатации и окружающей среды,49,438,0.9068,0.7294,0.27064516129032246,0.7097,0.2581,0.2581,ocr,ru,852,темпеоаТVРа|Поиижеиная|тсмпсоаТVРа|ункuионирует|орудонанис|Аание|Темnература|окружаюшей,C:\Users\l.ilyintseva\Desktop\RAG-system\data\raw\KT-160G_14G условия эксплуатации и окружающей среды.pdf
veto,APR4754A application,223,230,0.9668,0.73,0.27,0.6941,0.2471,0.2471,ocr,en,1179,Reqts|Reqts|Reqts|Verif|Reqts|Reqts|Reqts|Verif,C:\Users\l.ilyintseva\Desktop\RAG-system\data\raw\APR4754A application.pdf
veto,АС 1.1.S1000DR_2014,1984,4046,0.9851,0.7329,0.2670769230769231,0.5077,0.1231,0.1231,ocr,ru,1130,m3/tonUK|мегагоды|мегаампер|Mbbl/d|мегабеккерель|MBtu/hr|Mbyte|милликулон,C:\Users\l.ilyintseva\Desktop\RAG-system\data\raw\АС 1.1.S1000DR_2014.pdf
veto,АС 1.1.S1000DR_2014,1971,4046,0.9014,0.733,0.26704918032786873,0.623,0.1967,0.1967,ocr,ru,903,galUS/tonUS|галлоны/амер|гигабеккерель|гигаджоуль|гигаом|гигапаскаль|гигапаскаль|гигапаскаль,C:\Users\l.ilyintseva\Desktop\RAG-system\data\raw\АС 1.1.S1000DR_2014.pdf
veto,US_Army_Materiel_Command_Engineering_Design_Handbook,347,572,0.988,0.7333,0.2666666666666667,0.7083,0.2528,0.25,ocr,en,5017,anotd|corupaw|esyilasm|couve|rectional|slawA|coampass|Wunstinet,C:\Users\l.ilyintseva\Desktop\RAG-system\data\raw\US_Army_Materiel_Command_Engineering_Design_Handbook.pdf
veto,АС 1.1.S1000DR_2014,598,4046,0.8147,0.7333,0.2666666666666667,0.7333,0.2667,0.2667,ocr,mixed,457,rowsep|colsep|colsep|rowsep|colsep|colsep|tbody|tgroup,C:\Users\l.ilyintseva\Desktop\RAG-system\data\raw\АС 1.1.S1000DR_2014.pdf
veto,US_Army_Materiel_Command_Engineering_Design_Handbook,550,572,0.9862,0.7334,0.26655844155844155,0.6948,0.2468,0.2403,ocr,en,2869,satify|desip|condiion|reuatve|coctpit|A-IALI|Duhre|voutilading,C:\Users\l.ilyintseva\Desktop\RAG-system\data\raw\US_Army_Materiel_Command_Engineering_Design_Handbook.pdf
veto,АС 1.1.S1000DR_2014,1983,4046,0.985,0.7343,0.2657142857142857,0.5102,0.1224,0.1224,ocr,ru,1173,метры/сантипуаз|килопаскаль|метры/сантипуаз|килопаскаль|килопаскаль|килопаскаль,C:\Users\l.ilyintseva\Desktop\RAG-system\data\raw\АС 1.1.S1000DR_2014.pdf
veto,KT-160G_14G условия эксплуатации и окружающей среды,46,438,0.9959,0.7344,0.26557788944723615,0.6884,0.2362,0.2362,ocr,ru,2721,Изме1Jе1ше|IICПЫT3HIIЯ|приведеиных|Прuмечаиие|Даниое|преднашачено|обледеиеиия|проведеиии,C:\Users\l.ilyintseva\Desktop\RAG-system\data\raw\KT-160G_14G условия эксплуатации и окружающей среды.pdf
veto,US_Army_Materiel_Command_Engineering_Design_Handbook,254,572,0.9805,0.7348,0.2651898734177216,0.6962,0.2405,0.2405,ocr,en,1585,Figrere|Exeltatioa|LVLwings|VRthese|aaroimation|bluade|vasitono|sbuare,C:\Users\l.ilyintseva\Desktop\RAG-system\data\raw\US_Army_Materiel_Command_Engineering_Design_Handbook.pdf
veto,US_Army_Materiel_Command_Engineering_Design_Handbook,342,572,0.9882,0.7356,0.2643768996960486,0.6869,0.2401,0.231,ocr,en,4381,compatibility/intcrfercnce|ioflowing|dcsilbn|Avioics|avatio|clctrni|astheap-|Avonis,C:\Users\l.ilyintseva\Desktop\RAG-system\data\raw\US_Army_Materiel_Command_Engineering_Design_Handbook.pdf
veto,АС 1.1.S1000DR_2014,1993,4046,0.9038,0.7359,0.2641379310344828,0.7069,0.2586,0.2414,ocr,ru,917,пикоампер|пикокулон|пикокюри|пикокюри|pcurie|пикокюри|паундаль|паундаль,C:\Users\l.ilyintseva\Desktop\RAG-system\data\raw\АС 1.1.S1000DR_2014.pdf
veto,US_Army_Materiel_Command_Engineering_Design_Handbook,105,572,0.9878,0.7363,0.26373563218390805,0.7069,0.2471,0.2443,ocr,en,4605,dynsric|efficicnt|Poino|conrider|interfaut|Hiowevecr|heict|addresscd,C:\Users\l.ilyintseva\Desktop\RAG-system\data\raw\US_Army_Materiel_Command_Engineering_Design_Handbook.pdf
veto,АС 1.1.S1000DR_2014,3095,4046,0.9719,0.7364,0.26363636363636367,0.6439,0.2045,0.2045,ocr,ru,1748,подэлементы|cconnect|scrlevel|scrtype|scrstyle|wrngdata|ftnote|ftnref,C:\Users\l.ilyintseva\Desktop\RAG-system\data\raw\АС 1.1.S1000DR_2014.pdf
veto,KT-160G_14G условия эксплуатации и окружающей среды,275,438,0.9025,0.7366,0.26344262295081966,0.6066,0.1803,0.1803,ocr,ru,873,Slgnal|GeneraliOn|ICAUТION|Pf9oent|Chulil|Grounda|Comecleduper|lnolallallan,C:\Users\l.ilyintseva\Desktop\RAG-system\data\raw\KT-160G_14G условия эксплуатации и окружающей среды.pdf
veto,KT-160G_14G условия эксплуатации и окружающей среды,2,438,0.8967,0.7378,0.2621875,0.7188,0.25,0.25,ocr,ru,492,АВИАЦИОIШЫЙ|МЕЖГОСУДАРСТВЕI-mОГО|АВИАЦИОI-mОГО|КВАЛИФИКАЦИОННЪIЕ|сrоры|AIRВORNE|вьmуска|НИИАО,C:\Users\l.ilyintseva\Desktop\RAG-system\data\raw\KT-160G_14G условия эксплуатации и окружающей среды.pdf
veto,US_Army_Materiel_Command_Engineering_Design_Handbook,405,572,0.9879,0.7378,0.26220630372492837,0.7221,0.2521,0.2521,ocr,en,4628,Pilex|dition|avoioawarning|systan|advantasous|intrument|ptmel|ticularly,C:\Users\l.ilyintseva\Desktop\RAG-system\data\raw\US_Army_Materiel_Command_Engineering_Design_Handbook.pdf
veto,US_Army_Materiel_Command_Engineering_Design_Handbook,23,572,0.9874,0.7388,0.2612000000000001,0.69,0.23,0.23,ocr,en,4483,ontinucd|Typcs|unition|unition|Boresighting|ccessibility|ircuit|aneuvers,C:\Users\l.ilyintseva\Desktop\RAG-system\data\raw\US_Army_Materiel_Command_Engineering_Design_Handbook.pdf
veto,US_Army_Materiel_Command_Engineering_Design_Handbook,117,572,0.986,0.7388,0.2612352941176471,0.6706,0.2176,0.2176,ocr,en,2744,emrplo|tatii|fcopicr|ispersion|reliabilty|resultanit|significaid|FSpot,C:\Users\l.ilyintseva\Desktop\RAG-system\data\raw\US_Army_Materiel_Command_Engineering_Design_Handbook.pdf
veto,US_Army_Materiel_Command_Engineering_Design_Handbook,485,572,0.988,0.7391,0.2608587257617728,0.7091,0.2438,0.241,ocr,en,4569,comnmercial|seving|formance|desitn|shoidd|standlardized|tentince|itemns,C:\Users\l.ilyintseva\Desktop\RAG-system\data\raw\US_Army_Materiel_Command_Engineering_Design_Handbook.pdf
veto,KT-160G_14G условия эксплуатации и окружающей среды,374,438,0.9131,0.7394,0.2605882352941177,0.6078,0.1765,0.1765,ocr,ru,998,tыкания|аиперы|ОтноUtение|zшпеданс|каrlllбровки|штульсов|контактны|мпедансов,C:\Users\l.ilyintseva\Desktop\RAG-system\data\raw\KT-160G_14G условия эксплуатации и окружающей среды.pdf
veto,АС 1.1.S1000DR_2014,2578,4046,0.9839,0.7394,0.2606422018348623,0.633,0.1927,0.1927,ocr,ru,1818,Ремонтопригод-|Локализа-|гидроклапана|форсажного|гидроклапана|форсажного|Ремонтопригод-|форсажной,C:\Users\l.ilyintseva\Desktop\RAG-system\data\raw\АС 1.1.S1000DR_2014.pdf
veto,US_Army_Materiel_Command_Engineering_Design_Handbook,513,572,0.9877,0.7398,0.2601869158878505,0.7056,0.2383,0.2383,ocr,en,3277,ofdamagingtheoomponent|housnlgiftheflt-|gaket|overtightened|oxybei|psdble|plktic|imetl,C:\Users\l.ilyintseva\Desktop\RAG-system\data\raw\US_Army_Materiel_Command_Engineering_Design_Handbook.pdf
veto,АС 1.1.S1000DR_2014,740,4046,0.8941,0.7407,0.2593333333333334,0.7,0.2333,0.2333,ocr,mixed,1687,размеченным|размеченного|xlink|xlink|xlink|xlink|размеченным|refdm,C:\Users\l.ilyintseva\Desktop\RAG-system\data\raw\АС 1.1.S1000DR_2014.pdf
veto,KT-160G_14G условия эксплуатации и окружающей среды,352,438,0.9856,0.7409,0.2590579710144928,0.6304,0.1884,0.1884,ocr,ru,1722,lnterface|alrcran|dlgttal|dlscretes|Экранированная|AbsodJВ|аьоvе|lnline,C:\Users\l.ilyintseva\Desktop\RAG-system\data\raw\KT-160G_14G условия эксплуатации и окружающей среды.pdf
veto,US_Army_Materiel_Command_Engineering_Design_Handbook,362,572,0.9877,0.7409,0.25912181303116155,0.711,0.2465,0.238,ocr,en,4850,slippanc|pmsacutr|advls|increaaes|voueoutput|offudprovides|condi-|evnluation,C:\Users\l.ilyintseva\Desktop\RAG-system\data\raw\US_Army_Materiel_Command_Engineering_Design_Handbook.pdf
veto,US_Army_Materiel_Command_Engineering_Design_Handbook,433,572,0.9881,0.742,0.25798479087452475,0.7072,0.2357,0.2357,ocr,en,3747,loadsI|frtherw|aboorbod|etroke|snoother|extendod|weighied|desigiiA,C:\Users\l.ilyintseva\Desktop\RAG-system\data\raw\US_Army_Materiel_Command_Engineering_Design_Handbook.pdf
veto,АС 1.1.S1000DR_2014,1967,4046,0.9008,0.742,0.258,0.44,0.08,0.06,ocr,ru,931,ft/degF|ft/galUS|микросекунда|ft3/bbl,C:\Users\l.ilyintseva\Desktop\RAG-system\data\raw\АС 1.1.S1000DR_2014.pdf
veto,US_Army_Materiel_Command_Engineering_Design_Handbook,55,572,0.9869,0.7432,0.2567701863354037,0.7205,0.2422,0.2422,ocr,en,3150,rROPF|fRAVI|rrnnrt|ITIiTT|PLASiIV|peratures|commnonly|Prepreg,C:\Users\l.ilyintseva\Desktop\RAG-system\data\raw\US_Army_Materiel_Command_Engineering_Design_Handbook.pdf
veto,US_Army_Materiel_Command_Engineering_Design_Handbook,421,572,0.9881,0.7449,0.2551190476190477,0.7183,0.2381,0.2381,ocr,en,3333,Wpressure|aomwdig-|oioncentra|tisnapoit|helicopees|havisg|dmrvaisisii|floring,C:\Users\l.ilyintseva\Desktop\RAG-system\data\raw\US_Army_Materiel_Command_Engineering_Design_Handbook.pdf
veto,US_Army_Materiel_Command_Engineering_Design_Handbook,87,572,0.988,0.745,0.2549843260188088,0.7053,0.232,0.2288,ocr,en,4559,intation|anti-iciag|suabsystem|howcvcr|braand|dekector|aisainbly|capabilitins,C:\Users\l.ilyintseva\Desktop\RAG-system\data\raw\US_Army_Materiel_Command_Engineering_Design_Handbook.pdf
veto,АС 1.1.S1000DR_2014,1963,4046,0.9039,0.745,0.255,0.5417,0.125,0.125,ocr,ru,982,cwtUS|деканьютон|деканьютон|ddegC|ddegF|ddegK|ddegR|dega/100ft,C:\Users\l.ilyintseva\Desktop\RAG-system\data\raw\АС 1.1.S1000DR_2014.pdf
veto,РДК_молниезащита 89г,92,503,0.9882,0.7451,0.25490322580645164,0.7097,0.2323,0.2323,ocr,en,2215,explodling|lalnage|aluiuniumx|ouiter|fronm|ove-rpressure|fronm|declivered,C:\Users\l.ilyintseva\Desktop\RAG-system\data\raw\РДК_молниезащита 89г.pdf
veto,US_Army_Materiel_Command_Engineering_Design_Handbook,9,572,0.9872,0.7458,0.2542477876106195,0.708,0.2301,0.2301,ocr,en,3808,CONTENTh|vatinuLedI|PararaphPatic|CONTROLa|GtNMBALED|Flap-1iit|Hyotheicator|LoadDsigcdin,C:\Users\l.ilyintseva\Desktop\RAG-system\data\raw\US_Army_Materiel_Command_Engineering_Design_Handbook.pdf
veto,US_Army_Materiel_Command_Engineering_Design_Handbook,221,572,0.9865,0.7461,0.25394812680115275,0.7061,0.2305,0.2277,ocr,en,4819,helicoptersgrid|investi-|thesw|unsatisfkacory|expresse|systet|bility|helicop-,C:\Users\l.ilyintseva\Desktop\RAG-system\data\raw\US_Army_Materiel_Command_Engineering_Design_Handbook.pdf
veto,KT-160G_14G условия эксплуатации и окружающей среды,61,438,0.9959,0.7462,0.25384615384615394,0.6721,0.2065,0.2065,ocr,ru,3113,эксплуатащrоrшые|разрушешrя|ИСПЫТаiШЙ|жсплуатационных|плуатации|мечание-|выполиять|футщии,C:\Users\l.ilyintseva\Desktop\RAG-system\data\raw\KT-160G_14G условия эксплуатации и окружающей среды.pdf
veto,РДК_молниезащита 89г,265,503,0.9851,0.7465,0.2535416666666668,0.7083,0.2292,0.2292,ocr,en,1832,conductiaig|ogeneou|propa4gation|onstants|surface2|condu|Distanlces|Goeric,C:\Users\l.ilyintseva\Desktop\RAG-system\data\raw\РДК_молниезащита 89г.pdf
veto,US_Army_Materiel_Command_Engineering_Design_Handbook,5,572,0.9875,0.7467,0.25329545454545455,0.6705,0.2045,0.2045,ocr,en,4237,ontinud|erged|icxposed|nstallation|esign|hecklist|etectors|onstration,C:\Users\l.ilyintseva\Desktop\RAG-system\data\raw\US_Army_Materiel_Command_Engineering_Design_Handbook.pdf
veto,US_Army_Materiel_Command_Engineering_Design_Handbook,21,572,0.9877,0.7467,0.2533333333333333,0.7204,0.2366,0.2366,ocr,en,3954,ouilnued|eneral|Installatior|Requirennents|ontrols|arnesses|arnesses|Passcngcr,C:\Users\l.ilyintseva\Desktop\RAG-system\data\raw\US_Army_Materiel_Command_Engineering_Design_Handbook.pdf
veto,US_Army_Materiel_Command_Engineering_Design_Handbook,537,572,0.9878,0.7471,0.2529064039408867,0.7291,0.2414,0.2414,ocr,en,3175,Houcyconk|SandwlIc|Yecturt|Thius|diwrtnsion|Ijllwjis|amwing|wiould,C:\Users\l.ilyintseva\Desktop\RAG-system\data\raw\US_Army_Materiel_Command_Engineering_Design_Handbook.pdf
veto,US_Army_Materiel_Command_Engineering_Design_Handbook,533,572,0.9879,0.7479,0.2521495327102804,0.6604,0.1963,0.1963,ocr,en,4008,sracing|Deaums|specinl|vaitwline|stmeigth|epeting|siections|diamete,C:\Users\l.ilyintseva\Desktop\RAG-system\data\raw\US_Army_Materiel_Command_Engineering_Design_Handbook.pdf
veto,US_Army_Materiel_Command_Engineering_Design_Handbook,436,572,0.9882,0.7481,0.2519031141868512,0.7059,0.2249,0.2249,ocr,en,4249,systemls|emsil|cordmnce|seails|Whoek|mhould|elistacle|unlubricatod,C:\Users\l.ilyintseva\Desktop\RAG-system\data\raw\US_Army_Materiel_Command_Engineering_Design_Handbook.pdf
veto,US_Army_Materiel_Command_Engineering_Design_Handbook,67,572,0.9874,0.7484,0.25157407407407406,0.7315,0.2407,0.2407,ocr,en,1508,vironment|sandwi|facing-to-corc|ihall|variet|matcrial|ficient|flatwisc,C:\Users\l.ilyintseva\Desktop\RAG-system\data\raw\US_Army_Materiel_Command_Engineering_Design_Handbook.pdf
veto,KT-160G_14G условия эксплуатации и окружающей среды,142,438,0.9838,0.7488,0.2512280701754386,0.7193,0.2456,0.2281,ocr,ru,1162,Еаюtе|iШOCIЪ|ptбetra|J/Сности|мпературы|мшtимуАt|интервшtе|орость,C:\Users\l.ilyintseva\Desktop\RAG-system\data\raw\KT-160G_14G условия эксплуатации и окружающей среды.pdf
veto,US_Army_Materiel_Command_Engineering_Design_Handbook,208,572,0.9882,0.7488,0.25115942028985505,0.7101,0.2319,0.2246,ocr,en,1865,RESULTIOGATLIGhT|Vlgre|gorie|Arape|ivtientn|ionatahilitiem|otherwisic|hingekas,C:\Users\l.ilyintseva\Desktop\RAG-system\data\raw\US_Army_Materiel_Command_Engineering_Design_Handbook.pdf
veto,US_Army_Materiel_Command_Engineering_Design_Handbook,502,572,0.988,0.7491,0.25087136929460574,0.7137,0.2282,0.2282,ocr,en,3458,dou04ble-row|a4justed|dwifin|uftlaton|beurlng|axalaly|pruload|rebrelow,C:\Users\l.ilyintseva\Desktop\RAG-system\data\raw\US_Army_Materiel_Command_Engineering_Design_Handbook.pdf
veto,US_Army_Materiel_Command_Engineering_Design_Handbook,527,572,0.9876,0.7491,0.2508620689655172,0.7241,0.2414,0.2328,ocr,en,2229,bewee|deigner|pemdmt|contructimo|itmelf|hardne|omprebuisv|dlmeen,C:\Users\l.ilyintseva\Desktop\RAG-system\data\raw\US_Army_Materiel_Command_Engineering_Design_Handbook.pdf
veto,US_Army_Materiel_Command_Engineering_Design_Handbook,315,572,0.9876,0.7506,0.2493984962406015,0.703,0.2218,0.218,ocr,en,3983,temperaturealtitude|Ftator|widing|dlots|systemo|mrust|ncrator|aetecting,C:\Users\l.ilyintseva\Desktop\RAG-system\data\raw\US_Army_Materiel_Command_Engineering_Design_Handbook.pdf
veto,US_Army_Materiel_Command_Engineering_Design_Handbook,206,572,0.9879,0.7509,0.24907801418439723,0.7163,0.227,0.227,ocr,en,1760,I-AMCP|SPINflI|Teetrlng|cma2tic|imnproves|OINTOne|bingclcss|niaticalty,C:\Users\l.ilyintseva\Desktop\RAG-system\data\raw\US_Army_Materiel_Command_Engineering_Design_Handbook.pdf
veto,KT-160G_14G условия эксплуатации и окружающей среды,278,438,0.9849,0.7514,0.24861111111111112,0.6667,0.1944,0.1944,ocr,ru,1056,UNfТOR|SIМJLAТED|МЕТЕR|SVSТEМ|Lengrh|POintA|stFPLY|SVSТEМ,C:\Users\l.ilyintseva\Desktop\RAG-system\data\raw\KT-160G_14G условия эксплуатации и окружающей среды.pdf
veto,US_Army_Materiel_Command_Engineering_Design_Handbook,293,572,0.9882,0.7531,0.24688102893890673,0.7203,0.2283,0.2251,ocr,en,4514,ah-sife|Prlmdples|Dogrce|cicanliness|desian|ovcrtzmphasis|priniples|icpiesc,C:\Users\l.ilyintseva\Desktop\RAG-system\data\raw\US_Army_Materiel_Command_Engineering_Design_Handbook.pdf
veto,US_Army_Materiel_Command_Engineering_Design_Handbook,7,572,0.9879,0.7535,0.24646017699115041,0.6726,0.1947,0.1947,ocr,en,4045,lARIl|Oininuvdli|Paraigraph|Reliabil|ations|Lnialyios|aiukgl|ailuir,C:\Users\l.ilyintseva\Desktop\RAG-system\data\raw\US_Army_Materiel_Command_Engineering_Design_Handbook.pdf
veto,US_Army_Materiel_Command_Engineering_Design_Handbook,4,572,0.9879,0.7538,0.24624999999999997,0.6944,0.2083,0.2083,ocr,en,3992,Reinforccment|ethods|Sprayup|atched|inishes|Reinforcem|Reinforcem|Filam,C:\Users\l.ilyintseva\Desktop\RAG-system\data\raw\US_Army_Materiel_Command_Engineering_Design_Handbook.pdf
veto,US_Army_Materiel_Command_Engineering_Design_Handbook,411,572,0.9881,0.7538,0.2462295081967213,0.7404,0.2377,0.2377,ocr,en,4782,actimaions|iable|whicit|movemtent|opmrtor|quentitier|Meadman|ressd,C:\Users\l.ilyintseva\Desktop\RAG-system\data\raw\US_Army_Materiel_Command_Engineering_Design_Handbook.pdf
veto,KT-160G_14G условия эксплуатации и окружающей среды,126,438,0.9981,0.7542,0.24578260869565216,0.6826,0.2,0.2,ocr,ru,2610,безопас11ости|nерчатки|nеред|nосевом|nлесневых|nерсоналу|сnоровой|исnытаниям,C:\Users\l.ilyintseva\Desktop\RAG-system\data\raw\KT-160G_14G условия эксплуатации и окружающей среды.pdf
veto,US_Army_Materiel_Command_Engineering_Design_Handbook,417,572,0.9882,0.7547,0.24528662420382175,0.7197,0.2229,0.2229,ocr,en,4128,diesig|airfirame|structre|ntuissln|landlz|billty|flunishinge|explosve,C:\Users\l.ilyintseva\Desktop\RAG-system\data\raw\US_Army_Materiel_Command_Engineering_Design_Handbook.pdf
veto,US_Army_Materiel_Command_Engineering_Design_Handbook,309,572,0.9881,0.7549,0.24506024096385537,0.7108,0.2169,0.2169,ocr,en,2222,Sissingh|Gyio-controlled|Perform3nce|Dausman|Goland|EWvauation|Singl|Foium,C:\Users\l.ilyintseva\Desktop\RAG-system\data\raw\US_Army_Materiel_Command_Engineering_Design_Handbook.pdf
veto,US_Army_Materiel_Command_Engineering_Design_Handbook,167,572,0.988,0.7552,0.24482517482517485,0.7168,0.2203,0.2203,ocr,en,3892,mectals|teiton|genecrally|astisfactic-ai|jacent|intckgrity|cesuive|stremies,C:\Users\l.ilyintseva\Desktop\RAG-system\data\raw\US_Army_Materiel_Command_Engineering_Design_Handbook.pdf
veto,US_Army_Materiel_Command_Engineering_Design_Handbook,97,572,0.988,0.7555,0.2445454545454545,0.7,0.2091,0.2091,ocr,en,1702,WbCORR|bEXHAUIS1|ufmnuace|Corrczioas|Lowsa|tstratification|ductinR|incorpo,C:\Users\l.ilyintseva\Desktop\RAG-system\data\raw\US_Army_Materiel_Command_Engineering_Design_Handbook.pdf
veto,US_Army_Materiel_Command_Engineering_Design_Handbook,47,572,0.9875,0.7556,0.24435135135135133,0.7,0.2108,0.2081,ocr,en,5248,hetter|namec|alumninum|lerin|cxceds|clicopter|purnty|helico,C:\Users\l.ilyintseva\Desktop\RAG-system\data\raw\US_Army_Materiel_Command_Engineering_Design_Handbook.pdf
veto,US_Army_Materiel_Command_Engineering_Design_Handbook,356,572,0.9873,0.7557,0.24431718061674013,0.7181,0.2203,0.2203,ocr,en,2999,ftAWc|Pnicumnatic|prcssu|auxili|iclicopter|ffight|syitem|pluxity,C:\Users\l.ilyintseva\Desktop\RAG-system\data\raw\US_Army_Materiel_Command_Engineering_Design_Handbook.pdf
veto,US_Army_Materiel_Command_Engineering_Design_Handbook,508,572,0.9875,0.7559,0.24405405405405411,0.723,0.223,0.223,ocr,en,2135,CONNECTrORS|TCBEmnmr|tillt|vgISrI|Whiav|Flgure|Comome|Ceustectois,C:\Users\l.ilyintseva\Desktop\RAG-system\data\raw\US_Army_Materiel_Command_Engineering_Design_Handbook.pdf
veto,US_Army_Materiel_Command_Engineering_Design_Handbook,494,572,0.9879,0.7565,0.24347578347578347,0.7322,0.2279,0.2279,ocr,en,4977,tlvisb|attion|Rutaining|wected|accot-|nutis|examnple|sufficiet,C:\Users\l.ilyintseva\Desktop\RAG-system\data\raw\US_Army_Materiel_Command_Engineering_Design_Handbook.pdf
veto,US_Army_Materiel_Command_Engineering_Design_Handbook,517,572,0.9875,0.757,0.24296577946768072,0.7338,0.2281,0.2281,ocr,en,3623,puley|anglse|Imnprntiak|offse|tangency|necuury|bindnig|TAWGWiCYPO,C:\Users\l.ilyintseva\Desktop\RAG-system\data\raw\US_Army_Materiel_Command_Engineering_Design_Handbook.pdf
veto,US_Army_Materiel_Command_Engineering_Design_Handbook,418,572,0.9879,0.7571,0.24291366906474832,0.6978,0.205,0.205,ocr,en,3646,FTfil|ovideni|dlffgt|typeo|orrect|deaign|amvenient|dsisagrd,C:\Users\l.ilyintseva\Desktop\RAG-system\data\raw\US_Army_Materiel_Command_Engineering_Design_Handbook.pdf
veto,KT-160G_14G условия эксплуатации и окружающей среды,62,438,0.9962,0.7573,0.2426829268292683,0.6829,0.1951,0.1951,ocr,ru,3189,эксплуатациоtшые|ответствующей|испытаtшя|зажимного|приспособ|крепёжных|эксплуата|неконструкционные,C:\Users\l.ilyintseva\Desktop\RAG-system\data\raw\KT-160G_14G условия эксплуатации и окружающей среды.pdf
veto,US_Army_Materiel_Command_Engineering_Design_Handbook,419,572,0.9881,0.7575,0.24253164556962037,0.6751,0.1899,0.1899,ocr,en,2920,Figin|Frinme|someC|G5weniW|Longerons|aitial-load-carrying|udded|aixes,C:\Users\l.ilyintseva\Desktop\RAG-system\data\raw\US_Army_Materiel_Command_Engineering_Design_Handbook.pdf
veto,US_Army_Materiel_Command_Engineering_Design_Handbook,240,572,0.988,0.7577,0.24231638418079093,0.7288,0.226,0.2232,ocr,en,5041,panof|motfmt|ialty|usihsm|beafd|upwald|downw|duirbli,C:\Users\l.ilyintseva\Desktop\RAG-system\data\raw\US_Army_Materiel_Command_Engineering_Design_Handbook.pdf
veto,АС 1.1.S1000DR_2014,3121,4046,0.8673,0.7582,0.24175438596491228,0.7368,0.2281,0.2281,ocr,mixed,693,datarest|deflist|deftask|dfault|einalt|elecequip|elseif|endmattr,C:\Users\l.ilyintseva\Desktop\RAG-system\data\raw\АС 1.1.S1000DR_2014.pdf
veto,US_Army_Materiel_Command_Engineering_Design_Handbook,31,572,0.9879,0.759,0.24104972375690614,0.7017,0.2044,0.2044,ocr,en,4308,owiic|Sipted|aions|Pantive|Bcaring|Flangc|Subci|itical,C:\Users\l.ilyintseva\Desktop\RAG-system\data\raw\US_Army_Materiel_Command_Engineering_Design_Handbook.pdf
veto,АС 1.1.S1000DR_2014,3188,4046,0.9836,0.7592,0.24083333333333334,0.7083,0.2083,0.2083,ocr,ru,1166,mntlvl|mntlvl|olevel|dlevel|ilevel|refdm|reftp|Подэлементы,C:\Users\l.ilyintseva\Desktop\RAG-system\data\raw\АС 1.1.S1000DR_2014.pdf
veto,US_Army_Materiel_Command_Engineering_Design_Handbook,538,572,0.9876,0.7593,0.2407407407407407,0.7315,0.2253,0.2222,ocr,en,4586,ammisil|merious|tortions|exparisions|pressare|fronm|taunpetature|flnslndauubly,C:\Users\l.ilyintseva\Desktop\RAG-system\data\raw\US_Army_Materiel_Command_Engineering_Design_Handbook.pdf
veto,US_Army_Materiel_Command_Engineering_Design_Handbook,531,572,0.9872,0.7594,0.2405806451612903,0.7161,0.2129,0.2129,ocr,en,2405,shuldb|tothat|stire|auhm1s|vitcible|obsUUtrcions|Mainis|umpair,C:\Users\l.ilyintseva\Desktop\RAG-system\data\raw\US_Army_Materiel_Command_Engineering_Design_Handbook.pdf
veto,АС 1.1.S1000DR_2014,2453,4046,0.9869,0.7594,0.24058823529411766,0.6723,0.1849,0.1849,ocr,ru,1748,F-A-91-00-00-00A-057E-A|Электромонтажная|F-A-91-94-00-00A-051A-A|F-A-91-94-00-00A-051A-A|F-A-91-94-00-00A-051A-A|F-A-91-93-00-00A-051A-A|F-A-91-93-00-00A-051A-A|сростков,C:\Users\l.ilyintseva\Desktop\RAG-system\data\raw\АС 1.1.S1000DR_2014.pdf
veto,US_Army_Materiel_Command_Engineering_Design_Handbook,106,572,0.987,0.7605,0.23950000000000005,0.73,0.22,0.22,ocr,en,4234,amiounts|Ssideration|incmueses|wecight|Sfoimancc|surviva-|proportienal|bility,C:\Users\l.ilyintseva\Desktop\RAG-system\data\raw\US_Army_Materiel_Command_Engineering_Design_Handbook.pdf
veto,US_Army_Materiel_Command_Engineering_Design_Handbook,400,572,0.9877,0.7608,0.23918644067796613,0.722,0.2169,0.2136,ocr,en,4013,Ground-cljarged|syrtem|altiniewc|systakn|timeter|fielt4|Claism|harged,C:\Users\l.ilyintseva\Desktop\RAG-system\data\raw\US_Army_Materiel_Command_Engineering_Design_Handbook.pdf
veto,US_Army_Materiel_Command_Engineering_Design_Handbook,99,572,0.9879,0.7612,0.23875989445910295,0.7282,0.2216,0.2164,ocr,en,4937,dcrined|hoeemyhv|yasfe|mechani-|mcucteaclrto|cbten9|oniode|orpecidicatr,C:\Users\l.ilyintseva\Desktop\RAG-system\data\raw\US_Army_Materiel_Command_Engineering_Design_Handbook.pdf
veto,РДК_молниезащита 89г,276,503,0.9879,0.7612,0.23881481481481492,0.6889,0.1926,0.1926,ocr,en,2238,DrThus|coulombs|lipsoid|ianCc/a|farads|Expreuuons|metry|betweeu,C:\Users\l.ilyintseva\Desktop\RAG-system\data\raw\РДК_молниезащита 89г.pdf
veto,US_Army_Materiel_Command_Engineering_Design_Handbook,350,572,0.9879,0.7618,0.23823232323232324,0.7298,0.2197,0.2172,ocr,en,4993,misiimise|aeirodyananlc|soaing|heicopter|gaption-vionlc|feseme|flancion|Seemo,C:\Users\l.ilyintseva\Desktop\RAG-system\data\raw\US_Army_Materiel_Command_Engineering_Design_Handbook.pdf
veto,АС 1.1.S1000DR_2014,2771,4046,0.9869,0.7618,0.2382312925170068,0.6871,0.1905,0.1905,ocr,ru,1892,Обезжиривание|Обезжиривание|Обезжиривание|обезжиривание|маслопровода|мартенситных|аустенитных|аустенитных,C:\Users\l.ilyintseva\Desktop\RAG-system\data\raw\АС 1.1.S1000DR_2014.pdf
veto,US_Army_Materiel_Command_Engineering_Design_Handbook,109,572,0.9875,0.7623,0.2377483443708609,0.7219,0.2119,0.2119,ocr,en,4246,subrtgimne|microclastohydrodynamics|excessivci|ieprescrits|cnarfic-|drivc|teristics|tbroughout,C:\Users\l.ilyintseva\Desktop\RAG-system\data\raw\US_Army_Materiel_Command_Engineering_Design_Handbook.pdf
veto,US_Army_Materiel_Command_Engineering_Design_Handbook,337,572,0.9881,0.7624,0.23759036144578316,0.7229,0.2169,0.2108,ocr,en,4908,Spelfkcadioa|sistance|Rlame|aimrcrft|alkainesis|mporan|scription|Fluorin,C:\Users\l.ilyintseva\Desktop\RAG-system\data\raw\US_Army_Materiel_Command_Engineering_Design_Handbook.pdf
veto,US_Army_Materiel_Command_Engineering_Design_Handbook,390,572,0.9878,0.7626,0.23744262295081964,0.718,0.2164,0.2066,ocr,en,4257,pping|coilec-|symtm|preasure|mugration|waiier|upttream|vapoi,C:\Users\l.ilyintseva\Desktop\RAG-system\data\raw\US_Army_Materiel_Command_Engineering_Design_Handbook.pdf
veto,US_Army_Materiel_Command_Engineering_Design_Handbook,363,572,0.9882,0.7638,0.2361774744027304,0.744,0.2287,0.2218,ocr,en,3788,pretviously|terat|subsystism|sians|SseSwcIgC|Intersystem|propriate|intersystem,C:\Users\l.ilyintseva\Desktop\RAG-system\data\raw\US_Army_Materiel_Command_Engineering_Design_Handbook.pdf
veto,АС 1.1.S1000DR_2014,3170,4046,0.9816,0.7639,0.2361206896551724,0.681,0.1897,0.181,ocr,ru,1441,serialno|serialno|serialno|mfc/mfc|подэлементом|modtitle|premod|premodtitle,C:\Users\l.ilyintseva\Desktop\RAG-system\data\raw\АС 1.1.S1000DR_2014.pdf
veto,US_Army_Materiel_Command_Engineering_Design_Handbook,53,572,0.9878,0.7641,0.23593830334190236,0.7147,0.2082,0.2031,ocr,en,5347,Miaments|hopilped|commo3n|rcinfoiroment|yaifls|veycm|rcquit|emcnts,C:\Users\l.ilyintseva\Desktop\RAG-system\data\raw\US_Army_Materiel_Command_Engineering_Design_Handbook.pdf
veto,US_Army_Materiel_Command_Engineering_Design_Handbook,542,572,0.9878,0.7641,0.2359365994236311,0.7061,0.1988,0.1988,ocr,en,4866,sammonia|Hydrogus|ambrttleamnt|tility|beasuse|restilts|Queuackiag|aftier,C:\Users\l.ilyintseva\Desktop\RAG-system\data\raw\US_Army_Materiel_Command_Engineering_Design_Handbook.pdf
veto,РДК_молниезащита 89г,196,503,0.9879,0.7643,0.23573378839590442,0.7372,0.2184,0.2184,ocr,en,4376,evalu-|pected|Circu-|tinguish|extinguishant|arresters|havesters|orrug,C:\Users\l.ilyintseva\Desktop\RAG-system\data\raw\РДК_молниезащита 89г.pdf
veto,KT-160G_14G условия эксплуатации и окружающей среды,203,438,0.9575,0.7647,0.23532467532467538,0.7013,0.1948,0.1948,ocr,mixed,1212,Op1ional|increa|VariaЫe|Voltagв|Singlв|трёхфазноrо|Optlonallnductance|inaoase,C:\Users\l.ilyintseva\Desktop\RAG-system\data\raw\KT-160G_14G условия эксплуатации и окружающей среды.pdf
veto,US_Army_Materiel_Command_Engineering_Design_Handbook,367,572,0.9876,0.7647,0.23525423728813566,0.6949,0.2034,0.1864,ocr,en,3250,assemiblies|rtsolve|vibra-|fected|tanium|config-|uration|Dymatinc,C:\Users\l.ilyintseva\Desktop\RAG-system\data\raw\US_Army_Materiel_Command_Engineering_Design_Handbook.pdf
veto,US_Army_Materiel_Command_Engineering_Design_Handbook,274,572,0.9878,0.7652,0.23483271375464676,0.7249,0.2119,0.2082,ocr,en,4047,rhspect|Durinj|determbining|taquired|rotot|additionai|precessonal|momuent,C:\Users\l.ilyintseva\Desktop\RAG-system\data\raw\US_Army_Materiel_Command_Engineering_Design_Handbook.pdf
veto,US_Army_Materiel_Command_Engineering_Design_Handbook,464,572,0.9882,0.766,0.2340143369175628,0.7419,0.2186,0.2186,ocr,en,4145,equiValeAL|clecuically-operated|ammnmwstion-|guiis|miove|detaih|ruturn|proems,C:\Users\l.ilyintseva\Desktop\RAG-system\data\raw\US_Army_Materiel_Command_Engineering_Design_Handbook.pdf
veto,US_Army_Materiel_Command_Engineering_Design_Handbook,192,572,0.9882,0.7662,0.23381625441696108,0.7279,0.212,0.2085,ocr,en,4189,Dowscn|EJamswyd|odynamlc|Inmerdis|plinary|Lubrictotion|Contoas|Designt,C:\Users\l.ilyintseva\Desktop\RAG-system\data\raw\US_Army_Materiel_Command_Engineering_Design_Handbook.pdf
veto,US_Army_Materiel_Command_Engineering_Design_Handbook,193,572,0.988,0.7664,0.23358156028368793,0.695,0.1879,0.1879,ocr,en,4285,Forunt|ington|Exteinded-Life|Rcscurch|Transmijslons|Shoet|ecember|iribos,C:\Users\l.ilyintseva\Desktop\RAG-system\data\raw\US_Army_Materiel_Command_Engineering_Design_Handbook.pdf
veto,US_Army_Materiel_Command_Engineering_Design_Handbook,25,572,0.9881,0.7671,0.23285714285714287,0.7381,0.2143,0.2143,ocr,en,4041,TABLEl-|ontinued|lAPTFR|ashers|NONTltREADED|ivets|Turnbuckiics|Tcfinitaiil,C:\Users\l.ilyintseva\Desktop\RAG-system\data\raw\US_Army_Materiel_Command_Engineering_Design_Handbook.pdf
veto,US_Army_Materiel_Command_Engineering_Design_Handbook,383,572,0.9871,0.7684,0.23159999999999992,0.744,0.216,0.216,ocr,en,1713,arcuator|endcaps|diamet|squareness|surfice|Safcty-wirinn|ternally|vkting,C:\Users\l.ilyintseva\Desktop\RAG-system\data\raw\US_Army_Materiel_Command_Engineering_Design_Handbook.pdf
veto,US_Army_Materiel_Command_Engineering_Design_Handbook,483,572,0.988,0.7685,0.2314577259475219,0.7405,0.2157,0.2128,ocr,en,4459,CTIONlong1|drnvironmental|rquiemets|thatmus|befolowe|persoeine|wearting|andgeqinemertintrestatimsfator,C:\Users\l.ilyintseva\Desktop\RAG-system\data\raw\US_Army_Materiel_Command_Engineering_Design_Handbook.pdf
veto,US_Army_Materiel_Command_Engineering_Design_Handbook,544,572,0.9881,0.7687,0.23133663366336643,0.7475,0.2178,0.2178,ocr,en,3067,ztandards|coipousitions|figurationio|tices|mateaian|eftec|duction|mnanufacture,C:\Users\l.ilyintseva\Desktop\RAG-system\data\raw\US_Army_Materiel_Command_Engineering_Design_Handbook.pdf
veto,KT-160G_14G условия эксплуатации и окружающей среды,239,438,0.9038,0.7688,0.23119999999999996,0.72,0.2,0.2,ocr,ru,440,pжarE|дпаrа|тМJDI|Jlrоnь|реrуJJПровачвый,C:\Users\l.ilyintseva\Desktop\RAG-system\data\raw\KT-160G_14G условия эксплуатации и окружающей среды.pdf
veto,US_Army_Materiel_Command_Engineering_Design_Handbook,111,572,0.9839,0.771,0.22902439024390253,0.7561,0.2195,0.2195,ocr,en,1262,cxpenimcnts|cized|bcwundary|ccnditicns|troducing|twresting|thiat|f-valuc,C:\Users\l.ilyintseva\Desktop\RAG-system\data\raw\US_Army_Materiel_Command_Engineering_Design_Handbook.pdf
veto,Руководство Р4754  сертификация сложных бортовых систем,17,103,0.9872,0.772,0.22804123711340207,0.7216,0.1959,0.1959,ocr,ru,1682,Авиарегистр|тказн|оследстви|класси|безоп|тказн|оследстви|класси,C:\Users\l.ilyintseva\Desktop\RAG-system\data\raw\Руководство Р4754  сертификация сложных бортовых систем.pdf
veto,US_Army_Materiel_Command_Engineering_Design_Handbook,58,572,0.9878,0.7721,0.22787781350482317,0.7074,0.1865,0.1865,ocr,en,4523,avuilabic|niore|compara-|rapbite|terest|Staniard|wveight|rovings,C:\Users\l.ilyintseva\Desktop\RAG-system\data\raw\US_Army_Materiel_Command_Engineering_Design_Handbook.pdf
veto,US_Army_Materiel_Command_Engineering_Design_Handbook,534,572,0.988,0.7721,0.2278701298701299,0.7143,0.1948,0.1896,ocr,en,5173,Helicd|gerer|rications|rivetinig|Specifiations|tiveatment|alurri-|haidened,C:\Users\l.ilyintseva\Desktop\RAG-system\data\raw\US_Army_Materiel_Command_Engineering_Design_Handbook.pdf
veto,KT-160G_14G условия эксплуатации и окружающей среды,354,438,0.8959,0.7724,0.2276190476190476,0.7143,0.1905,0.1905,ocr,ru,577,Optionall|lьllne|Prump|Aulper|MIRec21wr|Испытуемое|Оконечная|реверберациовной,C:\Users\l.ilyintseva\Desktop\RAG-system\data\raw\KT-160G_14G условия эксплуатации и окружающей среды.pdf
veto,US_Army_Materiel_Command_Engineering_Design_Handbook,345,572,0.9877,0.7726,0.2273846153846154,0.7538,0.2154,0.2154,ocr,en,3678,exmessvc|contiavtor|taining|Iuercomnuulcadoin|Solocter|cancolling|Armny|civiiian,C:\Users\l.ilyintseva\Desktop\RAG-system\data\raw\US_Army_Materiel_Command_Engineering_Design_Handbook.pdf
veto,РДК_молниезащита 89г,344,503,0.9872,0.7726,0.22744444444444456,0.7556,0.2333,0.2111,ocr,en,1826,exper-|imental|waveshapes|numer-|plexity|lytical|waveshapes|belmouth,C:\Users\l.ilyintseva\Desktop\RAG-system\data\raw\РДК_молниезащита 89г.pdf
veto,ФАП-21 сертификация АТ,78,84,0.9645,0.7735,0.2264705882352942,0.7479,0.2101,0.2101,ocr,ru,1410,ФАВТ-Р-|ORGANISAТION|Приложевне|АЛЬНЬIХ|АВИАЦИОННЬIХ|НЕRЕВУ|VIAТION|SUВPART,C:\Users\l.ilyintseva\Desktop\RAG-system\data\raw\ФАП-21 сертификация АТ.pdf
veto,US_Army_Materiel_Command_Engineering_Design_Handbook,120,572,0.988,0.7744,0.22560240963855438,0.7289,0.1988,0.1958,ocr,en,4412,gearboc|highiev|t-sually|dupli-|requirtments|scund|Desge|Soals,C:\Users\l.ilyintseva\Desktop\RAG-system\data\raw\US_Army_Materiel_Command_Engineering_Design_Handbook.pdf
veto,US_Army_Materiel_Command_Engineering_Design_Handbook,526,572,0.9875,0.7744,0.22562176165803105,0.7254,0.1943,0.1943,ocr,en,5040,uwcining|replawe|previotsly|shedt|rdadvely|cular|trmis|Kevolved,C:\Users\l.ilyintseva\Desktop\RAG-system\data\raw\US_Army_Materiel_Command_Engineering_Design_Handbook.pdf
veto,US_Army_Materiel_Command_Engineering_Design_Handbook,297,572,0.988,0.7757,0.22429906542056088,0.7477,0.2087,0.2056,ocr,en,4223,Adynamic|ofora|ectve|cntrl|pressure-scnsitive|q-scnsitivc|vcsytemcotro|dcugn,C:\Users\l.ilyintseva\Desktop\RAG-system\data\raw\US_Army_Materiel_Command_Engineering_Design_Handbook.pdf
veto,АС 1.1.S1000DR_2014,3296,4046,0.8931,0.7758,0.22422018348623862,0.7156,0.1927,0.1835,ocr,mixed,1673,issueNumber-inWork|languageIsoCode-|languageIsoCode-|cavea|RDF/DC|dmodule|ISOEntities|org/S1000D,C:\Users\l.ilyintseva\Desktop\RAG-system\data\raw\АС 1.1.S1000DR_2014.pdf
veto,US_Army_Materiel_Command_Engineering_Design_Handbook,148,572,0.987,0.7767,0.22325714285714282,0.7314,0.1943,0.1943,ocr,en,2970,delined|ffcctivc|tHAftQMC|miost|Figue|hearV|ftpaation|Opsrating,C:\Users\l.ilyintseva\Desktop\RAG-system\data\raw\US_Army_Materiel_Command_Engineering_Design_Handbook.pdf
veto,US_Army_Materiel_Command_Engineering_Design_Handbook,115,572,0.9871,0.7768,0.2231629392971246,0.7476,0.2045,0.2045,ocr,en,4631,astiumption|effecta|relia-|ficicnt|bility|rc-quiremenrts|Ision|reqjuirement,C:\Users\l.ilyintseva\Desktop\RAG-system\data\raw\US_Army_Materiel_Command_Engineering_Design_Handbook.pdf
veto,АС 1.1.S1000DR_2014,3193,4046,0.8957,0.777,0.22298701298701307,0.7532,0.2078,0.2078,ocr,ru,894,delruitem|lruitem|lruitem|delruitem|desruitem|sruitem|lrlruitem|lruitem,C:\Users\l.ilyintseva\Desktop\RAG-system\data\raw\АС 1.1.S1000DR_2014.pdf
veto,KT-160G_14G условия эксплуатации и окружающей среды,113,438,0.9976,0.7789,0.2210646387832701,0.7186,0.1825,0.1825,ocr,ru,3230,rrcnытarшii|разбрызпrвашrем|подсоединяют|представnять|высушиванием|темnературе|обрызгивание|обрызгивания,C:\Users\l.ilyintseva\Desktop\RAG-system\data\raw\KT-160G_14G условия эксплуатации и окружающей среды.pdf
veto,US_Army_Materiel_Command_Engineering_Design_Handbook,13,572,0.9871,0.7797,0.220344827586207,0.7586,0.2069,0.2069,ocr,en,4403,elicopter|afety|Vuhnerability|evelopm|aintenance|inatic|evelopm|ental,C:\Users\l.ilyintseva\Desktop\RAG-system\data\raw\US_Army_Materiel_Command_Engineering_Design_Handbook.pdf
veto,US_Army_Materiel_Command_Engineering_Design_Handbook,6,572,0.9878,0.7813,0.2187234042553191,0.7553,0.2021,0.2021,ocr,en,4074,onalinucd|utput|ontrols|overning|liSTOF|eneral|Pe-fortrance|Subsystcni,C:\Users\l.ilyintseva\Desktop\RAG-system\data\raw\US_Army_Materiel_Command_Engineering_Design_Handbook.pdf
veto,US_Army_Materiel_Command_Engineering_Design_Handbook,359,572,0.9881,0.7816,0.21843636363636365,0.7527,0.2,0.2,ocr,en,3617,movecment|ovided|roed-in|actuawes|sequtrnce|moumcd|insidge|Provisionts,C:\Users\l.ilyintseva\Desktop\RAG-system\data\raw\US_Army_Materiel_Command_Engineering_Design_Handbook.pdf
veto,US_Army_Materiel_Command_Engineering_Design_Handbook,318,572,0.988,0.7817,0.2183045977011494,0.7414,0.1925,0.1925,ocr,en,4773,Wihregard|tovoltage|whnaspeed|starter/genierator|Ioretochvethe|tegrity|lator|ehria,C:\Users\l.ilyintseva\Desktop\RAG-system\data\raw\US_Army_Materiel_Command_Engineering_Design_Handbook.pdf
veto,US_Army_Materiel_Command_Engineering_Design_Handbook,131,572,0.9881,0.7824,0.21755968169761275,0.7533,0.1989,0.1989,ocr,en,4895,iniet|uimulate|Qualfictionequrerleut|deflbc|opeation|chcvks|qulfia|taticn,C:\Users\l.ilyintseva\Desktop\RAG-system\data\raw\US_Army_Materiel_Command_Engineering_Design_Handbook.pdf
veto,US_Army_Materiel_Command_Engineering_Design_Handbook,46,572,0.9879,0.7851,0.21485861182519284,0.7506,0.1928,0.1928,ocr,en,5293,luriiinum|siderahh|higther|tenmperatures|nesium|catmr|fseth|mugnesium,C:\Users\l.ilyintseva\Desktop\RAG-system\data\raw\US_Army_Materiel_Command_Engineering_Design_Handbook.pdf
veto,US_Army_Materiel_Command_Engineering_Design_Handbook,393,572,0.9882,0.7853,0.21466992665036677,0.7335,0.1834,0.1809,ocr,en,5193,valving|sphierical|shapt|sprnpg|ammmi-|phere|adjuatable|daiglns,C:\Users\l.ilyintseva\Desktop\RAG-system\data\raw\US_Army_Materiel_Command_Engineering_Design_Handbook.pdf
veto,US_Army_Materiel_Command_Engineering_Design_Handbook,440,572,0.987,0.7861,0.213884892086331,0.7554,0.1942,0.1942,ocr,en,4005,othoi|striecture|ccmpertment|ooded|tached|noceasary|Thesw|Vzovide,C:\Users\l.ilyintseva\Desktop\RAG-system\data\raw\US_Army_Materiel_Command_Engineering_Design_Handbook.pdf
veto,US_Army_Materiel_Command_Engineering_Design_Handbook,445,572,0.9879,0.7862,0.21383838383838394,0.7677,0.202,0.202,ocr,en,2679,mentheis|strapis|attachment-releaa|swngle-action-relese|Reetrint|mnovement|aequiremants|releaso,C:\Users\l.ilyintseva\Desktop\RAG-system\data\raw\US_Army_Materiel_Command_Engineering_Design_Handbook.pdf
veto,АС 1.1.S1000DR_2014,735,4046,0.9882,0.7864,0.21359223300970875,0.7864,0.2136,0.2136,ocr,en,1485,topbot|tgroup|colspec|colnum|colname|colspec|colnum|colname,C:\Users\l.ilyintseva\Desktop\RAG-system\data\raw\АС 1.1.S1000DR_2014.pdf
veto,US_Army_Materiel_Command_Engineering_Design_Handbook,308,572,0.9878,0.7885,0.21152777777777787,0.7639,0.2,0.1944,ocr,en,4698,eariy|Blakc|cepts|ccedings|vontrol|H-uston|Feactors|establiishing,C:\Users\l.ilyintseva\Desktop\RAG-system\data\raw\US_Army_Materiel_Command_Engineering_Design_Handbook.pdf
veto,APR4754A application,209,230,0.8804,0.7886,0.21136363636363653,0.7424,0.1818,0.1818,ocr,en,929,reqts|reqts|reqts|reqts|reqts|reqts|reqts|Reqts,C:\Users\l.ilyintseva\Desktop\RAG-system\data\raw\APR4754A application.pdf
veto,US_Army_Materiel_Command_Engineering_Design_Handbook,344,572,0.988,0.7888,0.21119891008174396,0.7493,0.188,0.1853,ocr,en,5147,nonsinu-|soidal|tenmperature|Iebrdta|anari|ntegon|glidescope|bloed,C:\Users\l.ilyintseva\Desktop\RAG-system\data\raw\US_Army_Materiel_Command_Engineering_Design_Handbook.pdf
veto,US_Army_Materiel_Command_Engineering_Design_Handbook,54,572,0.9854,0.7903,0.20965909090909096,0.7557,0.1875,0.1875,ocr,en,3141,lANIINAl|CONIlOU|V5AEEYHELIEISI|jiscu|subse-|simoothed|surfac|quently,C:\Users\l.ilyintseva\Desktop\RAG-system\data\raw\US_Army_Materiel_Command_Engineering_Design_Handbook.pdf
veto,АС 1.1.S1000DR_2014,3268,4046,0.9726,0.7907,0.2093203883495145,0.767,0.1942,0.1942,ocr,ru,1484,NewSubfileType|SubfileType|BitsPerSample|PhotometricInterpretation|FillOrder|DocumentName|ImageDescription|SamplesPerPixel,C:\Users\l.ilyintseva\Desktop\RAG-system\data\raw\АС 1.1.S1000DR_2014.pdf
veto,US_Army_Materiel_Command_Engineering_Design_Handbook,96,572,0.9876,0.7926,0.20736585365853666,0.7659,0.1902,0.1902,ocr,en,2906,COMJlNATION|nonpreloaded|exhau|asemblies|Bccause|rborne|IneDutg|accumnulated,C:\Users\l.ilyintseva\Desktop\RAG-system\data\raw\US_Army_Materiel_Command_Engineering_Design_Handbook.pdf
veto,РДК_молниезащита 89г,140,503,0.9872,0.7928,0.20720930232558143,0.7597,0.186,0.186,ocr,en,3941,eatue|Calclatd|teifperatita|calusaed|ofepysialratto|eofphsialprp|sstviy|mtaii,C:\Users\l.ilyintseva\Desktop\RAG-system\data\raw\РДК_молниезащита 89г.pdf
veto,АС 1.1.S1000DR_2014,3217,4046,0.9787,0.7943,0.2057446808510639,0.7553,0.1809,0.1809,ocr,ru,1100,refapplic|bodyatt|bodyatt|srcdmaddres|srcdmaddres|idstatus|sibplugid|nhassy,C:\Users\l.ilyintseva\Desktop\RAG-system\data\raw\АС 1.1.S1000DR_2014.pdf
veto,US_Army_Materiel_Command_Engineering_Design_Handbook,146,572,0.9872,0.7946,0.2053583617747441,0.7577,0.1843,0.1809,ocr,en,4068,ausmteit|carburizd|Pftrimg|Fallure|uieing|saicie|reuctioi|kincrea,C:\Users\l.ilyintseva\Desktop\RAG-system\data\raw\US_Army_Materiel_Command_Engineering_Design_Handbook.pdf
veto,US_Army_Materiel_Command_Engineering_Design_Handbook,413,572,0.9881,0.7957,0.20431818181818173,0.7818,0.1955,0.1955,ocr,en,3025,initruments|INTALLTIONof|cversthegenralrequremntsfor|coraducting|struentpanes|oweer|vbraion|ouning,C:\Users\l.ilyintseva\Desktop\RAG-system\data\raw\US_Army_Materiel_Command_Engineering_Design_Handbook.pdf
veto,US_Army_Materiel_Command_Engineering_Design_Handbook,498,572,0.9872,0.7961,0.20394029850746265,0.7642,0.1881,0.1821,ocr,en,4542,recomrmended|Wises|beavie|syqtheticobase|lubricantxz|Thene|terfmrnacs|n-Aded,C:\Users\l.ilyintseva\Desktop\RAG-system\data\raw\US_Army_Materiel_Command_Engineering_Design_Handbook.pdf
veto,US_Army_Materiel_Command_Engineering_Design_Handbook,536,572,0.9879,0.7966,0.20339181286549712,0.7895,0.1988,0.1988,ocr,en,2430,iliustiated|saion|consideied|redistri-|bution|stresme|aergo|doflection,C:\Users\l.ilyintseva\Desktop\RAG-system\data\raw\US_Army_Materiel_Command_Engineering_Design_Handbook.pdf
veto,US_Army_Materiel_Command_Engineering_Design_Handbook,144,572,0.988,0.7992,0.20075812274368243,0.769,0.1841,0.1805,ocr,en,3800,rently|pcrmits|thesia|hliefcal|getass|tical|tempera-|suffcient,C:\Users\l.ilyintseva\Desktop\RAG-system\data\raw\US_Army_Materiel_Command_Engineering_Design_Handbook.pdf
veto,АС 1.1.S1000DR_2014,2656,4046,0.9882,0.8001,0.19985074626865673,0.791,0.194,0.194,ocr,en,2852,topbot|tgroup|colspec|colnum|colname|colwidth|colspec|colnum,C:\Users\l.ilyintseva\Desktop\RAG-system\data\raw\АС 1.1.S1000DR_2014.pdf
veto,РДК_молниезащита 89г,278,503,0.987,0.8003,0.19972027972027973,0.7832,0.1888,0.1888,ocr,en,2794,uniforin|retursi|voltagel|miste|equhvaleat|indured|sbal-citcit|cuirrent,C:\Users\l.ilyintseva\Desktop\RAG-system\data\raw\РДК_молниезащита 89г.pdf
veto,РДК_молниезащита 89г,372,503,0.9879,0.8004,0.1995774647887325,0.7746,0.1831,0.1831,ocr,en,1091,Tkansinission|oscilatons|undesir-|abeand|supprassed|oscllation|tledm|iNWSM,C:\Users\l.ilyintseva\Desktop\RAG-system\data\raw\РДК_молниезащита 89г.pdf
veto,US_Army_Materiel_Command_Engineering_Design_Handbook,431,572,0.9881,0.801,0.19903010033444812,0.7826,0.1873,0.1873,ocr,en,4041,havins|whein|futst|anpirical|utirs|tecndincics|drsign|deflte,C:\Users\l.ilyintseva\Desktop\RAG-system\data\raw\US_Army_Materiel_Command_Engineering_Design_Handbook.pdf
veto,KT-160G_14G условия эксплуатации и окружающей среды,7,438,0.919,0.8037,0.19633333333333325,0.7833,0.1833,0.1833,ocr,ru,813,ИСПОЛIСОМА|JЕТНОЙ|ГасНИИ|ру1соводителей|те1сст|нредставленных|Ре1сомендовать|уrсазанных,C:\Users\l.ilyintseva\Desktop\RAG-system\data\raw\KT-160G_14G условия эксплуатации и окружающей среды.pdf
veto,US_Army_Materiel_Command_Engineering_Design_Handbook,507,572,0.9877,0.8081,0.19190789473684222,0.7961,0.1842,0.1842,ocr,en,2190,STANDAmiDS|ESTrABLISHED|RELIABILflYY|COr4ACT|RELIlABILITY|dGRAM|KcAUIArNU|ttQIM,C:\Users\l.ilyintseva\Desktop\RAG-system\data\raw\US_Army_Materiel_Command_Engineering_Design_Handbook.pdf
suspect,US_Army_Materiel_Command_Engineering_Design_Handbook,68,572,0.8899,0.0,1.0,0.0,1.0,1.0,text_layer,en,372,NOLV--Jd,C:\Users\l.ilyintseva\Desktop\RAG-system\data\raw\US_Army_Materiel_Command_Engineering_Design_Handbook.pdf
suspect,Приложение 16 к Конвенции. Том 1 Авиационный шум,1,258,0.4124,0.0,1.0,0.0,0.0,0.0,ocr,unknown,474,,C:\Users\l.ilyintseva\Desktop\RAG-system\data\raw\Приложение 16 к Конвенции. Том 1 Авиационный шум.pdf
suspect,Приложение 16 к Конвенции. Том 1 Авиационный шум,3,258,0.4124,0.0,1.0,0.0,0.0,0.0,ocr,unknown,474,,C:\Users\l.ilyintseva\Desktop\RAG-system\data\raw\Приложение 16 к Конвенции. Том 1 Авиационный шум.pdf
suspect,Приложение 16 к Конвенции. Том 1 Авиационный шум,23,258,0.576,0.0,1.0,0.0,0.0,0.0,ocr,en,2454,,C:\Users\l.ilyintseva\Desktop\RAG-system\data\raw\Приложение 16 к Конвенции. Том 1 Авиационный шум.pdf
suspect,Приложение 16 к Конвенции. Том 1 Авиационный шум,75,258,0.6866,0.0,1.0,0.0,1.0,1.0,text_layer,en,2212,LAmax|LAmax,C:\Users\l.ilyintseva\Desktop\RAG-system\data\raw\Приложение 16 к Конвенции. Том 1 Авиационный шум.pdf
suspect,Приложение 16 к Конвенции. Том 1 Авиационный шум,80,258,0.6856,0.0,1.0,0.0,1.0,1.0,text_layer,en,2755,QK/QrKr,C:\Users\l.ilyintseva\Desktop\RAG-system\data\raw\Приложение 16 к Конвенции. Том 1 Авиационный шум.pdf
suspect,Приложение 16 к Конвенции. Том 1 Авиационный шум,96,258,0.559,0.0,1.0,0.0,0.0,0.0,ocr,en,3140,,C:\Users\l.ilyintseva\Desktop\RAG-system\data\raw\Приложение 16 к Конвенции. Том 1 Авиационный шум.pdf
suspect,Приложение 16 к Конвенции. Том 1 Авиационный шум,97,258,0.5738,0.0,1.0,0.0,0.0,0.0,ocr,unknown,3276,,C:\Users\l.ilyintseva\Desktop\RAG-system\data\raw\Приложение 16 к Конвенции. Том 1 Авиационный шум.pdf
suspect,Приложение 16 к Конвенции. Том 1 Авиационный шум,98,258,0.5602,0.0,1.0,0.0,0.0,0.0,ocr,en,3502,,C:\Users\l.ilyintseva\Desktop\RAG-system\data\raw\Приложение 16 к Конвенции. Том 1 Авиационный шум.pdf
suspect,Приложение 16 к Конвенции. Том 1 Авиационный шум,109,258,0.5972,0.0,1.0,0.0,0.0,0.0,ocr,en,2169,,C:\Users\l.ilyintseva\Desktop\RAG-system\data\raw\Приложение 16 к Конвенции. Том 1 Авиационный шум.pdf
suspect,Приложение 16 к Конвенции. Том 1 Авиационный шум,110,258,0.604,0.0,1.0,0.0,0.0,0.0,ocr,en,2587,,C:\Users\l.ilyintseva\Desktop\RAG-system\data\raw\Приложение 16 к Конвенции. Том 1 Авиационный шум.pdf
suspect,Приложение 16 к Конвенции. Том 1 Авиационный шум,112,258,0.7101,0.0,1.0,0.0,1.0,1.0,text_layer,en,2651,antilog,C:\Users\l.ilyintseva\Desktop\RAG-system\data\raw\Приложение 16 к Конвенции. Том 1 Авиационный шум.pdf
suspect,Приложение 16 к Конвенции. Том 1 Авиационный шум,117,258,0.8773,0.0,1.0,0.0,1.0,1.0,text_layer,en,1017,antilog|antilog|antilog,C:\Users\l.ilyintseva\Desktop\RAG-system\data\raw\Приложение 16 к Конвенции. Том 1 Авиационный шум.pdf
suspect,Приложение 16 к Конвенции. Том 1 Авиационный шум,120,258,0.8234,0.0,1.0,0.0,1.0,1.0,text_layer,en,1459,antilog|antilog|antilog,C:\Users\l.ilyintseva\Desktop\RAG-system\data\raw\Приложение 16 к Конвенции. Том 1 Авиационный шум.pdf
suspect,Приложение 16 к Конвенции. Том 1 Авиационный шум,122,258,0.8445,0.0,1.0,0.0,0.0,0.0,text_layer,en,3268,,C:\Users\l.ilyintseva\Desktop\RAG-system\data\raw\Приложение 16 к Конвенции. Том 1 Авиационный шум.pdf
suspect,Приложение 16 к Конвенции. Том 1 Авиационный шум,123,258,0.8439,0.0,1.0,0.0,0.0,0.0,text_layer,en,3281,,C:\Users\l.ilyintseva\Desktop\RAG-system\data\raw\Приложение 16 к Конвенции. Том 1 Авиационный шум.pdf
suspect,Приложение 16 к Конвенции. Том 1 Авиационный шум,124,258,0.8445,0.0,1.0,0.0,0.0,0.0,text_layer,en,3271,,C:\Users\l.ilyintseva\Desktop\RAG-system\data\raw\Приложение 16 к Конвенции. Том 1 Авиационный шум.pdf
suspect,Приложение 16 к Конвенции. Том 1 Авиационный шум,125,258,0.8442,0.0,1.0,0.0,0.0,0.0,text_layer,en,3323,,C:\Users\l.ilyintseva\Desktop\RAG-system\data\raw\Приложение 16 к Конвенции. Том 1 Авиационный шум.pdf
suspect,Приложение 16 к Конвенции. Том 1 Авиационный шум,138,258,0.5856,0.0,1.0,0.0,0.0,0.0,ocr,en,2867,,C:\Users\l.ilyintseva\Desktop\RAG-system\data\raw\Приложение 16 к Конвенции. Том 1 Авиационный шум.pdf
suspect,Приложение 16 к Конвенции. Том 1 Авиационный шум,140,258,0.5685,0.0,1.0,0.0,1.0,1.0,ocr,en,3213,arctan,C:\Users\l.ilyintseva\Desktop\RAG-system\data\raw\Приложение 16 к Конвенции. Том 1 Авиационный шум.pdf
suspect,Приложение 16 к Конвенции. Том 1 Авиационный шум,143,258,0.5182,0.0,1.0,0.0,0.0,0.0,ocr,unknown,3680,,C:\Users\l.ilyintseva\Desktop\RAG-system\data\raw\Приложение 16 к Конвенции. Том 1 Авиационный шум.pdf
suspect,Приложение 16 к Конвенции. Том 1 Авиационный шум,144,258,0.5507,0.0,1.0,0.0,0.0,0.0,ocr,en,3213,,C:\Users\l.ilyintseva\Desktop\RAG-system\data\raw\Приложение 16 к Конвенции. Том 1 Авиационный шум.pdf
suspect,Приложение 16 к Конвенции. Том 1 Авиационный шум,145,258,0.5952,0.0,1.0,0.0,0.0,0.0,ocr,en,2809,,C:\Users\l.ilyintseva\Desktop\RAG-system\data\raw\Приложение 16 к Конвенции. Том 1 Авиационный шум.pdf
suspect,Приложение 16 к Конвенции. Том 1 Авиационный шум,146,258,0.5927,0.0,1.0,0.0,0.0,0.0,ocr,en,2178,,C:\Users\l.ilyintseva\Desktop\RAG-system\data\raw\Приложение 16 к Конвенции. Том 1 Авиационный шум.pdf
suspect,Приложение 16 к Конвенции. Том 1 Авиационный шум,147,258,0.586,0.0,1.0,0.0,0.0,0.0,ocr,unknown,2971,,C:\Users\l.ilyintseva\Desktop\RAG-system\data\raw\Приложение 16 к Конвенции. Том 1 Авиационный шум.pdf
suspect,Приложение 16 к Конвенции. Том 1 Авиационный шум,148,258,0.598,0.0,1.0,0.0,0.0,0.0,ocr,en,3315,,C:\Users\l.ilyintseva\Desktop\RAG-system\data\raw\Приложение 16 к Конвенции. Том 1 Авиационный шум.pdf
suspect,Приложение 16 к Конвенции. Том 1 Авиационный шум,151,258,0.5468,0.0,1.0,0.0,0.0,0.0,ocr,en,4819,,C:\Users\l.ilyintseva\Desktop\RAG-system\data\raw\Приложение 16 к Конвенции. Том 1 Авиационный шум.pdf
suspect,Приложение 16 к Конвенции. Том 1 Авиационный шум,160,258,0.7565,0.0,1.0,0.0,1.0,1.0,text_layer,en,1573,antilog|antilog|antilog|antilog,C:\Users\l.ilyintseva\Desktop\RAG-system\data\raw\Приложение 16 к Конвенции. Том 1 Авиационный шум.pdf
suspect,Приложение 16 к Конвенции. Том 1 Авиационный шум,164,258,0.68,0.0,1.0,0.0,1.0,1.0,text_layer,en,2872,antilog,C:\Users\l.ilyintseva\Desktop\RAG-system\data\raw\Приложение 16 к Конвенции. Том 1 Авиационный шум.pdf
suspect,Приложение 16 к Конвенции. Том 1 Авиационный шум,169,258,0.5908,0.0,1.0,0.0,1.0,1.0,ocr,en,1400,K2L|K2R|K2R|K2L,C:\Users\l.ilyintseva\Desktop\RAG-system\data\raw\Приложение 16 к Конвенции. Том 1 Авиационный шум.pdf
suspect,Приложение 16 к Конвенции. Том 1 Авиационный шум,172,258,0.5619,0.0,1.0,0.0,0.0,0.0,ocr,en,262,,C:\Users\l.ilyintseva\Desktop\RAG-system\data\raw\Приложение 16 к Конвенции. Том 1 Авиационный шум.pdf
suspect,Приложение 16 к Конвенции. Том 1 Авиационный шум,175,258,0.5163,0.0,1.0,0.0,0.0,0.0,ocr,en,460,,C:\Users\l.ilyintseva\Desktop\RAG-system\data\raw\Приложение 16 к Конвенции. Том 1 Авиационный шум.pdf
suspect,Приложение 16 к Конвенции. Том 1 Авиационный шум,181,258,0.684,0.0,1.0,0.0,1.0,1.0,text_layer,en,3056,PNLTMr|PNLTMr|EPNLr|EPNLr,C:\Users\l.ilyintseva\Desktop\RAG-system\data\raw\Приложение 16 к Конвенции. Том 1 Авиационный шум.pdf
suspect,Приложение 16 к Конвенции. Том 1 Авиационный шум,182,258,0.6924,0.0,1.0,0.0,1.0,1.0,text_layer,en,2144,PNLTr|PNLTr,C:\Users\l.ilyintseva\Desktop\RAG-system\data\raw\Приложение 16 к Конвенции. Том 1 Авиационный шум.pdf
suspect,Приложение 16 к Конвенции. Том 1 Авиационный шум,184,258,0.7157,0.0,1.0,0.0,1.0,1.0,text_layer,en,2509,PNLTr|EPNLr|PNLTr|PNLTr|EPNLr,C:\Users\l.ilyintseva\Desktop\RAG-system\data\raw\Приложение 16 к Конвенции. Том 1 Авиационный шум.pdf
suspect,Приложение 16 к Конвенции. Том 1 Авиационный шум,186,258,0.6005,0.0,1.0,0.0,0.0,0.0,ocr,en,2710,,C:\Users\l.ilyintseva\Desktop\RAG-system\data\raw\Приложение 16 к Конвенции. Том 1 Авиационный шум.pdf
suspect,Приложение 16 к Конвенции. Том 1 Авиационный шум,188,258,0.5915,0.0,1.0,0.0,0.0,0.0,ocr,en,2695,,C:\Users\l.ilyintseva\Desktop\RAG-system\data\raw\Приложение 16 к Конвенции. Том 1 Авиационный шум.pdf
suspect,Приложение 16 к Конвенции. Том 1 Авиационный шум,189,258,0.5639,0.0,1.0,0.0,0.0,0.0,ocr,en,3532,,C:\Users\l.ilyintseva\Desktop\RAG-system\data\raw\Приложение 16 к Конвенции. Том 1 Авиационный шум.pdf
suspect,Приложение 16 к Конвенции. Том 1 Авиационный шум,192,258,0.6829,0.0,1.0,0.0,1.0,1.0,text_layer,en,2883,LAmax|LAmax,C:\Users\l.ilyintseva\Desktop\RAG-system\data\raw\Приложение 16 к Конвенции. Том 1 Авиационный шум.pdf
suspect,Приложение 16 к Конвенции. Том 1 Авиационный шум,200,258,0.5573,0.0,1.0,0.0,0.0,0.0,ocr,en,3934,,C:\Users\l.ilyintseva\Desktop\RAG-system\data\raw\Приложение 16 к Конвенции. Том 1 Авиационный шум.pdf
suspect,Приложение 16 к Конвенции. Том 1 Авиационный шум,201,258,0.5893,0.0,1.0,0.0,0.0,0.0,ocr,unknown,368,,C:\Users\l.ilyintseva\Desktop\RAG-system\data\raw\Приложение 16 к Конвенции. Том 1 Авиационный шум.pdf
suspect,Приложение 16 к Конвенции. Том 1 Авиационный шум,202,258,0.5951,0.0,1.0,0.0,0.0,0.0,ocr,en,2769,,C:\Users\l.ilyintseva\Desktop\RAG-system\data\raw\Приложение 16 к Конвенции. Том 1 Авиационный шум.pdf
suspect,Приложение 16 к Конвенции. Том 1 Авиационный шум,205,258,0.5925,0.0,1.0,0.0,0.0,0.0,ocr,en,1653,,C:\Users\l.ilyintseva\Desktop\RAG-system\data\raw\Приложение 16 к Конвенции. Том 1 Авиационный шум.pdf
suspect,Приложение 16 к Конвенции. Том 1 Авиационный шум,206,258,0.5572,0.0,1.0,0.0,0.0,0.0,ocr,en,3991,,C:\Users\l.ilyintseva\Desktop\RAG-system\data\raw\Приложение 16 к Конвенции. Том 1 Авиационный шум.pdf
suspect,Приложение 16 к Конвенции. Том 1 Авиационный шум,207,258,0.5586,0.0,1.0,0.0,0.0,0.0,ocr,en,4093,,C:\Users\l.ilyintseva\Desktop\RAG-system\data\raw\Приложение 16 к Конвенции. Том 1 Авиационный шум.pdf
suspect,Приложение 16 к Конвенции. Том 1 Авиационный шум,220,258,0.6013,0.0,1.0,0.0,0.0,0.0,ocr,en,2004,,C:\Users\l.ilyintseva\Desktop\RAG-system\data\raw\Приложение 16 к Конвенции. Том 1 Авиационный шум.pdf
suspect,Приложение 16 к Конвенции. Том 1 Авиационный шум,221,258,0.5184,0.0,1.0,0.0,0.0,0.0,ocr,en,861,,C:\Users\l.ilyintseva\Desktop\RAG-system\data\raw\Приложение 16 к Конвенции. Том 1 Авиационный шум.pdf
suspect,Приложение 16 к Конвенции. Том 1 Авиационный шум,224,258,0.6003,0.0,1.0,0.0,0.0,0.0,ocr,en,2632,,C:\Users\l.ilyintseva\Desktop\RAG-system\data\raw\Приложение 16 к Конвенции. Том 1 Авиационный шум.pdf
suspect,Приложение 16 к Конвенции. Том 1 Авиационный шум,225,258,0.6003,0.0,1.0,0.0,0.0,0.0,ocr,en,2346,,C:\Users\l.ilyintseva\Desktop\RAG-system\data\raw\Приложение 16 к Конвенции. Том 1 Авиационный шум.pdf
suspect,Приложение 16 к Конвенции. Том 1 Авиационный шум,226,258,0.5903,0.0,1.0,0.0,0.0,0.0,ocr,en,3034,,C:\Users\l.ilyintseva\Desktop\RAG-system\data\raw\Приложение 16 к Конвенции. Том 1 Авиационный шум.pdf
suspect,Приложение 16 к Конвенции. Том 1 Авиационный шум,228,258,0.5002,0.0,1.0,0.0,0.0,0.0,ocr,en,581,,C:\Users\l.ilyintseva\Desktop\RAG-system\data\raw\Приложение 16 к Конвенции. Том 1 Авиационный шум.pdf
suspect,Приложение 16 к Конвенции. Том 1 Авиационный шум,229,258,0.5617,0.0,1.0,0.0,0.0,0.0,ocr,en,3271,,C:\Users\l.ilyintseva\Desktop\RAG-system\data\raw\Приложение 16 к Конвенции. Том 1 Авиационный шум.pdf
suspect,Приложение 16 к Конвенции. Том 1 Авиационный шум,230,258,0.5956,0.0,1.0,0.0,0.0,0.0,ocr,en,2804,,C:\Users\l.ilyintseva\Desktop\RAG-system\data\raw\Приложение 16 к Конвенции. Том 1 Авиационный шум.pdf
suspect,Приложение 16 к Конвенции. Том 1 Авиационный шум,231,258,0.6045,0.0,1.0,0.0,0.0,0.0,ocr,en,1935,,C:\Users\l.ilyintseva\Desktop\RAG-system\data\raw\Приложение 16 к Конвенции. Том 1 Авиационный шум.pdf
suspect,Приложение 16 к Конвенции. Том 1 Авиационный шум,239,258,0.6745,0.0,1.0,0.0,1.0,1.0,text_layer,en,2144,LAmax|LAmax,C:\Users\l.ilyintseva\Desktop\RAG-system\data\raw\Приложение 16 к Конвенции. Том 1 Авиационный шум.pdf
suspect,Приложение 16 к Конвенции. Том 1 Авиационный шум,244,258,0.6528,0.0,1.0,0.0,1.0,1.0,text_layer,en,3188,QK/QrKr,C:\Users\l.ilyintseva\Desktop\RAG-system\data\raw\Приложение 16 к Конвенции. Том 1 Авиационный шум.pdf
suspect,Приложение 16 к Конвенции. Том 1 Авиационный шум,245,258,0.5192,0.0,1.0,0.0,0.0,0.0,ocr,en,795,,C:\Users\l.ilyintseva\Desktop\RAG-system\data\raw\Приложение 16 к Конвенции. Том 1 Авиационный шум.pdf
suspect,Приложение 16 к Конвенции. Том 1 Авиационный шум,248,258,0.5876,0.0,1.0,0.0,0.0,0.0,ocr,en,2931,,C:\Users\l.ilyintseva\Desktop\RAG-system\data\raw\Приложение 16 к Конвенции. Том 1 Авиационный шум.pdf
suspect,Приложение 16 к Конвенции. Том 1 Авиационный шум,254,258,0.6351,0.0,1.0,0.0,0.0,0.0,ocr,en,1557,,C:\Users\l.ilyintseva\Desktop\RAG-system\data\raw\Приложение 16 к Конвенции. Том 1 Авиационный шум.pdf
suspect,Приложение 16 к Конвенции. Том 1 Авиационный шум,255,258,0.58,0.0,1.0,0.0,0.0,0.0,ocr,en,2762,,C:\Users\l.ilyintseva\Desktop\RAG-system\data\raw\Приложение 16 к Конвенции. Том 1 Авиационный шум.pdf
suspect,Приложение 16 к Конвенции. Том 1 Авиационный шум,183,258,0.7449,0.1053,0.8947368421052632,0.1053,0.8947,0.8947,text_layer,en,2897,PNLTMr|PNLTr|PNLTr|EPNLr|PNLTr|PNLTr|PNLTMr|PNLTr,C:\Users\l.ilyintseva\Desktop\RAG-system\data\raw\Приложение 16 к Конвенции. Том 1 Авиационный шум.pdf
suspect,US_Army_Materiel_Command_Engineering_Design_Handbook,551,572,0.9871,0.1739,0.8260869565217391,0.1739,0.8261,0.8261,text_layer,en,986,UNMImmWe|SqTsmpsvawL|tsmaip|disms-|Iwlaionsam|dolmr-|Cmakuom|Tempamaur,C:\Users\l.ilyintseva\Desktop\RAG-system\data\raw\US_Army_Materiel_Command_Engineering_Design_Handbook.pdf
suspect,KT-160G_14G условия эксплуатации и окружающей среды,134,438,0.8697,0.2,0.8,0.2,0.8,0.8,text_layer,mixed,364,относ11тельна|Prrcyrroк|JaoiiCIII|IOCTЬ|OТIIOCIITCЛЫIOЙ|ШIОПIОСПI|rJCDOГO|темnературы,C:\Users\l.ilyintseva\Desktop\RAG-system\data\raw\KT-160G_14G условия эксплуатации и окружающей среды.pdf
suspect,Приложение 16 к Конвенции. Том 1 Авиационный шум,179,258,0.729,0.2,0.8,0.2,0.8,0.8,text_layer,en,2537,PNLTMr|PNLTr|PNLTr|PNLTMr|PNLTr|MaxPeak|PNLTMr|PNLTr,C:\Users\l.ilyintseva\Desktop\RAG-system\data\raw\Приложение 16 к Конвенции. Том 1 Авиационный шум.pdf
suspect,Приложение 16 к Конвенции. Том 1 Авиационный шум,170,258,0.595,0.2033,0.7966666666666666,0.0,0.6667,0.6667,ocr,en,1144,AK1|K3O,C:\Users\l.ilyintseva\Desktop\RAG-system\data\raw\Приложение 16 к Конвенции. Том 1 Авиационный шум.pdf
suspect,Приложение 16 к Конвенции. Том 1 Авиационный шум,104,258,0.6638,0.305,0.6950000000000001,0.0,0.5,0.5,text_layer,en,1278,PNdB,C:\Users\l.ilyintseva\Desktop\RAG-system\data\raw\Приложение 16 к Конвенции. Том 1 Авиационный шум.pdf
suspect,Приложение 16 к Конвенции. Том 1 Авиационный шум,178,258,0.7443,0.3077,0.6923076923076923,0.3077,0.6923,0.6923,text_layer,en,2697,PNLTMr|EPNLr|QK/QrKr|QK/QrKr|PNLTr|PNLTr|PNLTMr|PNLTMr,C:\Users\l.ilyintseva\Desktop\RAG-system\data\raw\Приложение 16 к Конвенции. Том 1 Авиационный шум.pdf
suspect,KT-160G_14G условия эксплуатации и окружающей среды,230,438,0.9149,0.322,0.6779999999999999,0.2,0.6,0.6,text_layer,ru,176,жатель|об-разца|Подцон|рояльной|испытаm-пi|бушеиовекой,C:\Users\l.ilyintseva\Desktop\RAG-system\data\raw\KT-160G_14G условия эксплуатации и окружающей среды.pdf
suspect,РДК_молниезащита 89г,145,503,0.8265,0.3333,0.6666666666666667,0.3333,0.6667,0.6667,text_layer,en,96,faitenrte|frces|fastenerersivete|Penetra8,C:\Users\l.ilyintseva\Desktop\RAG-system\data\raw\РДК_молниезащита 89г.pdf
suspect,Приложение 16 к Конвенции. Том 1 Авиационный шум,177,258,0.7319,0.375,0.625,0.375,0.625,0.625,text_layer,en,2567,EPNLr|EPNLr|EPNLr|EPNLr|EPNLr,C:\Users\l.ilyintseva\Desktop\RAG-system\data\raw\Приложение 16 к Конвенции. Том 1 Авиационный шум.pdf
suspect,US_Army_Materiel_Command_Engineering_Design_Handbook,92,572,0.8135,0.4,0.6000000000000001,0.4,0.6,0.6,text_layer,en,40,czz|CA4|Ijr,C:\Users\l.ilyintseva\Desktop\RAG-system\data\raw\US_Army_Materiel_Command_Engineering_Design_Handbook.pdf
suspect,KT-160G_14G условия эксплуатации и окружающей среды,242,438,0.8855,0.4131,0.586875,0.375,0.5625,0.5625,text_layer,ru,292,Продлаr|IIIЧO|IIIJДID|Дtржатепь|перемещеНWI|roptJD|IIrопьчатый|реrуJDJровочный,C:\Users\l.ilyintseva\Desktop\RAG-system\data\raw\KT-160G_14G условия эксплуатации и окружающей среды.pdf
suspect,KT-160G_14G условия эксплуатации и окружающей среды,232,438,0.8671,0.4315,0.5684615384615385,0.3846,0.5385,0.5385,text_layer,mixed,569,CIIpi|OOKOBaJI|CНJIT|tнnoзoeJ|tиnовое|ажатмь|бунзеновской,C:\Users\l.ilyintseva\Desktop\RAG-system\data\raw\KT-160G_14G условия эксплуатации и окружающей среды.pdf
suspect,Приложение 16 к Конвенции. Том 1 Авиационный шум,130,258,0.7185,0.46,0.54,0.0,1.0,0.0,text_layer,en,2900,NS/NSr,C:\Users\l.ilyintseva\Desktop\RAG-system\data\raw\Приложение 16 к Конвенции. Том 1 Авиационный шум.pdf
suspect,KT-160G_14G условия эксплуатации и окружающей среды,110,438,0.8998,0.5,0.5,0.5,0.5,0.5,text_layer,ru,173,uнлнндрнческая|Р11сунок|Деташrровочный|форсу11к11,C:\Users\l.ilyintseva\Desktop\RAG-system\data\raw\KT-160G_14G условия эксплуатации и окружающей среды.pdf
suspect,KT-160G_14G условия эксплуатации и окружающей среды,252,438,0.9044,0.5,0.5,0.5,0.5,0.5,text_layer,ru,165,КатеrОQИЯ|обоQу|цования,C:\Users\l.ilyintseva\Desktop\RAG-system\data\raw\KT-160G_14G условия эксплуатации и окружающей среды.pdf
suspect,Приложение 16 к Конвенции. Том 1 Авиационный шум,21,258,0.689,0.5,0.5,0.5,0.5,0.5,text_layer,en,2676,OPSP/WG/WHL/12,C:\Users\l.ilyintseva\Desktop\RAG-system\data\raw\Приложение 16 к Конвенции. Том 1 Авиационный шум.pdf
suspect,Приложение 16 к Конвенции. Том 1 Авиационный шум,22,258,0.6039,0.5,0.5,0.5,0.5,0.5,ocr,en,1671,CAEP/9,C:\Users\l.ilyintseva\Desktop\RAG-system\data\raw\Приложение 16 к Конвенции. Том 1 Авиационный шум.pdf
suspect,KT-160G_14G условия эксплуатации и окружающей среды,65,438,0.8811,0.5143,0.4856521739130435,0.4348,0.4348,0.4348,text_layer,ru,556,Typicвl|Outpul|TenrnnвЬon|Voltвgeln|Voltege|Freauencv|Рrrсунок|характерrrст1rка,C:\Users\l.ilyintseva\Desktop\RAG-system\data\raw\KT-160G_14G условия эксплуатации и окружающей среды.pdf
suspect,US_Army_Materiel_Command_Engineering_Design_Handbook,82,572,0.8229,0.522,0.478,0.4,0.4,0.4,text_layer,en,58,Subme|Iuatallatioe,C:\Users\l.ilyintseva\Desktop\RAG-system\data\raw\US_Army_Materiel_Command_Engineering_Design_Handbook.pdf
suspect,KT-160G_14G условия эксплуатации и окружающей среды,377,438,0.8795,0.5367,0.46333333333333326,0.3333,0.3333,0.3333,text_layer,ru,269,icroseconds|икрасекунды,C:\Users\l.ilyintseva\Desktop\RAG-system\data\raw\KT-160G_14G условия эксплуатации и окружающей среды.pdf
suspect,Приложение 16 к Конвенции. Том 1 Авиационный шум,171,258,0.6658,0.5367,0.46333333333333326,0.3333,0.3333,0.3333,text_layer,en,1734,NK1,C:\Users\l.ilyintseva\Desktop\RAG-system\data\raw\Приложение 16 к Конвенции. Том 1 Авиационный шум.pdf
suspect,Приложение 16 к Конвенции. Том 1 Авиационный шум,71,258,0.6836,0.5471,0.45285714285714296,0.2857,0.2857,0.2857,text_layer,en,2979,VNE|VNE,C:\Users\l.ilyintseva\Desktop\RAG-system\data\raw\Приложение 16 к Конвенции. Том 1 Авиационный шум.pdf
suspect,KT-160G_14G условия эксплуатации и окружающей среды,236,438,0.8747,0.5508,0.4491666666666667,0.5,0.4167,0.4167,text_layer,mixed,554,fKTOp|бмъlt|mtlll|llrrwnt|бунзеновской,C:\Users\l.ilyintseva\Desktop\RAG-system\data\raw\KT-160G_14G условия эксплуатации и окружающей среды.pdf
suspect,Приложение 16 к Конвенции. Том 1 Авиационный шум,59,258,0.6891,0.566,0.43400000000000005,0.2,0.2,0.2,text_layer,en,2869,VNE|VNE,C:\Users\l.ilyintseva\Desktop\RAG-system\data\raw\Приложение 16 к Конвенции. Том 1 Авиационный шум.pdf
suspect,РДК_молниезащита 77г,547,564,0.9007,0.5714,0.4285714285714286,0.5714,0.4286,0.4286,text_layer,en,165,Groundimg|Tcrnpcratun|Elongallon,C:\Users\l.ilyintseva\Desktop\RAG-system\data\raw\РДК_молниезащита 77г.pdf
suspect,KT-160G_14G условия эксплуатации и окружающей среды,246,438,0.8943,0.58,0.41999999999999993,0.4444,0.3333,0.3333,text_layer,ru,159,nоrто|АННЬDI|mnotJOI,C:\Users\l.ilyintseva\Desktop\RAG-system\data\raw\KT-160G_14G условия эксплуатации и окружающей среды.pdf
suspect,KT-160G_14G условия эксплуатации и окружающей среды,234,438,0.8897,0.5833,0.41666666666666663,0.5833,0.4167,0.4167,text_layer,ru,309,Уiпцева|tторона|IDiтeш|JЬщевая|расположенноr,C:\Users\l.ilyintseva\Desktop\RAG-system\data\raw\KT-160G_14G условия эксплуатации и окружающей среды.pdf
suspect,KT-160G_14G условия эксплуатации и окружающей среды,241,438,0.9091,0.5854,0.4146153846153846,0.5385,0.3846,0.3846,text_layer,ru,212,ПШилв|ФIDЮЩПИ|оораща|OtROВaиd|бунзеновской,C:\Users\l.ilyintseva\Desktop\RAG-system\data\raw\KT-160G_14G условия эксплуатации и окружающей среды.pdf
suspect,Приложение 16 к Конвенции. Том 1 Авиационный шум,173,258,0.6888,0.6,0.4,0.6,0.4,0.4,text_layer,en,1727,K2W|K3H,C:\Users\l.ilyintseva\Desktop\RAG-system\data\raw\Приложение 16 к Конвенции. Том 1 Авиационный шум.pdf
suspect,KT-160G_14G условия эксплуатации и окружающей среды,238,438,0.9158,0.6009,0.39909090909090905,0.5455,0.3636,0.3636,text_layer,ru,284,Рзэмер|верхн|держатем|lбSмм|достаточиь1е|установ10|расстаянии|бунзеновской,C:\Users\l.ilyintseva\Desktop\RAG-system\data\raw\KT-160G_14G условия эксплуатации и окружающей среды.pdf
suspect,РДК_молниезащита 89г,430,503,0.8884,0.6017,0.3983333333333333,0.5,0.3333,0.3333,text_layer,en,168,ee9|lqq|A4aq|NNr4r,C:\Users\l.ilyintseva\Desktop\RAG-system\data\raw\РДК_молниезащита 89г.pdf
suspect,KT-160G_14G условия эксплуатации и окружающей среды,240,438,0.8879,0.6029,0.39714285714285724,0.4286,0.2857,0.2857,text_layer,ru,178,онтрольньп|Держате,C:\Users\l.ilyintseva\Desktop\RAG-system\data\raw\KT-160G_14G условия эксплуатации и окружающей среды.pdf
suspect,KT-160G_14G условия эксплуатации и окружающей среды,381,438,0.8822,0.6055,0.39454545454545464,0.2727,0.1818,0.1818,text_layer,ru,389,microвeconds|microвecondв,C:\Users\l.ilyintseva\Desktop\RAG-system\data\raw\KT-160G_14G условия эксплуатации и окружающей среды.pdf
suspect,KT-160G_14G условия эксплуатации и окружающей среды,206,438,0.899,0.6087,0.3912500000000001,0.5833,0.375,0.375,text_layer,ru,645,IISVПDI|DOVПDI|EquipmmL|небалане|трёхфазная|Небалане|небалане|трёхфазных,C:\Users\l.ilyintseva\Desktop\RAG-system\data\raw\KT-160G_14G условия эксплуатации и окружающей среды.pdf
suspect,Приложение 16 к Конвенции. Том 1 Авиационный шум,24,258,0.5526,0.61,0.39,0.0,0.0,0.0,ocr,en,3522,,C:\Users\l.ilyintseva\Desktop\RAG-system\data\raw\Приложение 16 к Конвенции. Том 1 Авиационный шум.pdf
suspect,Приложение 16 к Конвенции. Том 1 Авиационный шум,101,258,0.6655,0.61,0.39,0.0,0.0,0.0,text_layer,en,1973,,C:\Users\l.ilyintseva\Desktop\RAG-system\data\raw\Приложение 16 к Конвенции. Том 1 Авиационный шум.pdf
suspect,Приложение 16 к Конвенции. Том 1 Авиационный шум,102,258,0.8652,0.61,0.39,0.0,0.0,0.0,text_layer,en,8788,,C:\Users\l.ilyintseva\Desktop\RAG-system\data\raw\Приложение 16 к Конвенции. Том 1 Авиационный шум.pdf
suspect,Приложение 16 к Конвенции. Том 1 Авиационный шум,103,258,0.8648,0.61,0.39,0.0,0.0,0.0,text_layer,en,9136,,C:\Users\l.ilyintseva\Desktop\RAG-system\data\raw\Приложение 16 к Конвенции. Том 1 Авиационный шум.pdf
suspect,Приложение 16 к Конвенции. Том 1 Авиационный шум,106,258,0.8939,0.61,0.39,0.0,0.0,0.0,text_layer,en,1807,,C:\Users\l.ilyintseva\Desktop\RAG-system\data\raw\Приложение 16 к Конвенции. Том 1 Авиационный шум.pdf
suspect,Приложение 16 к Конвенции. Том 1 Авиационный шум,155,258,0.7596,0.61,0.39,0.0,0.0,0.0,text_layer,en,1950,,C:\Users\l.ilyintseva\Desktop\RAG-system\data\raw\Приложение 16 к Конвенции. Том 1 Авиационный шум.pdf
suspect,Приложение 16 к Конвенции. Том 1 Авиационный шум,161,258,0.8894,0.61,0.39,0.0,0.0,0.0,text_layer,en,1805,,C:\Users\l.ilyintseva\Desktop\RAG-system\data\raw\Приложение 16 к Конвенции. Том 1 Авиационный шум.pdf
suspect,Приложение 16 к Конвенции. Том 1 Авиационный шум,194,258,0.5618,0.61,0.39,0.0,0.0,0.0,ocr,en,3592,,C:\Users\l.ilyintseva\Desktop\RAG-system\data\raw\Приложение 16 к Конвенции. Том 1 Авиационный шум.pdf
suspect,Приложение 16 к Конвенции. Том 1 Авиационный шум,195,258,0.5545,0.61,0.39,0.0,0.0,0.0,ocr,en,4281,,C:\Users\l.ilyintseva\Desktop\RAG-system\data\raw\Приложение 16 к Конвенции. Том 1 Авиационный шум.pdf
suspect,Приложение 16 к Конвенции. Том 1 Авиационный шум,204,258,0.5682,0.61,0.39,0.0,0.0,0.0,ocr,en,3312,,C:\Users\l.ilyintseva\Desktop\RAG-system\data\raw\Приложение 16 к Конвенции. Том 1 Авиационный шум.pdf
suspect,Приложение 16 к Конвенции. Том 1 Авиационный шум,236,258,0.595,0.61,0.39,0.0,0.0,0.0,ocr,en,1208,,C:\Users\l.ilyintseva\Desktop\RAG-system\data\raw\Приложение 16 к Конвенции. Том 1 Авиационный шум.pdf
suspect,Приложение 16 к Конвенции. Том 1 Авиационный шум,240,258,0.6534,0.61,0.39,0.0,0.0,0.0,text_layer,en,3222,,C:\Users\l.ilyintseva\Desktop\RAG-system\data\raw\Приложение 16 к Конвенции. Том 1 Авиационный шум.pdf
suspect,Приложение 16 к Конвенции. Том 1 Авиационный шум,241,258,0.6883,0.61,0.39,0.0,0.0,0.0,text_layer,en,2483,,C:\Users\l.ilyintseva\Desktop\RAG-system\data\raw\Приложение 16 к Конвенции. Том 1 Авиационный шум.pdf
suspect,Приложение 16 к Конвенции. Том 1 Авиационный шум,242,258,0.5866,0.61,0.39,0.0,0.0,0.0,ocr,en,3069,,C:\Users\l.ilyintseva\Desktop\RAG-system\data\raw\Приложение 16 к Конвенции. Том 1 Авиационный шум.pdf
suspect,Приложение 16 к Конвенции. Том 1 Авиационный шум,249,258,0.6513,0.61,0.39,0.0,0.0,0.0,text_layer,en,3195,,C:\Users\l.ilyintseva\Desktop\RAG-system\data\raw\Приложение 16 к Конвенции. Том 1 Авиационный шум.pdf
suspect,Приложение 16 к Конвенции. Том 1 Авиационный шум,250,258,0.5979,0.61,0.39,0.0,0.0,0.0,ocr,en,2826,,C:\Users\l.ilyintseva\Desktop\RAG-system\data\raw\Приложение 16 к Конвенции. Том 1 Авиационный шум.pdf
suspect,Приложение 16 к Конвенции. Том 1 Авиационный шум,251,258,0.5945,0.61,0.39,0.0,0.0,0.0,ocr,en,2340,,C:\Users\l.ilyintseva\Desktop\RAG-system\data\raw\Приложение 16 к Конвенции. Том 1 Авиационный шум.pdf
suspect,Приложение 16 к Конвенции. Том 1 Авиационный шум,253,258,0.5835,0.61,0.39,0.0,0.0,0.0,ocr,en,1508,,C:\Users\l.ilyintseva\Desktop\RAG-system\data\raw\Приложение 16 к Конвенции. Том 1 Авиационный шум.pdf
suspect,Приложение 16 к Конвенции. Том 1 Авиационный шум,256,258,0.5086,0.61,0.39,0.0,0.0,0.0,ocr,en,631,,C:\Users\l.ilyintseva\Desktop\RAG-system\data\raw\Приложение 16 к Конвенции. Том 1 Авиационный шум.pdf
suspect,РДК_молниезащита 77г,546,564,0.8475,0.6233,0.3766666666666667,0.5556,0.3333,0.3333,text_layer,en,148,Qoundiq|Ternpcrat|numcr,C:\Users\l.ilyintseva\Desktop\RAG-system\data\raw\РДК_молниезащита 77г.pdf
suspect,US_Army_Materiel_Command_Engineering_Design_Handbook,321,572,0.8394,0.625,0.375,0.625,0.375,0.375,text_layer,en,101,Biast-aemled|Guemmfor|Solemold-opersted,C:\Users\l.ilyintseva\Desktop\RAG-system\data\raw\US_Army_Materiel_Command_Engineering_Design_Handbook.pdf
suspect,KT-160G_14G условия эксплуатации и окружающей среды,88,438,0.8798,0.6342,0.36578947368421055,0.4737,0.2632,0.2632,text_layer,ru,409,нooнootoo|Hotooooo|Чtcroтt|синусоидальную|турбовинтовыми,C:\Users\l.ilyintseva\Desktop\RAG-system\data\raw\KT-160G_14G условия эксплуатации и окружающей среды.pdf
suspect,РДК_молниезащита 77г,407,564,0.8873,0.6352,0.36478260869565227,0.6087,0.3478,0.3478,text_layer,en,376,outwde|ameter|Plckr|Anglea|degrees1|Gvnage|hAlaInH/ml|tance,C:\Users\l.ilyintseva\Desktop\RAG-system\data\raw\РДК_молниезащита 77г.pdf
suspect,РДК_молниезащита 77г,408,564,0.8719,0.6364,0.36363636363636365,0.6364,0.3636,0.3636,text_layer,en,381,Outslds|Leakagt|ameter|Anglep|VVelght|lnduffance|degrees1|ylZlnH/ml,C:\Users\l.ilyintseva\Desktop\RAG-system\data\raw\РДК_молниезащита 77г.pdf
suspect,KT-160G_14G условия эксплуатации и окружающей среды,245,438,0.8199,0.6383,0.3616666666666667,0.3333,0.1667,0.1667,text_layer,ru,121,Гlllll,C:\Users\l.ilyintseva\Desktop\RAG-system\data\raw\KT-160G_14G условия эксплуатации и окружающей среды.pdf
suspect,KT-160G_14G условия эксплуатации и окружающей среды,382,438,0.8797,0.6383,0.3616666666666667,0.3333,0.1667,0.1667,text_layer,ru,217,roseconds,C:\Users\l.ilyintseva\Desktop\RAG-system\data\raw\KT-160G_14G условия эксплуатации и окружающей среды.pdf
suspect,KT-160G_14G условия эксплуатации и окружающей среды,87,438,0.9106,0.6432,0.35684210526315796,0.5789,0.3158,0.3158,text_layer,ru,630,синусоидальную|фиксиро|ванным|крыломе|турбовентиляторнымв|ввитовентиляторными,C:\Users\l.ilyintseva\Desktop\RAG-system\data\raw\KT-160G_14G условия эксплуатации и окружающей среды.pdf
suspect,РДК_молниезащита 89г,433,503,0.8182,0.6525,0.3474999999999999,0.5,0.25,0.25,text_layer,en,79,iIIR,C:\Users\l.ilyintseva\Desktop\RAG-system\data\raw\РДК_молниезащита 89г.pdf
suspect,Приложение 16 к Конвенции. Том 1 Авиационный шум,119,258,0.9179,0.6533,0.3466666666666667,0.1111,0.0,0.0,text_layer,en,1163,,C:\Users\l.ilyintseva\Desktop\RAG-system\data\raw\Приложение 16 к Конвенции. Том 1 Авиационный шум.pdf
suspect,Приложение 16 к Конвенции. Том 1 Авиационный шум,76,258,0.664,0.6588,0.34124999999999994,0.125,0.0,0.0,text_layer,en,3269,,C:\Users\l.ilyintseva\Desktop\RAG-system\data\raw\Приложение 16 к Конвенции. Том 1 Авиационный шум.pdf
suspect,KT-160G_14G условия эксплуатации и окружающей среды,433,438,0.9124,0.6667,0.33333333333333337,0.6667,0.3333,0.3333,text_layer,ru,275,КВАЛИФИКАЦИОННЫЕТРЕБОВАНИЯ|УСЛОВИЯЭКСПЛУАТАЦИИ|БОРТОВОГОАВИАЦИОННОГООБОРУДОВАНИЯ|Приложеине|НИИАО,C:\Users\l.ilyintseva\Desktop\RAG-system\data\raw\KT-160G_14G условия эксплуатации и окружающей среды.pdf
suspect,Приложение 16 к Конвенции. Том 1 Авиационный шум,107,258,0.7585,0.6667,0.33333333333333337,0.6667,0.3333,0.3333,text_layer,en,1590,antilog,C:\Users\l.ilyintseva\Desktop\RAG-system\data\raw\Приложение 16 к Конвенции. Том 1 Авиационный шум.pdf
suspect,РДК_молниезащита 77г,364,564,0.8152,0.6667,0.33333333333333337,0.6667,0.3333,0.3333,text_layer,en,81,waveshape|waveshape,C:\Users\l.ilyintseva\Desktop\RAG-system\data\raw\РДК_молниезащита 77г.pdf
suspect,Приложение 16 к Конвенции. Том 1 Авиационный шум,85,258,0.7236,0.67,0.32999999999999996,0.1538,0.0,0.0,text_layer,en,2403,,C:\Users\l.ilyintseva\Desktop\RAG-system\data\raw\Приложение 16 к Конвенции. Том 1 Авиационный шум.pdf
suspect,Приложение 16 к Конвенции. Том 1 Авиационный шум,57,258,0.7103,0.688,0.31199999999999994,0.2,0.0,0.0,text_layer,en,2620,,C:\Users\l.ilyintseva\Desktop\RAG-system\data\raw\Приложение 16 к Конвенции. Том 1 Авиационный шум.pdf
suspect,Приложение 16 к Конвенции. Том 1 Авиационный шум,84,258,0.6906,0.688,0.31199999999999994,0.2,0.0,0.0,text_layer,en,2447,,C:\Users\l.ilyintseva\Desktop\RAG-system\data\raw\Приложение 16 к Конвенции. Том 1 Авиационный шум.pdf
suspect,KT-160G_14G условия эксплуатации и окружающей среды,421,438,0.8988,0.6978,0.3021739130434783,0.5652,0.2174,0.2174,text_layer,ru,321,SuflirillllftoJIL|йumвlges|ТestOЬject|ipneмьla|заземленный,C:\Users\l.ilyintseva\Desktop\RAG-system\data\raw\KT-160G_14G условия эксплуатации и окружающей среды.pdf
suspect,Приложение 16 к Конвенции. Том 1 Авиационный шум,243,258,0.6805,0.7,0.30000000000000004,0.7,0.3,0.3,text_layer,en,2968,VMO|VMO|VMO,C:\Users\l.ilyintseva\Desktop\RAG-system\data\raw\Приложение 16 к Конвенции. Том 1 Авиационный шум.pdf
suspect,РДК_молниезащита 77г,544,564,0.8994,0.7,0.30000000000000004,0.7,0.3,0.3,text_layer,en,154,Canductor|Temperatwe|ElorpiIan,C:\Users\l.ilyintseva\Desktop\RAG-system\data\raw\РДК_молниезащита 77г.pdf
suspect,KT-160G_14G условия эксплуатации и окружающей среды,90,438,0.9821,0.7013,0.29874999999999985,0.625,0.25,0.25,text_layer,ru,1124,спытательные|устанавливаемоrо|турбореактивными|турбовентиляторными|двиrа|телями,C:\Users\l.ilyintseva\Desktop\RAG-system\data\raw\KT-160G_14G условия эксплуатации и окружающей среды.pdf
suspect,РЦ AC 29-2C_2013г,71,1144,0.8629,0.7033,0.29666666666666663,0.5,0.1667,0.1667,text_layer,ru,117,РАСПОЛАГАЕМАЯ,C:\Users\l.ilyintseva\Desktop\RAG-system\data\raw\РЦ AC 29-2C_2013г.pdf
suspect,KT-160G_14G условия эксплуатации и окружающей среды,197,438,0.8959,0.7073,0.29266666666666674,0.6667,0.2667,0.2667,text_layer,ru,1000,Frequoncy|Oovtalion|нимальноеотклонение|переменноrо,C:\Users\l.ilyintseva\Desktop\RAG-system\data\raw\KT-160G_14G условия эксплуатации и окружающей среды.pdf
suspect,Приложение 16 к Конвенции. Том 1 Авиационный шум,70,258,0.684,0.7075,0.2925000000000001,0.25,0.0,0.0,text_layer,en,2839,,C:\Users\l.ilyintseva\Desktop\RAG-system\data\raw\Приложение 16 к Конвенции. Том 1 Авиационный шум.pdf
suspect,KT-160G_14G условия эксплуатации и окружающей среды,426,438,0.9143,0.7162,0.28375000000000006,0.6875,0.3125,0.25,text_layer,ru,277,КВАЛИФИКАЦИОННЫЕТРЕБОВАНИЯ|ЭЛЕКТРОСТАТИЧЕСКИЙРАЗРЯД|одготовлен|РГ-ВВФ|НИИАО,C:\Users\l.ilyintseva\Desktop\RAG-system\data\raw\KT-160G_14G условия эксплуатации и окружающей среды.pdf
suspect,РДК_молниезащита 89г,333,503,0.9071,0.7179,0.28214285714285714,0.5,0.1429,0.1429,text_layer,en,436,ndcroseconds|ndcroseconds,C:\Users\l.ilyintseva\Desktop\RAG-system\data\raw\РДК_молниезащита 89г.pdf
suspect,Руководство ОС полимерных композиционных материалов,81,85,0.98,0.722,0.2779999999999999,0.6,0.2,0.2,text_layer,ru,1138,непараметрического,C:\Users\l.ilyintseva\Desktop\RAG-system\data\raw\Руководство ОС полимерных композиционных материалов.pdf
suspect,Циркуляр 21.1_2006г,118,158,0.8657,0.722,0.2779999999999999,0.6,0.2,0.2,text_layer,ru,93,Авиарегистра,C:\Users\l.ilyintseva\Desktop\RAG-system\data\raw\Циркуляр 21.1_2006г.pdf
suspect,KT-160G_14G условия эксплуатации и окружающей среды,208,438,0.9094,0.7256,0.27437500000000004,0.6875,0.25,0.25,text_layer,ru,253,КВАЛИФИКАЦИОННЫffiТРЕБОВАНИЯ|Замс1111ет|шуска|НИИАО,C:\Users\l.ilyintseva\Desktop\RAG-system\data\raw\KT-160G_14G условия эксплуатации и окружающей среды.pdf
suspect,РДК_молниезащита 77г,406,564,0.8927,0.7305,0.2695000000000001,0.7,0.25,0.25,text_layer,en,359,ameter|Indunanca|Capacltancc|Csrrjerl|rnIZ/m,C:\Users\l.ilyintseva\Desktop\RAG-system\data\raw\РДК_молниезащита 77г.pdf
suspect,KT-160G_14G условия эксплуатации и окружающей среды,231,438,0.8734,0.7344,0.26555555555555554,0.6667,0.2222,0.2222,text_layer,ru,469,отаереn|буизеновской,C:\Users\l.ilyintseva\Desktop\RAG-system\data\raw\KT-160G_14G условия эксплуатации и окружающей среды.pdf
suspect,РЦ AC 29-2C_2013г,136,1144,0.8641,0.7344,0.26555555555555554,0.6667,0.2222,0.2222,text_layer,ru,146,ВИНТОКРЫЛОГО|ВЕРТОДРОМ,C:\Users\l.ilyintseva\Desktop\RAG-system\data\raw\РЦ AC 29-2C_2013г.pdf
suspect,KT-160G_14G условия эксплуатации и окружающей среды,86,438,0.9734,0.7358,0.26416666666666666,0.5833,0.1667,0.1667,text_layer,ru,1375,lrtii|оборудова|турбореактивными|турбовентиляторными,C:\Users\l.ilyintseva\Desktop\RAG-system\data\raw\KT-160G_14G условия эксплуатации и окружающей среды.pdf
suspect,Приложение 16 к Конвенции. Том 1 Авиационный шум,42,258,0.694,0.74,0.26,0.3333,0.0,0.0,text_layer,en,2342,,C:\Users\l.ilyintseva\Desktop\RAG-system\data\raw\Приложение 16 к Конвенции. Том 1 Авиационный шум.pdf
suspect,Приложение 16 к Конвенции. Том 1 Авиационный шум,58,258,0.6413,0.74,0.26,0.3333,0.0,0.0,ocr,en,3203,,C:\Users\l.ilyintseva\Desktop\RAG-system\data\raw\Приложение 16 к Конвенции. Том 1 Авиационный шум.pdf
suspect,Приложение 16 к Конвенции. Том 1 Авиационный шум,77,258,0.7105,0.74,0.26,0.3333,0.0,0.0,text_layer,en,2151,,C:\Users\l.ilyintseva\Desktop\RAG-system\data\raw\Приложение 16 к Конвенции. Том 1 Авиационный шум.pdf
suspect,Приложение 16 к Конвенции. Том 1 Авиационный шум,118,258,0.6747,0.74,0.26,0.3333,0.0,0.0,text_layer,en,450,,C:\Users\l.ilyintseva\Desktop\RAG-system\data\raw\Приложение 16 к Конвенции. Том 1 Авиационный шум.pdf
suspect,Приложение 16 к Конвенции. Том 1 Авиационный шум,162,258,0.7149,0.74,0.26,0.3333,0.0,0.0,text_layer,en,1198,,C:\Users\l.ilyintseva\Desktop\RAG-system\data\raw\Приложение 16 к Конвенции. Том 1 Авиационный шум.pdf
suspect,KT-160G_14G условия эксплуатации и окружающей среды,244,438,0.9138,0.744,0.256,0.5,0.1,0.1,text_layer,ru,157,показава,C:\Users\l.ilyintseva\Desktop\RAG-system\data\raw\KT-160G_14G условия эксплуатации и окружающей среды.pdf
suspect,РЦ AC 29-2C_2013г,80,1144,0.8613,0.7457,0.2542857142857142,0.5714,0.1429,0.1429,text_layer,ru,127,ВИНТОКРЫЛОГО,C:\Users\l.ilyintseva\Desktop\RAG-system\data\raw\РЦ AC 29-2C_2013г.pdf
suspect,РЦ AC 29-2C_2013г,82,1144,0.8614,0.7457,0.2542857142857142,0.5714,0.1429,0.1429,text_layer,ru,128,ВИНТОКРЫЛОГО,C:\Users\l.ilyintseva\Desktop\RAG-system\data\raw\РЦ AC 29-2C_2013г.pdf
suspect,Циркуляр 21.1_2006г,72,158,0.8648,0.7457,0.2542857142857142,0.5714,0.1429,0.1429,text_layer,ru,101,Авиарегистра,C:\Users\l.ilyintseva\Desktop\RAG-system\data\raw\Циркуляр 21.1_2006г.pdf
suspect,РЦ AC 29-2C_2013г,550,1144,0.9178,0.7473,0.2527272727272728,0.6364,0.1818,0.1818,text_layer,ru,181,ДЕФОРМИРУЮЩИЕСЯ|РАЗРУШАЮЩАЯСЯ,C:\Users\l.ilyintseva\Desktop\RAG-system\data\raw\РЦ AC 29-2C_2013г.pdf
